book_id,user_id,rating
17,106,2
27,128,5
9,171,2
22,165,5
26,140,2
15,6,4
16,151,4
4,189,4
7,119,1
30,124,1
10,13,1
31,235,4
32,39,4
34,126,3
17,79,5
13,210,2
2,103,1
4,222,2
27,26,4
21,186,4
25,4,3
24,173,2
16,129,2
19,20,5
9,128,3
33,218,4
18,102,2
13,185,2
20,245,1
1,160,2
19,17,1
19,197,2
24,151,2
3,169,3
1,23,3
2,229,1
15,190,3
3,136,5
4,138,2
6,203,5
23,39,1
15,191,3
23,245,4
22,205,4
2,138,3
1,142,5
30,45,3
1,196,3
15,233,5
21,115,5
31,135,2
28,182,4
15,208,5
4,200,4
10,123,3
29,228,5
12,106,3
27,165,3
32,108,3
1,228,3
20,234,5
14,164,2
28,37,3
9,43,2
8,216,1
1,206,4
7,130,5
21,101,4
29,109,5
17,90,1
18,106,1
8,168,5
33,139,2
30,108,5
11,237,3
4,179,2
28,89,5
20,194,3
28,207,4
8,44,5
33,11,3
13,187,5
5,14,3
8,8,1
13,178,3
20,97,3
10,210,4
22,109,1
24,137,3
22,236,3
10,165,4
25,8,3
9,5,3
11,163,2
29,41,2
10,242,3
6,97,3
9,235,1
4,182,5
17,24,5
10,150,1
29,166,2
26,35,2
4,155,3
31,52,3
19,225,4
33,38,3
33,237,5
2,219,3
12,219,4
27,52,2
1,66,4
25,181,1
7,182,4
28,133,4
20,160,5
30,109,1
18,56,3
12,142,2
25,130,5
27,11,2
32,34,2
18,106,2
16,76,3
26,92,1
9,37,3
6,15,1
30,111,5
2,161,1
29,95,2
19,111,2
4,10,3
16,104,5
7,77,1
32,185,5
5,231,2
10,66,4
33,52,3
30,6,5
15,50,1
19,77,1
12,141,1
1,36,3
34,204,5
11,11,5
24,51,2
23,59,5
27,138,4
4,185,2
3,42,2
28,133,3
2,4,2
25,116,3
4,38,2
30,27,1
32,149,3
27,166,2
30,26,5
4,128,5
28,84,1
34,194,3
13,224,5
19,242,5
10,234,2
1,29,5
6,198,4
2,244,2
21,149,2
32,12,2
27,174,3
14,154,4
13,157,2
11,68,1
33,223,2
25,219,2
6,155,2
20,218,2
28,153,4
27,101,2
25,71,1
9,141,2
5,124,5
22,94,2
26,191,2
24,147,4
10,141,5
16,57,4
32,88,1
33,228,3
5,41,1
1,214,4
19,112,5
25,22,2
26,17,2
23,3,5
25,146,4
11,171,3
4,127,4
19,109,5
8,232,4
3,208,3
28,236,3
17,19,2
22,174,1
6,89,2
18,199,5
3,63,1
6,45,3
22,220,3
33,164,4
5,126,3
20,187,3
25,232,5
26,206,4
22,90,2
1,95,5
6,207,2
33,47,3
9,10,3
28,131,5
16,41,3
33,154,5
34,233,3
6,88,5
20,29,2
34,177,1
6,211,3
31,244,1
30,134,5
26,174,5
24,146,2
27,101,3
32,136,5
32,97,3
13,195,4
33,28,4
27,72,3
24,220,1
5,22,2
4,30,4
31,20,2
18,228,3
29,213,3
18,75,4
18,242,2
9,7,3
23,105,2
8,183,5
16,142,3
21,155,1
10,59,5
11,50,5
12,132,1
6,167,5
25,129,4
22,70,3
5,17,3
13,97,5
21,16,5
15,215,4
21,226,1
34,197,5
5,62,3
19,125,2
16,175,5
2,136,4
14,191,4
3,38,5
8,170,2
7,191,1
6,201,2
16,211,5
33,29,2
24,7,3
19,15,4
31,103,3
2,188,2
12,156,4
26,233,3
5,9,5
20,26,1
15,67,2
14,178,4
14,248,3
29,98,3
6,179,1
27,15,5
33,107,1
5,65,3
11,63,1
1,212,2
20,84,4
12,50,5
1,143,4
33,227,3
28,132,1
6,60,3
19,77,2
28,47,1
19,221,3
10,142,5
6,189,1
29,51,3
12,46,2
5,26,2
3,83,2
6,83,1
22,94,2
17,22,3
9,185,4
11,112,4
17,45,5
27,104,4
20,233,3
15,36,2
21,211,4
27,218,1
20,163,5
6,156,4
5,185,5
28,6,1
10,104,3
5,201,3
33,83,2
19,245,4
6,23,5
2,43,3
25,164,5
24,140,4
5,195,5
2,54,5
33,145,2
1,149,3
33,106,3
12,96,2
27,43,2
27,224,2
21,128,2
34,4,3
11,209,5
23,213,2
34,242,5
21,82,2
33,218,5
32,107,3
25,153,3
27,172,3
3,45,5
8,8,5
31,118,5
18,94,1
29,67,4
3,8,4
17,203,3
29,194,3
27,233,2
6,39,5
14,169,5
15,46,5
5,171,5
10,114,4
27,7,4
31,148,5
21,29,5
5,163,3
20,156,3
18,1,3
3,82,3
29,170,4
4,228,3
7,184,2
18,179,1
25,171,4
25,73,4
23,241,3
26,219,5
15,214,4
2,232,1
27,239,3
6,178,3
34,23,2
15,92,3
11,16,3
20,51,1
32,140,1
31,40,4
11,25,1
5,137,5
16,226,3
5,31,3
21,2,5
7,203,1
4,85,2
1,188,4
17,218,1
17,165,2
24,111,5
7,73,4
17,91,5
4,179,2
16,175,1
21,53,2
18,33,5
29,48,2
21,181,3
18,171,1
34,112,3
22,92,2
25,208,2
5,73,5
20,183,5
21,164,5
2,4,3
7,208,2
13,170,3
29,90,5
18,184,5
3,183,2
15,249,3
2,182,1
28,237,2
21,189,1
17,24,2
15,96,3
31,1,4
21,205,2
10,247,1
3,197,2
7,131,5
14,178,5
8,239,4
24,76,3
3,103,5
19,80,3
3,10,4
31,154,2
24,248,4
26,204,1
19,112,1
29,130,5
16,174,5
31,144,5
27,58,3
5,183,2
4,19,4
7,31,3
28,24,4
26,46,4
1,70,1
29,182,2
33,199,5
8,177,3
33,181,5
25,214,5
17,92,1
5,225,2
24,207,3
9,225,3
11,87,3
11,246,2
16,25,3
30,76,4
26,249,3
23,72,4
21,89,5
34,41,4
34,1,1
28,17,3
17,214,5
10,162,3
25,198,1
23,40,3
13,198,4
1,107,5
19,50,2
27,242,4
33,126,3
19,223,2
30,66,5
16,155,5
11,78,2
14,9,2
8,154,3
11,197,4
4,193,1
17,116,1
21,135,4
12,223,1
12,104,4
8,137,1
14,148,2
7,189,2
21,16,3
23,172,1
5,231,4
32,24,4
23,42,2
29,35,4
28,15,3
7,239,3
30,7,2
2,5,1
27,49,3
19,249,2
27,59,1
10,160,1
29,46,5
10,202,4
15,76,3
31,210,5
10,166,4
17,1,2
11,117,1
15,157,5
11,203,4
26,90,3
7,237,1
34,119,3
1,190,3
14,244,4
19,161,2
4,59,1
1,236,4
2,226,3
16,37,5
20,122,3
30,229,1
9,163,4
25,52,4
16,10,3
4,87,2
13,122,2
17,5,5
15,82,4
16,124,1
12,8,2
9,197,5
21,81,2
29,45,2
21,63,5
22,98,4
9,189,2
31,68,2
17,192,3
33,90,4
1,184,5
27,77,4
16,203,1
5,55,3
4,244,1
11,172,2
14,116,4
8,158,2
2,16,5
22,145,1
11,154,3
32,101,1
21,72,1
32,77,1
5,134,1
29,35,2
23,53,2
15,203,3
11,223,5
24,207,1
12,116,2
23,154,1
17,197,4
19,155,2
16,218,2
19,249,3
12,42,5
20,157,3
13,51,3
34,188,3
32,176,1
13,32,5
14,121,4
33,135,3
8,41,1
2,209,2
14,232,1
21,94,5
14,24,3
30,74,1
13,145,5
34,70,1
34,248,1
8,239,5
5,155,5
32,215,3
7,15,5
19,190,4
19,187,1
15,137,1
14,168,2
18,108,3
21,85,5
32,13,3
28,56,5
16,31,5
34,164,2
1,41,5
8,7,1
27,90,1
26,153,5
23,1,3
24,231,5
11,132,2
25,243,1
6,153,1
7,81,5
20,201,3
15,95,5
20,50,5
30,92,3
27,135,5
28,81,5
16,177,1
11,161,5
34,107,4
27,75,3
30,172,4
27,202,4
10,89,1
34,12,5
8,47,2
9,68,5
30,157,1
31,161,4
11,125,1
27,31,3
14,47,3
15,124,5
12,6,2
34,211,1
7,124,2
27,191,3
16,169,1
11,3,5
11,111,1
30,112,5
16,228,1
21,31,1
20,35,2
20,204,4
8,221,3
31,72,2
15,35,3
1,182,4
34,131,5
10,136,1
31,116,3
20,143,1
17,97,3
32,65,4
32,152,5
14,26,5
10,82,1
5,136,2
15,96,2
5,231,3
29,10,4
34,223,3
23,84,1
20,114,2
15,45,1
8,42,5
18,99,3
32,232,3
15,18,3
12,41,1
8,166,5
18,157,2
23,249,5
29,136,2
1,51,4
26,26,1
8,63,4
28,240,1
15,84,2
20,43,3
23,49,2
20,194,5
26,109,1
6,238,1
14,214,5
27,96,1
20,62,4
31,90,2
3,32,4
28,144,1
6,209,2
4,121,3
7,192,3
34,71,5
21,217,4
33,201,2
9,57,5
16,196,3
5,194,2
31,39,2
30,136,1
34,82,2
29,160,2
25,155,5
18,52,2
26,82,4
17,96,3
11,161,1
2,19,1
19,179,1
32,139,2
25,139,1
17,121,5
17,78,4
19,116,5
2,72,3
19,74,3
3,225,2
7,195,1
14,169,5
17,166,3
23,13,3
18,152,5
14,234,2
23,67,3
2,230,5
25,10,3
3,168,3
21,116,5
18,26,3
23,64,4
24,93,5
12,123,2
15,217,2
6,71,3
3,52,1
8,131,3
29,76,4
6,65,5
25,43,2
7,246,4
31,35,1
25,195,5
10,143,4
10,93,1
27,39,3
1,82,1
14,77,3
28,134,4
4,112,4
17,157,1
18,234,5
34,218,3
15,16,3
30,213,1
28,216,3
16,186,1
25,186,3
24,232,5
4,96,5
22,214,5
30,127,5
4,142,2
3,148,4
9,136,1
18,246,1
11,196,1
20,20,4
3,71,3
23,51,3
7,184,3
29,222,1
5,1,5
30,92,2
30,102,5
18,28,5
1,195,5
3,207,5
28,78,2
19,165,3
34,74,1
3,1,3
1,114,3
24,154,1
8,98,2
20,187,3
32,244,1
29,160,1
30,36,5
16,3,2
22,116,1
21,16,3
27,109,3
30,4,5
7,203,3
13,170,4
9,95,5
18,12,5
9,223,2
23,113,5
18,45,4
21,222,1
8,216,2
11,148,2
7,64,4
16,187,4
27,232,1
3,61,1
2,151,3
20,113,3
16,28,2
14,10,4
28,221,4
6,42,2
19,124,1
16,94,1
16,188,5
8,157,4
6,38,3
9,206,3
18,83,2
8,47,5
29,219,4
33,28,4
23,129,3
25,24,1
27,223,5
31,64,3
2,212,4
2,70,1
31,5,3
10,86,5
22,129,1
16,248,3
11,129,1
20,143,1
23,204,2
24,243,3
4,208,4
31,29,4
10,40,1
24,167,2
13,227,3
22,220,5
1,162,5
22,145,2
4,121,5
6,156,4
4,199,3
13,126,5
30,35,5
28,95,5
4,162,5
11,63,1
21,59,5
8,129,3
29,133,1
15,106,5
20,232,4
34,241,1
3,6,5
8,106,3
21,24,4
24,166,3
17,237,5
14,31,3
27,139,4
20,195,2
15,103,5
13,228,2
12,24,5
20,51,2
26,24,3
3,138,4
23,211,4
19,163,5
10,132,4
12,89,5
25,197,3
12,114,4
33,163,1
16,189,4
7,65,3
21,82,2
7,237,4
8,28,3
29,29,3
18,190,5
16,95,1
16,243,2
17,23,1
13,151,1
20,241,5
14,148,2
8,228,2
28,21,5
24,216,2
8,170,5
9,153,4
25,23,2
24,159,3
28,33,1
28,110,5
1,13,2
7,79,3
14,22,4
23,193,3
33,234,5
29,170,4
32,205,4
29,184,4
13,91,2
1,103,3
27,71,3
19,14,4
23,113,1
25,67,2
14,33,5
22,238,4
25,132,4
24,245,4
3,39,3
2,41,5
14,123,4
7,191,4
20,169,4
2,174,4
19,141,3
24,89,2
17,142,1
1,207,3
21,143,5
2,199,5
8,244,4
15,195,4
3,20,3
19,209,2
5,244,4
24,99,5
15,193,5
7,9,4
20,127,2
23,65,4
34,228,5
24,234,3
21,209,1
32,212,3
27,166,5
30,162,1
1,33,2
33,197,4
9,224,3
29,178,1
29,222,2
4,115,5
6,84,5
13,234,3
29,232,2
1,65,5
7,226,1
22,162,5
17,93,2
30,54,5
18,105,1
18,207,3
32,156,3
29,208,5
17,65,2
3,219,5
28,30,2
20,19,5
4,190,4
25,74,2
16,110,4
16,239,3
17,25,3
34,172,2
12,37,5
17,219,4
8,162,4
5,67,1
12,37,4
28,240,3
26,68,2
4,76,1
8,199,5
34,175,3
23,237,2
1,237,1
3,18,4
19,194,2
30,75,1
8,220,4
23,174,3
4,125,4
11,80,4
12,42,4
20,191,3
27,90,5
12,47,1
4,10,4
22,52,1
14,49,2
27,182,2
27,7,3
15,48,5
9,182,2
3,165,1
14,9,3
19,203,4
7,166,2
25,9,1
30,171,5
12,225,4
14,209,1
9,215,3
32,60,5
29,179,2
28,238,3
17,177,4
16,107,5
8,116,5
15,64,4
16,134,1
22,86,5
18,2,3
15,10,4
28,26,1
13,247,5
2,224,4
16,110,5
30,135,3
11,101,2
10,108,3
20,176,2
31,25,2
19,136,2
22,167,1
14,117,4
28,243,5
12,132,4
12,161,4
29,203,1
5,72,2
3,239,5
4,9,1
11,203,1
6,156,4
19,190,5
11,117,1
26,186,1
20,27,3
23,63,1
7,93,1
2,94,3
31,72,1
9,80,2
32,17,5
24,211,4
11,149,2
13,127,4
20,100,4
16,211,1
13,39,1
34,103,1
31,236,3
27,204,2
3,173,3
20,142,4
34,40,4
33,237,3
28,50,1
18,104,3
19,127,3
6,114,5
17,43,2
26,181,2
34,216,5
5,166,5
29,210,2
11,235,3
7,111,3
14,63,5
26,90,5
11,189,1
13,78,4
29,165,3
12,212,3
31,194,4
32,243,3
4,225,2
23,231,1
2,85,2
23,96,3
22,48,4
21,22,2
32,202,3
1,180,1
25,242,3
1,15,1
15,220,3
12,247,2
30,16,2
18,188,2
26,188,4
31,149,5
24,181,2
3,143,1
9,199,5
4,33,5
19,228,1
5,16,4
27,59,5
8,135,2
26,6,4
6,94,2
19,195,5
24,204,1
11,154,1
9,105,3
15,157,2
34,155,2
12,6,2
29,220,1
9,4,3
5,24,5
16,93,3
7,113,4
16,2,2
32,65,3
9,219,2
32,126,2
23,110,3
11,60,4
30,247,2
29,140,5
4,192,4
34,221,1
34,119,1
3,45,3
12,203,3
34,9,5
23,221,5
25,63,3
6,190,5
19,9,3
7,220,1
26,131,2
32,143,3
20,30,2
12,178,3
9,245,1
3,180,3
1,89,4
10,222,5
24,19,1
10,189,3
1,248,4
31,205,4
3,246,5
23,122,5
4,169,5
27,247,3
23,163,5
6,27,1
34,99,3
18,50,5
30,211,4
25,205,3
9,198,2
27,247,5
7,169,5
18,142,2
18,6,2
16,241,1
13,60,2
26,94,4
9,127,2
15,179,2
14,96,3
23,6,4
16,10,3
34,90,1
25,204,3
20,68,4
32,190,4
7,148,2
30,186,1
15,118,4
32,81,1
9,66,2
9,72,4
2,144,4
31,230,5
14,174,3
2,100,1
15,245,3
28,206,3
31,94,3
21,193,5
14,137,1
23,110,5
34,18,2
32,172,2
2,103,3
3,126,3
20,159,5
12,184,5
27,211,5
21,73,2
17,52,4
30,197,1
4,248,3
5,170,5
21,214,4
17,109,2
6,43,1
14,92,5
20,249,3
28,106,2
3,90,3
4,4,3
27,218,4
20,62,1
17,40,1
24,244,5
28,81,2
22,235,4
15,136,3
12,184,4
27,96,3
12,145,1
24,102,4
32,40,1
28,138,5
15,95,4
34,136,2
29,219,4
16,196,4
22,234,2
31,185,3
19,237,5
22,2,2
26,8,1
13,68,2
30,139,5
21,30,5
18,6,3
29,77,3
12,230,3
22,170,1
32,81,1
12,201,2
30,116,2
11,83,5
32,16,3
9,122,1
7,225,2
4,206,5
22,100,5
18,216,2
6,36,3
26,190,1
20,164,3
15,150,2
4,49,5
12,181,4
16,67,2
14,180,5
13,114,5
10,207,4
2,62,4
10,195,5
33,90,4
33,249,5
32,131,1
20,77,2
5,49,4
5,7,4
3,165,5
9,146,5
12,239,2
3,33,1
8,112,5
3,141,1
34,58,1
13,45,5
9,81,5
23,28,3
12,248,4
17,7,2
5,6,5
20,199,5
12,67,3
10,4,1
16,29,4
4,141,1
6,144,2
12,71,3
6,231,1
11,28,3
12,29,4
34,152,2
18,67,5
27,160,4
17,192,4
16,129,3
28,102,2
5,235,1
5,98,1
6,128,1
30,163,1
27,97,4
9,137,1
8,143,1
26,99,3
22,224,2
9,164,4
31,168,2
11,58,5
22,192,5
34,77,4
24,148,4
12,1,3
10,77,2
24,228,1
28,80,4
10,243,4
24,186,2
26,183,1
16,195,5
5,125,5
15,153,1
30,128,5
27,37,2
11,35,2
26,167,3
27,204,4
7,185,3
21,239,2
22,111,3
20,142,4
11,237,1
20,17,4
12,187,4
9,37,5
21,222,2
23,156,3
7,193,5
13,104,5
1,242,3
31,222,1
4,89,5
28,26,5
34,157,2
17,89,1
27,174,1
9,12,3
16,198,3
19,234,5
16,114,3
26,242,1
32,226,3
21,9,3
22,49,5
12,248,2
31,180,5
6,181,2
15,137,3
22,151,2
21,207,4
2,63,4
14,73,5
34,134,2
8,219,3
26,130,1
7,118,4
23,8,4
5,117,2
1,167,5
4,138,1
2,47,1
27,214,5
12,138,1
20,134,1
28,249,1
33,22,3
21,182,4
7,130,5
4,162,4
30,117,3
5,146,4
27,124,4
34,126,4
6,137,5
6,108,1
4,60,5
34,102,1
4,14,5
25,120,4
32,165,2
25,48,4
16,176,3
11,51,4
32,90,5
24,221,4
25,146,1
33,244,2
31,78,4
30,210,1
31,18,5
22,246,2
9,51,2
29,140,2
11,173,4
2,234,3
9,9,4
33,149,2
30,77,5
25,222,5
1,158,1
2,242,3
14,115,3
26,144,2
5,118,5
28,25,3
5,53,2
29,156,2
15,141,2
10,143,1
14,36,2
20,152,3
5,26,5
12,241,3
27,140,5
30,27,4
23,222,1
4,193,3
14,70,2
20,9,4
5,212,5
4,102,5
33,144,5
14,112,2
12,139,3
8,100,5
30,89,4
11,16,3
3,166,3
7,22,5
14,166,3
11,42,2
22,30,1
21,155,2
25,143,1
9,137,4
23,193,2
25,95,3
17,92,2
11,129,4
9,21,2
28,177,4
23,71,3
28,135,5
5,204,1
14,96,5
5,139,5
19,21,1
33,113,3
8,165,4
7,88,3
13,244,5
23,118,5
21,150,1
23,213,1
16,45,3
3,184,2
14,94,3
17,120,4
15,126,2
22,149,2
13,147,2
28,32,5
29,247,2
9,151,5
7,128,5
14,168,1
3,137,1
18,192,4
19,48,1
12,128,4
18,115,2
5,180,2
27,176,2
6,217,3
8,14,3
12,164,5
12,215,5
16,55,1
12,211,1
18,50,3
11,87,4
34,170,4
14,161,1
15,26,2
7,232,4
32,179,3
1,205,5
6,119,5
3,179,5
23,4,5
19,189,2
29,16,5
8,188,1
20,196,2
1,64,2
20,147,5
25,208,4
8,19,1
3,86,2
6,115,5
26,92,5
27,38,4
33,95,1
13,112,4
1,34,1
4,126,2
25,6,1
15,85,3
10,125,3
9,245,2
3,86,5
29,230,1
5,104,3
31,167,2
23,212,4
7,105,2
13,115,2
3,168,4
3,87,3
23,169,1
26,34,5
18,218,1
34,117,2
13,119,5
7,158,3
27,220,4
27,135,2
11,226,1
22,87,2
11,71,3
27,70,5
33,139,1
34,32,3
15,208,1
28,169,3
13,216,3
25,177,5
25,219,4
5,157,2
13,155,3
16,199,2
29,88,5
5,225,3
26,59,3
16,141,2
5,190,2
8,48,3
24,123,2
15,34,4
3,18,3
9,231,1
13,73,3
10,27,2
31,74,4
13,213,1
23,88,3
14,63,3
13,231,5
23,76,4
6,130,5
26,206,5
33,195,5
26,143,2
6,249,3
23,133,5
20,239,1
21,20,3
11,24,4
16,137,3
21,141,2
9,134,5
13,49,4
27,209,2
22,151,4
33,135,4
6,42,3
27,38,5
28,218,5
17,17,3
16,31,4
30,63,4
12,248,2
5,202,4
14,231,4
3,31,4
24,201,3
7,41,4
23,208,2
6,84,3
10,142,3
15,19,3
4,148,2
16,163,1
8,197,3
24,212,1
7,161,1
32,216,5
5,164,2
13,86,5
23,46,3
30,133,5
31,219,1
30,142,2
12,107,5
4,24,1
4,216,2
32,45,1
12,17,5
12,241,2
8,233,5
30,77,5
7,138,2
8,110,1
32,238,2
28,73,2
6,225,5
12,63,1
19,44,2
2,246,3
27,125,5
7,171,2
19,148,2
4,239,2
11,215,2
8,167,1
5,174,1
20,52,2
9,18,5
34,136,4
2,83,4
23,29,5
10,83,5
23,19,5
4,138,5
4,212,3
18,195,2
27,38,3
24,204,2
7,54,4
12,80,2
6,64,2
33,192,3
30,182,5
29,91,3
20,29,3
29,206,4
25,19,4
26,25,2
21,71,5
6,210,3
34,95,3
9,249,5
9,39,4
22,188,3
34,201,3
11,176,5
14,102,3
18,192,3
6,127,2
9,109,4
29,76,5
18,25,3
14,79,4
8,52,3
33,120,1
23,150,2
5,118,3
27,220,1
20,142,1
30,136,5
34,105,3
29,8,4
8,146,4
2,141,2
18,182,4
7,65,3
10,27,1
2,46,1
6,148,1
28,89,4
25,209,4
5,82,5
19,197,4
7,161,5
30,201,2
11,80,3
7,61,3
7,72,2
14,98,1
14,29,4
28,177,5
26,189,5
5,114,2
21,13,1
3,171,2
20,46,5
7,13,5
23,127,5
9,164,2
28,137,1
24,160,3
20,146,2
25,247,5
19,243,2
28,217,3
31,100,2
24,108,2
22,79,2
30,174,1
27,9,4
25,223,4
28,248,5
25,134,5
27,63,3
16,86,1
9,159,2
26,35,5
20,81,2
18,221,5
17,124,3
15,122,2
19,112,5
21,94,3
5,169,5
26,45,5
6,118,3
26,244,3
20,211,4
33,81,2
12,32,1
10,139,2
27,175,4
21,91,3
9,166,2
19,186,1
1,111,1
10,74,1
17,218,4
1,136,2
1,141,1
14,52,1
25,150,3
28,226,2
24,86,1
30,128,4
2,227,5
5,42,3
25,23,4
4,93,3
19,208,3
7,105,5
16,66,2
29,91,1
28,107,2
5,89,5
5,97,3
6,171,3
11,104,5
20,41,4
8,135,4
25,235,5
25,5,2
23,122,2
16,87,4
33,62,4
23,182,5
12,249,3
30,178,2
19,81,1
8,49,5
15,158,2
24,53,1
12,55,1
28,113,5
11,129,4
8,107,4
30,212,5
27,140,3
17,90,3
10,88,2
26,127,1
19,8,2
7,26,3
3,233,5
28,59,4
32,213,4
11,118,1
11,135,3
32,244,5
27,129,2
19,144,5
4,158,2
20,69,2
12,104,3
10,93,1
4,232,4
2,193,3
30,191,5
12,163,1
18,178,3
34,105,5
23,241,5
7,42,5
33,207,1
34,34,5
11,15,3
16,55,3
26,228,3
10,4,1
13,243,5
23,46,5
20,9,5
28,236,4
11,161,5
25,242,3
12,129,2
6,106,1
4,13,1
26,1,2
3,227,2
11,42,3
19,243,5
1,143,1
29,37,3
23,71,5
16,83,4
14,216,2
9,32,1
15,87,4
1,39,4
15,211,1
14,58,4
11,239,2
29,225,2
34,125,3
15,217,4
3,26,1
19,215,3
31,219,2
24,239,5
15,156,1
32,196,3
11,139,2
7,107,5
23,206,5
25,121,5
19,31,2
34,105,2
2,209,5
15,189,5
22,48,5
14,169,1
20,111,1
17,9,1
33,157,5
5,151,5
20,165,4
30,72,3
31,114,4
18,137,3
14,134,1
10,218,4
10,37,5
17,62,4
20,85,2
3,138,1
34,105,4
14,113,1
15,211,5
10,241,1
17,134,4
16,184,5
4,111,2
3,178,2
7,66,2
32,17,2
1,128,4
29,22,5
3,30,3
12,20,4
23,83,4
14,157,4
24,225,2
13,64,4
21,3,5
24,110,2
15,248,2
9,118,3
2,124,2
5,98,2
11,78,4
6,141,4
18,208,4
12,212,5
17,151,2
20,4,2
1,132,4
16,248,5
29,58,3
11,99,5
7,167,4
2,28,5
22,145,5
7,131,5
19,43,5
3,227,3
8,231,1
30,198,4
27,88,4
21,212,3
14,118,2
6,22,1
17,157,3
9,177,3
14,36,4
2,147,5
22,107,2
13,171,4
28,144,4
7,131,2
23,75,2
32,27,2
21,135,1
1,142,5
16,150,3
20,81,4
3,2,1
31,208,3
14,30,3
19,212,1
15,42,3
20,44,1
33,75,4
19,146,5
9,46,5
4,101,5
5,39,2
21,237,3
30,17,5
11,60,2
29,159,3
29,57,5
24,75,5
3,248,3
14,222,4
29,156,3
18,179,4
30,237,3
29,72,4
2,117,3
34,234,2
8,231,1
9,229,3
9,18,4
23,31,2
11,242,1
25,62,2
14,30,5
3,176,5
8,87,3
1,44,4
9,238,1
7,95,1
26,37,5
18,227,1
17,142,3
25,164,4
25,60,5
4,109,1
23,196,1
23,100,1
24,135,4
6,141,4
30,52,2
26,170,4
22,113,2
15,65,5
34,128,4
34,37,3
6,233,4
19,216,4
31,17,3
18,79,5
33,7,2
31,152,3
14,63,4
34,183,3
11,102,5
10,106,2
13,103,5
24,211,1
11,156,1
26,129,3
14,108,5
3,42,3
27,158,1
24,160,5
6,157,1
6,31,2
5,124,5
1,106,3
20,163,1
24,214,2
20,213,1
12,187,5
32,98,2
15,27,5
18,197,4
11,168,3
8,35,5
2,210,3
24,241,3
19,109,2
19,243,2
22,66,1
4,226,3
17,239,5
32,14,1
2,70,2
2,89,3
30,92,3
14,70,3
9,228,1
10,46,4
11,9,2
16,172,5
31,1,1
6,208,5
17,27,2
9,221,1
3,225,4
4,147,4
5,20,2
22,162,4
22,179,2
8,220,2
20,54,1
8,178,1
34,168,2
5,2,2
4,17,5
17,239,3
20,202,1
18,153,3
13,159,4
9,143,4
10,141,5
1,88,2
13,237,3
3,140,4
10,98,1
6,191,4
28,116,4
20,81,3
13,202,2
17,51,4
1,209,2
8,175,2
23,35,5
23,197,4
10,142,3
33,190,2
28,188,2
14,238,3
25,144,2
4,230,5
2,13,2
15,148,5
17,229,2
13,90,2
1,17,5
14,93,2
10,158,2
2,200,4
11,38,4
14,40,2
33,129,2
10,43,2
17,146,3
14,195,1
17,171,4
23,223,5
16,17,2
16,124,3
21,194,5
30,96,4
18,225,4
12,55,4
25,75,1
32,134,3
28,192,2
20,152,3
34,51,5
13,249,1
15,227,4
19,210,4
21,5,1
18,94,3
10,68,3
14,106,2
4,243,4
16,73,4
2,43,1
28,18,5
31,167,3
19,138,4
1,85,5
22,59,3
28,36,3
8,109,1
13,203,3
8,145,5
34,140,3
34,189,4
2,195,5
30,203,5
32,68,5
9,134,5
18,210,2
31,13,2
15,224,1
5,162,1
26,177,2
7,135,4
7,65,2
25,140,3
8,106,5
15,236,1
4,126,3
8,16,2
17,64,4
29,174,3
32,224,5
31,174,1
3,231,4
33,114,5
15,97,2
8,247,2
8,203,3
21,96,3
24,38,2
3,236,2
16,172,5
12,100,4
22,213,5
23,54,1
25,156,1
5,66,4
16,116,2
15,38,3
27,11,5
2,136,3
32,60,5
13,227,1
29,122,1
32,240,4
3,61,3
3,236,3
10,198,4
18,49,5
33,113,5
21,59,4
25,170,1
24,230,4
3,54,5
30,230,1
16,173,2
15,189,1
9,98,3
5,194,3
7,32,5
13,80,2
25,90,3
21,6,5
2,59,1
8,71,3
33,170,2
11,41,4
27,47,1
4,98,5
23,107,4
3,211,5
34,184,4
26,16,1
6,74,2
29,59,5
14,191,4
34,19,1
34,199,2
28,164,2
24,80,3
26,224,1
18,236,1
6,112,3
22,127,1
17,11,2
9,248,4
7,150,3
19,51,3
10,40,2
21,215,3
23,228,1
18,46,1
30,16,1
25,35,2
3,225,4
23,3,3
24,4,1
17,84,4
24,2,5
18,72,1
31,195,2
30,2,1
13,131,3
32,147,2
9,229,4
31,187,5
4,25,1
20,185,2
1,191,3
4,233,3
23,171,5
9,44,1
29,134,2
10,92,4
6,160,2
20,31,5
4,242,5
7,115,4
15,70,4
6,126,4
16,42,5
20,167,4
27,112,3
7,90,1
26,186,1
5,62,2
26,155,2
16,148,2
20,40,4
11,141,4
28,241,3
15,155,5
19,74,4
34,214,3
18,112,2
31,207,5
1,204,1
5,56,3
15,142,3
4,199,4
10,228,3
4,222,1
14,94,2
16,226,4
29,128,1
5,95,2
34,169,5
28,211,2
30,53,5
26,211,5
26,218,4
8,205,1
17,91,1
13,246,2
2,239,5
23,28,1
22,195,2
25,228,5
15,191,3
32,200,3
19,134,4
3,115,4
7,25,4
8,167,1
21,93,3
25,80,3
28,29,2
20,196,2
29,138,3
21,174,5
6,185,3
7,60,3
9,237,2
34,142,1
33,180,5
25,95,4
13,148,3
3,240,3
14,173,3
6,43,4
14,185,3
19,78,2
19,115,4
2,28,2
5,29,5
19,79,5
3,168,2
11,103,1
15,165,5
10,56,1
5,111,5
2,142,4
13,161,1
21,248,4
7,30,1
16,50,5
24,153,3
8,47,5
13,65,5
7,128,1
4,121,1
22,68,5
6,7,1
11,81,5
31,210,2
11,92,5
33,15,2
21,206,1
6,63,1
14,182,5
27,145,2
33,130,2
29,88,3
9,18,5
6,38,2
7,137,4
26,227,3
4,55,2
6,100,3
22,34,4
14,161,1
5,222,4
21,238,1
19,168,1
24,242,4
2,226,2
1,187,2
13,26,3
1,214,5
14,237,4
4,12,2
22,73,5
34,103,2
16,196,1
14,118,5
16,241,5
18,242,3
31,72,3
17,126,2
1,73,3
6,22,2
9,82,2
29,137,1
15,103,5
23,5,2
21,78,2
5,207,5
19,148,3
9,77,3
6,232,1
19,201,2
3,209,5
8,92,3
20,163,3
4,142,5
32,113,1
15,10,4
33,248,3
27,204,2
1,159,2
24,128,1
31,133,2
32,180,4
21,57,3
18,123,4
24,5,5
22,226,2
12,227,1
21,9,1
22,242,3
8,234,2
2,31,5
13,212,1
1,62,4
25,15,2
2,23,2
20,128,4
28,86,2
8,31,4
31,15,3
28,88,1
4,94,3
32,5,3
13,78,3
32,69,4
34,98,4
13,163,5
2,142,2
16,171,2
16,158,2
19,8,1
23,163,5
17,52,1
11,80,2
5,47,5
34,160,1
11,96,4
24,41,1
15,30,3
33,213,1
11,116,4
4,58,3
19,203,1
25,97,5
9,200,1
5,169,3
21,232,1
11,128,1
30,114,3
22,178,1
26,57,5
9,11,4
29,41,5
11,232,2
2,137,5
15,30,3
6,98,2
4,86,3
1,155,1
1,48,4
22,97,1
31,44,1
15,39,1
1,92,4
7,151,4
19,174,3
10,202,3
13,86,4
18,142,4
6,248,4
12,247,4
13,57,1
11,204,4
28,98,1
23,243,5
7,210,2
26,79,5
4,136,2
18,9,4
29,103,2
6,193,5
33,123,3
2,175,1
2,185,3
28,193,1
21,9,2
30,164,3
25,167,3
1,151,2
34,108,1
13,16,4
5,133,5
13,21,2
10,113,3
16,88,4
3,88,2
19,184,4
34,185,2
27,57,1
32,114,2
22,147,4
30,73,1
3,236,1
23,102,3
29,165,3
11,90,5
28,154,5
31,168,3
20,230,1
10,109,1
8,188,2
18,192,4
25,61,5
29,66,3
18,56,5
34,189,5
5,249,3
31,2,1
19,62,2
32,61,1
11,49,2
23,115,1
15,121,4
24,27,4
29,40,3
8,122,3
7,157,1
10,166,2
30,3,5
25,169,4
32,157,3
12,126,3
1,122,3
7,92,3
30,203,5
22,112,3
5,108,5
16,142,5
4,137,4
22,248,4
14,235,5
17,125,4
16,7,2
28,194,3
20,45,3
17,31,2
22,48,5
6,79,3
19,156,3
28,85,5
2,202,5
34,166,4
10,39,3
8,172,3
16,166,4
2,187,4
22,111,4
19,180,4
32,183,4
17,239,5
34,137,5
10,235,1
26,97,3
27,223,5
29,215,4
31,54,2
25,243,1
7,199,3
20,102,5
10,45,5
6,233,4
25,61,3
22,58,5
25,58,1
20,36,5
19,219,4
14,199,3
19,216,1
25,151,3
3,114,1
29,111,1
18,225,4
7,238,4
31,126,4
8,166,4
15,182,1
17,166,3
17,109,1
34,71,5
31,46,1
16,228,5
18,19,1
21,90,4
6,201,5
4,138,2
34,201,3
12,41,2
21,148,5
5,92,2
30,193,5
29,13,1
21,52,5
34,2,4
10,3,4
11,149,5
10,81,1
15,56,4
34,61,5
16,206,3
13,201,4
34,173,3
25,167,1
32,88,1
23,134,3
3,211,5
8,25,4
7,153,3
12,64,3
4,131,5
28,248,2
25,43,2
12,169,3
5,20,3
24,234,3
10,199,3
20,66,4
12,102,3
24,139,1
9,191,4
28,40,1
19,180,4
25,42,1
21,115,5
12,65,4
25,91,3
31,153,5
10,115,2
31,243,5
5,218,4
14,74,3
8,175,2
20,64,2
19,155,4
17,71,1
12,128,1
22,86,5
28,222,5
24,128,1
18,89,3
33,48,3
13,32,2
10,6,4
15,87,2
34,91,4
10,200,3
9,234,3
21,211,3
32,78,1
20,221,1
14,29,5
12,85,5
12,118,3
17,206,5
26,215,5
26,218,3
23,228,2
29,26,3
32,111,1
8,219,1
14,236,4
18,104,3
21,84,1
20,148,3
32,64,1
28,245,3
12,229,2
4,99,5
29,86,4
16,65,5
14,113,1
7,16,5
29,65,2
20,221,4
7,174,4
5,196,1
18,20,2
28,176,1
26,39,4
2,58,1
9,41,1
8,182,3
20,141,4
29,182,2
34,44,4
26,28,5
20,102,3
26,195,4
11,90,1
19,188,5
21,231,3
24,244,3
13,58,4
33,77,3
25,53,5
6,38,5
27,34,4
29,62,3
2,26,2
24,4,1
32,123,2
5,86,2
19,153,5
17,131,5
5,34,5
14,167,2
1,247,1
11,214,1
10,207,4
3,236,5
14,228,2
16,86,3
22,80,4
30,40,2
12,50,1
23,201,4
30,199,2
23,225,1
32,86,2
5,33,1
27,67,4
5,220,4
11,60,5
23,128,2
12,29,2
13,242,2
15,36,1
3,142,1
5,86,2
33,57,3
16,40,4
16,247,1
4,146,4
31,160,4
10,128,2
34,190,1
8,144,2
31,127,5
25,248,2
30,113,2
27,79,2
10,66,2
26,97,3
19,92,4
5,151,5
24,16,3
1,196,5
26,236,1
11,82,3
13,166,2
12,146,2
26,159,3
28,199,5
5,159,1
1,127,3
1,158,1
15,56,3
12,242,3
18,142,2
25,55,2
6,166,5
20,71,4
25,95,1
26,159,4
6,172,5
17,104,4
1,134,4
34,66,1
1,97,2
1,235,2
24,56,1
7,166,2
16,198,2
5,239,2
25,22,2
5,191,4
26,92,4
25,40,2
6,139,1
14,170,5
19,85,3
3,71,5
33,221,3
23,96,5
1,118,4
30,30,3
27,40,3
12,32,1
26,5,2
17,100,2
28,221,1
29,42,2
11,212,3
4,100,4
13,138,1
12,44,4
18,151,4
22,128,4
33,238,5
11,220,2
2,238,2
9,96,5
20,187,1
24,173,2
17,213,1
33,49,5
7,211,1
13,221,4
13,68,3
17,111,4
7,45,1
29,229,3
34,14,1
7,227,2
7,168,2
1,28,3
15,243,4
12,211,4
13,144,4
22,3,5
26,176,1
33,65,5
2,100,5
14,232,3
26,218,4
11,43,3
1,77,2
2,84,2
10,235,5
25,208,1
20,152,5
10,171,1
13,217,4
17,140,3
16,248,3
17,247,3
29,111,1
27,147,2
29,103,3
20,20,5
30,145,5
11,183,1
14,246,1
20,40,4
12,155,1
33,105,3
33,134,5
33,234,3
9,203,1
12,68,4
14,49,3
26,75,4
5,95,3
22,39,2
12,55,2
31,117,2
33,21,4
18,222,5
6,193,4
12,9,5
20,133,3
32,39,3
25,147,4
30,118,3
5,100,5
33,102,2
26,160,5
8,118,1
26,127,1
7,112,3
18,119,4
14,8,1
33,130,1
9,194,4
7,40,1
13,10,2
32,18,5
20,83,3
23,151,2
29,157,1
25,61,4
11,55,1
31,19,2
26,41,1
33,164,2
32,129,2
20,155,2
28,110,1
17,16,5
25,135,5
22,148,5
7,177,2
15,67,4
34,231,1
4,207,2
16,78,3
13,193,1
19,220,2
24,42,4
30,159,1
8,40,3
12,199,4
20,153,3
2,147,2
14,125,3
24,144,2
7,145,4
8,59,4
13,212,2
6,204,4
14,110,4
9,175,4
8,136,1
22,163,1
26,125,4
24,179,5
4,135,1
23,66,1
13,211,3
29,87,3
9,140,2
25,219,4
11,14,2
24,221,1
34,196,5
25,16,2
11,150,1
3,55,4
30,182,4
11,105,4
15,47,3
33,203,1
28,136,5
26,26,1
13,185,5
1,189,3
2,117,4
18,20,3
25,138,1
15,9,5
25,150,1
31,226,5
21,199,1
26,216,3
22,108,2
26,146,1
25,206,3
12,38,1
12,9,4
22,51,4
14,145,1
21,38,3
3,98,1
20,221,4
25,203,4
31,36,4
11,144,5
29,20,5
13,7,2
16,178,4
1,171,2
2,2,1
21,183,4
4,215,3
17,230,3
18,206,4
21,13,5
6,216,4
24,248,2
19,215,5
6,143,2
5,63,5
26,118,1
9,130,3
23,82,1
20,112,5
15,117,1
18,170,5
5,55,4
3,73,1
1,220,4
7,76,1
17,95,5
22,61,5
30,87,4
25,105,2
12,199,5
28,86,5
32,41,3
14,224,5
12,134,1
23,245,1
32,41,4
11,81,1
32,105,3
15,181,2
6,229,1
15,75,2
22,157,1
32,146,2
26,49,4
24,56,1
30,126,1
28,61,2
16,1,1
14,1,1
7,245,2
11,147,5
24,170,3
29,102,3
13,39,1
33,77,4
8,205,3
14,42,3
14,9,2
9,220,2
7,119,1
18,94,1
33,150,4
32,178,3
19,29,5
31,120,5
17,50,2
14,12,5
4,176,3
32,34,5
15,156,1
9,16,4
11,3,3
11,26,3
14,189,5
1,120,3
11,163,4
11,117,1
14,131,4
16,216,2
30,59,2
23,204,5
21,187,2
5,205,3
33,203,3
29,122,5
10,120,5
18,132,5
30,43,5
19,71,2
4,139,2
28,155,4
9,54,5
5,189,3
29,183,4
23,249,5
9,129,3
11,61,4
32,103,1
10,143,4
27,153,3
4,99,5
27,194,2
3,77,2
29,84,5
21,247,4
22,134,5
10,149,5
21,60,2
7,27,3
6,103,2
11,180,3
20,9,1
11,106,1
26,185,3
28,129,5
1,204,1
31,209,1
13,127,3
21,234,1
2,97,1
10,222,2
9,152,4
11,190,2
17,84,4
21,123,4
3,130,5
26,177,1
21,52,5
13,17,4
1,119,4
7,11,1
23,177,3
26,226,2
18,25,1
33,32,5
28,208,3
19,177,1
24,219,3
33,121,2
3,239,2
8,194,1
19,209,4
23,214,1
4,100,4
9,163,1
30,173,5
9,23,1
1,85,2
11,205,2
34,147,4
2,131,5
6,83,4
33,139,2
19,186,3
10,107,3
29,159,2
5,193,3
5,227,5
4,161,3
14,42,3
9,23,5
32,129,2
6,247,2
3,112,3
28,132,4
17,239,4
17,212,2
30,132,3
29,196,3
2,158,1
18,83,3
29,213,3
31,95,5
10,112,3
20,161,5
21,65,2
1,51,4
18,24,2
15,119,2
12,49,4
6,3,4
22,175,4
24,175,5
28,216,3
12,20,5
30,153,4
31,13,1
4,27,4
22,99,4
23,26,5
16,91,1
3,217,2
29,137,1
11,231,1
34,48,3
4,89,2
8,124,3
8,51,1
31,223,1
20,113,5
9,231,3
24,241,5
23,170,1
32,120,5
13,191,5
23,160,5
6,249,1
13,35,5
32,172,1
12,138,1
19,60,4
28,205,2
7,113,4
9,120,3
17,12,4
17,217,5
2,45,2
32,157,5
12,168,2
4,193,4
20,161,1
2,51,4
30,171,4
22,185,4
27,110,1
24,42,4
30,117,3
15,104,5
9,52,4
32,134,5
3,3,1
6,160,5
6,81,5
30,221,2
14,61,2
11,36,4
20,50,4
27,172,3
32,204,2
14,197,5
31,18,1
10,123,2
15,230,5
31,152,3
30,153,5
3,119,1
22,169,5
12,121,5
26,216,3
20,158,3
21,176,3
18,180,1
18,11,3
24,75,1
9,216,2
4,9,3
19,135,2
16,217,4
27,156,3
12,99,2
5,223,5
34,49,5
19,106,3
13,133,5
17,127,3
17,74,5
3,157,4
8,58,3
23,152,4
15,91,5
15,218,4
12,148,3
19,65,1
22,242,3
4,30,2
13,124,4
19,62,2
34,88,4
20,61,3
9,207,3
27,92,3
17,65,1
30,65,4
33,95,5
1,151,5
31,38,4
28,79,5
16,3,3
27,198,1
11,71,5
28,15,3
32,125,4
32,71,4
21,140,5
33,239,4
2,52,1
12,4,4
6,158,4
20,184,4
6,80,4
28,93,1
27,160,4
2,24,5
15,7,1
3,199,1
8,231,1
12,244,3
17,144,5
3,228,3
7,82,4
11,179,2
3,148,2
2,209,1
12,71,2
19,186,2
21,60,4
14,50,3
11,38,5
31,33,4
25,28,1
20,241,1
21,26,3
27,127,5
24,205,3
9,203,4
33,111,4
5,101,2
15,7,2
22,12,1
20,156,2
10,240,4
8,27,1
18,237,2
18,22,1
23,228,2
6,222,4
31,97,4
16,24,2
12,102,2
12,212,4
3,245,2
20,156,4
11,157,5
30,137,4
1,226,5
8,230,1
19,91,4
17,17,4
28,219,1
13,75,1
11,110,3
27,93,4
28,14,2
9,80,2
27,223,5
32,23,3
25,97,2
11,71,4
26,233,4
22,91,2
28,236,3
23,170,4
4,118,5
9,82,1
34,95,2
31,226,5
12,26,3
17,220,2
26,30,5
31,95,3
3,151,5
11,13,4
11,155,1
17,103,5
5,203,2
20,195,2
17,198,5
32,232,4
6,98,5
23,184,4
33,243,5
5,208,1
13,94,2
6,81,1
20,203,5
31,142,5
30,242,4
8,24,3
19,182,1
3,154,3
18,161,3
5,134,1
26,237,5
25,87,4
23,211,2
6,176,5
21,115,4
9,50,1
19,194,2
13,229,5
13,68,3
10,57,5
18,120,5
3,217,4
24,100,2
14,197,1
4,101,5
27,14,5
34,190,1
33,113,5
28,45,2
25,171,1
2,71,5
16,150,4
7,60,2
17,46,3
12,169,1
24,10,1
19,240,2
19,117,3
19,197,1
30,129,1
13,249,2
3,240,1
3,178,5
32,27,5
23,13,4
6,141,4
3,161,2
20,67,4
16,69,2
23,198,1
21,198,1
17,112,2
5,58,1
23,80,5
28,153,4
33,235,2
21,106,2
25,136,1
14,198,3
18,193,3
32,84,1
11,216,1
10,88,2
31,49,2
28,211,1
34,80,3
7,158,5
12,114,5
5,21,3
9,249,1
21,219,5
16,167,5
29,100,4
18,23,4
16,155,3
1,164,2
19,143,4
4,73,3
6,213,5
2,3,2
22,52,5
15,127,4
30,190,4
19,69,3
32,36,2
21,44,2
25,246,4
6,89,5
14,130,1
17,29,5
10,67,5
18,80,2
15,161,5
8,179,2
19,54,2
28,134,4
4,124,3
7,182,1
4,240,2
26,130,4
10,56,1
24,37,4
12,109,4
21,139,4
29,58,5
25,7,1
19,175,3
29,13,3
10,242,2
30,236,2
8,30,5
9,148,4
13,201,1
3,11,5
29,81,5
21,199,4
20,118,3
20,50,4
2,214,3
17,79,1
11,186,4
23,32,5
15,193,1
9,160,2
9,219,4
10,6,3
13,45,1
30,123,4
8,168,2
13,33,4
30,169,3
21,229,3
7,56,5
19,180,1
33,145,2
33,116,3
29,21,2
29,98,4
27,101,2
29,37,3
28,81,5
24,85,1
10,64,4
17,130,3
7,19,4
14,89,4
18,88,3
26,85,5
20,194,2
13,168,5
34,164,3
16,182,2
11,28,4
9,3,3
9,8,3
25,247,2
4,100,1
17,157,1
21,2,5
2,172,5
24,162,3
24,185,5
20,78,1
4,69,4
13,230,5
16,108,2
28,189,5
31,103,1
26,25,3
13,26,1
22,6,4
12,106,2
24,20,5
9,124,2
15,217,3
20,228,3
32,38,4
9,206,5
5,127,4
19,178,3
21,139,4
20,135,5
15,43,4
20,244,2
33,97,5
32,210,5
14,106,5
8,72,4
17,228,3
10,183,3
4,61,3
8,107,2
24,145,2
20,161,2
8,141,4
34,171,1
27,181,5
19,214,4
31,78,5
20,14,1
24,25,1
5,167,3
18,173,5
27,246,4
34,157,2
14,175,4
11,72,2
10,70,3
5,62,5
19,148,2
29,212,5
11,39,5
2,18,5
25,7,1
33,249,4
6,97,1
12,92,4
28,115,3
12,187,4
7,144,2
21,127,1
18,241,4
34,230,3
16,27,2
2,146,2
19,129,2
13,28,1
33,61,1
1,125,5
3,9,3
28,22,5
28,233,2
13,109,5
16,13,5
7,167,5
28,162,1
20,237,1
34,153,5
6,77,4
26,35,3
15,206,3
21,31,5
19,66,3
8,155,4
22,32,1
30,225,5
34,135,4
16,118,3
13,224,5
4,9,3
13,148,2
5,171,4
17,122,2
27,234,5
20,185,5
33,52,1
27,85,3
2,205,2
11,101,2
10,246,1
5,103,4
11,182,3
31,233,4
30,59,1
13,165,2
18,120,1
1,100,4
30,245,1
27,206,3
12,68,1
15,72,3
24,47,3
4,110,1
8,38,4
31,140,5
21,123,5
21,92,3
14,209,2
14,63,4
12,88,3
21,102,2
1,186,5
22,197,5
4,168,1
5,138,4
20,191,3
7,106,4
30,77,2
13,185,3
20,34,3
23,80,4
8,151,5
26,44,5
26,104,3
24,108,3
29,209,4
3,111,2
10,234,1
5,173,2
5,203,5
3,108,4
32,159,1
4,112,4
24,108,3
7,46,5
30,86,3
30,6,4
21,54,5
32,231,1
5,19,4
30,93,3
9,124,4
32,25,4
14,123,5
2,150,3
29,205,3
22,45,1
20,63,4
20,56,1
32,18,3
9,49,5
10,111,3
3,215,5
20,99,5
22,93,5
20,73,3
14,148,3
24,179,5
13,144,4
6,48,2
32,31,1
17,233,1
16,38,3
12,30,5
26,58,4
11,106,4
27,112,3
25,24,1
15,98,3
10,3,2
25,223,1
14,4,3
19,23,1
25,58,3
23,215,2
17,70,1
14,2,3
2,120,2
16,43,1
10,177,3
19,199,3
10,244,2
24,240,3
32,231,3
32,239,5
25,79,1
14,212,5
28,44,5
4,65,4
28,140,4
10,224,1
22,48,5
26,33,5
19,17,3
23,217,1
1,16,2
30,214,3
22,188,4
33,51,4
10,87,3
11,181,4
20,232,3
3,166,1
4,172,1
8,131,4
9,133,1
13,182,2
6,114,1
1,7,3
20,203,4
5,80,2
9,73,4
31,92,2
3,214,2
2,75,4
2,177,5
10,101,2
31,78,3
2,113,5
3,212,3
2,64,5
1,124,2
25,4,1
34,225,3
17,199,3
6,41,2
10,20,1
4,204,3
28,200,1
19,120,4
8,17,4
11,138,3
4,232,2
19,137,3
14,224,2
12,137,3
11,49,3
10,3,4
24,215,1
11,183,5
28,79,2
3,141,5
19,113,2
19,95,2
32,111,5
26,167,3
16,55,4
6,230,2
18,203,2
24,209,3
13,222,3
30,111,4
19,104,2
24,10,2
1,167,3
33,208,5
10,211,1
22,68,1
4,107,5
29,200,2
3,210,1
19,111,4
2,231,2
6,85,4
30,64,4
7,154,5
9,23,3
29,79,2
4,63,4
16,21,4
25,101,3
10,17,5
5,28,5
3,155,3
4,229,5
5,99,1
14,29,4
34,182,4
13,212,5
32,237,4
7,192,1
14,145,4
3,178,5
28,118,5
17,27,5
17,136,2
26,74,3
7,33,4
1,26,5
6,57,5
12,134,4
31,61,1
13,10,2
2,11,4
20,85,5
34,231,2
2,57,5
8,56,1
21,203,4
29,157,2
32,100,5
4,51,3
11,47,4
25,6,1
15,90,3
18,215,2
26,169,3
9,212,2
14,249,4
25,138,3
28,132,5
21,149,3
24,43,1
18,31,1
9,60,3
19,108,3
19,59,3
26,193,5
24,92,3
12,149,5
8,223,4
3,117,5
5,44,1
33,91,3
1,84,1
10,197,3
27,62,4
19,142,2
7,138,3
29,68,3
28,88,2
34,188,5
16,101,1
9,16,4
15,41,1
18,26,4
33,54,1
8,220,2
29,52,2
29,92,5
19,34,2
3,96,2
4,178,3
16,148,1
9,188,4
34,249,5
5,233,3
10,93,5
1,200,3
24,38,1
18,102,1
18,13,3
25,202,3
18,111,5
26,236,2
13,174,2
27,16,1
2,125,4
6,192,1
12,245,4
16,75,1
34,53,4
13,96,5
16,109,3
12,125,1
25,19,3
20,206,2
7,120,2
32,242,5
16,49,5
11,45,4
32,131,5
29,107,2
20,247,5
22,122,5
32,150,2
2,164,5
21,225,1
9,4,5
10,213,4
31,148,2
18,106,3
3,193,4
22,25,3
30,51,1
19,89,2
24,54,3
28,216,2
26,190,5
21,113,1
24,70,3
21,143,3
24,45,1
17,215,2
24,81,1
2,165,4
15,126,2
5,103,5
14,113,4
32,98,5
14,142,3
19,216,3
24,188,1
34,167,4
10,148,3
31,67,4
19,162,4
26,127,3
9,26,2
14,79,3
26,88,3
16,149,4
29,229,1
14,202,5
28,46,5
20,69,3
34,124,2
10,65,3
25,182,3
3,37,4
19,102,3
21,3,1
20,214,1
21,209,1
13,43,2
1,138,3
24,198,3
9,126,2
8,71,4
3,51,5
13,124,1
22,144,4
31,112,3
27,144,2
26,129,4
21,112,4
30,15,3
27,16,5
6,131,2
8,168,4
21,55,1
26,128,4
26,138,5
6,228,3
14,199,3
13,101,4
4,151,1
4,71,1
8,204,3
29,36,3
12,142,5
8,4,5
23,238,5
18,190,2
28,70,1
22,49,2
19,217,5
29,71,4
9,73,4
25,123,1
7,8,5
16,135,5
5,93,2
15,194,4
1,104,1
19,62,5
24,137,4
19,105,2
21,87,2
22,89,2
28,54,1
30,198,3
22,180,4
10,149,1
32,151,5
21,171,2
19,136,2
21,246,3
30,162,1
31,115,1
3,103,4
24,16,2
25,40,4
21,182,1
27,93,1
16,148,4
9,82,2
15,248,2
1,168,4
26,42,5
19,83,5
6,82,5
6,65,1
32,58,1
5,223,1
2,102,2
34,171,1
15,31,5
3,248,5
16,139,3
9,183,5
24,230,4
14,236,2
34,97,5
14,246,2
24,184,2
14,52,1
27,80,3
14,21,1
33,92,1
21,77,5
27,124,4
5,191,3
18,145,3
20,24,4
23,76,1
20,156,3
16,169,4
30,70,2
20,78,4
3,211,5
13,128,5
32,40,1
27,5,4
27,50,4
7,13,2
5,164,4
14,134,5
10,228,5
11,199,1
27,183,3
9,133,3
28,59,2
1,81,3
26,82,5
6,81,3
24,159,3
27,124,4
8,97,2
30,75,1
1,34,5
16,15,4
34,165,3
16,97,3
3,100,5
21,129,1
3,41,1
15,198,1
4,55,1
18,11,5
28,191,5
31,17,1
7,63,5
15,213,4
20,246,1
33,138,1
3,241,4
11,122,3
32,73,2
16,192,5
29,165,1
31,70,1
3,181,3
27,98,1
4,149,1
21,248,2
33,212,1
30,99,3
17,203,3
1,13,5
6,176,2
4,87,2
9,74,1
33,224,2
5,187,3
26,91,4
7,239,2
32,199,1
10,124,4
34,78,3
13,162,4
25,38,4
24,153,4
4,5,1
28,86,3
30,57,2
10,76,4
6,66,3
27,21,5
22,174,2
1,54,1
34,53,3
23,41,3
7,54,3
8,36,2
34,166,3
5,1,3
11,204,5
2,70,5
26,159,4
15,136,2
33,43,2
18,189,1
8,37,5
25,218,4
17,125,1
20,73,5
21,196,1
9,2,2
20,20,3
14,240,2
17,46,5
7,152,1
22,148,1
25,74,5
34,73,3
7,104,4
33,199,4
24,241,5
4,198,2
26,43,1
6,82,4
14,67,4
22,164,2
23,47,4
25,87,4
1,12,1
16,59,3
33,70,2
8,188,4
26,10,4
6,216,1
28,211,2
20,120,5
21,73,5
23,139,5
6,39,1
20,44,2
13,63,3
32,234,3
5,189,5
11,146,2
6,33,3
18,57,1
32,159,2
8,100,4
10,38,1
1,220,2
22,231,4
14,237,2
32,125,4
21,193,1
26,209,4
10,111,1
9,177,4
31,151,1
21,235,3
10,227,2
3,33,4
24,142,5
22,80,2
33,35,3
17,114,4
19,110,4
22,169,1
9,107,3
10,7,4
16,187,5
26,38,5
2,114,5
13,49,5
5,116,2
4,247,1
26,70,2
33,163,1
23,157,2
6,82,1
17,211,2
6,198,1
31,187,5
19,135,5
31,114,2
6,180,3
4,25,1
11,63,1
7,90,5
3,239,5
34,194,1
4,98,2
21,165,4
18,175,1
31,69,3
19,74,2
9,31,4
25,28,4
33,25,4
32,39,3
2,170,2
32,6,5
34,28,5
16,100,3
32,138,1
34,215,4
6,38,1
17,28,4
26,50,4
32,247,5
1,53,3
31,63,5
4,87,4
24,75,3
2,143,3
23,148,3
7,248,4
27,237,1
25,52,1
27,157,5
30,116,5
6,89,3
17,81,1
17,106,3
18,220,4
11,143,3
20,158,1
22,219,5
7,138,2
2,26,1
26,137,2
31,157,1
5,183,5
23,124,5
17,78,3
6,86,1
31,49,4
5,209,5
28,215,3
21,177,3
25,66,5
6,85,1
17,58,5
19,174,3
26,193,4
31,248,1
8,36,1
32,100,3
19,157,1
11,202,3
19,144,5
22,21,1
7,86,1
24,57,3
9,16,5
16,244,5
11,236,4
15,192,3
33,2,2
32,135,3
11,181,2
17,81,1
26,137,2
18,22,5
24,181,2
13,186,3
4,111,3
34,205,5
1,64,5
29,29,3
13,34,3
19,220,3
28,178,5
4,72,1
8,85,4
7,7,3
18,85,1
19,137,1
8,162,5
18,128,5
4,7,5
7,99,2
21,78,3
25,55,3
10,77,4
25,7,1
17,114,5
21,8,3
12,74,2
17,83,2
29,9,4
22,78,3
1,159,2
31,129,5
25,20,3
26,148,4
7,72,3
18,10,5
5,32,5
34,52,2
31,170,4
1,114,5
1,177,2
3,76,5
24,56,1
33,46,1
7,15,5
24,109,3
15,231,1
16,238,2
32,97,1
10,239,1
11,190,2
30,7,4
18,132,3
31,123,3
1,66,4
10,82,5
17,116,3
12,168,5
6,63,2
24,105,2
29,102,1
34,54,5
23,209,4
3,203,5
11,75,1
8,236,3
18,120,4
21,116,3
22,49,2
32,125,3
26,76,1
33,4,4
26,2,4
17,212,4
10,24,2
22,82,2
10,140,1
16,244,2
31,187,5
1,29,3
32,199,3
2,40,1
5,67,5
21,78,3
22,163,5
3,217,4
25,239,2
31,162,4
9,144,3
31,103,3
32,149,4
15,159,5
1,135,3
3,163,4
23,152,5
25,209,5
31,174,1
32,172,3
3,14,2
28,202,1
17,127,1
14,110,4
31,5,1
15,169,5
21,233,3
11,181,3
11,50,2
31,247,5
17,168,1
2,108,3
31,56,3
27,184,2
27,201,4
7,110,4
25,121,1
34,226,5
7,25,4
27,240,1
33,224,1
2,223,2
11,130,5
15,77,2
8,29,5
34,69,1
17,154,2
30,167,1
3,98,1
15,21,5
24,30,1
5,186,5
26,73,3
1,230,5
17,11,5
16,206,2
31,218,1
16,181,1
18,95,1
11,199,3
19,76,3
31,154,1
27,27,2
12,13,1
23,226,3
30,177,5
33,54,4
1,42,4
30,222,2
27,218,1
24,65,4
8,7,1
29,155,2
31,116,4
27,184,2
6,5,3
34,14,1
19,235,1
29,152,2
18,78,3
22,160,5
18,230,2
6,118,4
8,35,4
19,73,2
2,132,2
28,38,5
32,58,5
11,210,5
13,198,5
19,37,4
15,42,1
25,55,4
9,15,3
10,31,3
14,89,5
9,199,5
28,30,5
16,148,5
19,140,4
34,223,5
2,24,3
21,47,1
3,183,2
8,121,2
5,96,5
30,167,5
15,69,3
25,68,2
2,121,4
23,7,1
3,153,4
24,145,3
21,207,5
24,97,2
34,25,5
15,59,3
27,186,1
14,100,5
33,217,4
21,113,4
26,21,5
22,196,1
3,125,3
10,35,3
25,6,4
23,99,1
15,149,1
27,128,4
23,162,4
22,248,5
8,93,3
32,6,1
17,111,2
33,82,1
16,104,3
13,141,3
30,1,1
1,67,3
9,79,1
15,246,3
32,212,2
17,140,5
27,166,4
33,176,1
34,141,1
16,131,2
9,216,2
22,65,2
14,99,1
25,47,1
15,124,5
30,206,1
31,20,5
20,40,2
33,194,3
1,41,4
34,57,5
33,71,5
3,239,5
24,245,3
23,211,4
3,138,1
8,133,1
24,237,3
15,151,1
17,35,1
1,160,3
4,89,5
24,232,1
15,140,5
20,20,2
10,247,5
18,159,2
33,205,4
32,217,4
16,31,4
3,170,2
5,69,4
13,22,1
15,218,4
2,116,3
32,16,2
8,233,3
2,146,2
30,123,3
20,97,4
33,194,2
5,200,2
20,196,5
7,15,5
13,75,2
1,143,2
6,70,2
11,5,4
2,175,3
1,94,1
18,58,3
30,88,2
28,191,2
23,193,3
25,161,3
30,103,1
18,81,3
1,183,1
2,73,4
2,13,4
23,248,1
6,73,4
8,198,3
23,44,3
13,103,2
23,176,5
8,215,2
12,198,4
33,54,3
30,212,5
18,242,3
15,72,5
10,244,5
7,142,2
31,146,3
31,90,4
7,18,4
2,32,4
18,32,1
23,2,5
8,13,3
2,11,4
25,229,3
8,4,4
6,133,2
18,171,1
3,108,5
1,163,1
22,113,5
20,11,2
11,115,5
4,238,3
27,193,4
26,96,3
17,210,5
5,100,2
31,226,5
13,136,3
11,35,1
29,210,1
20,52,2
5,209,2
9,225,4
27,198,3
20,116,4
33,58,5
31,20,2
18,42,4
13,90,2
18,118,4
15,35,4
3,108,2
2,140,2
23,239,4
29,196,2
29,57,5
23,7,3
13,41,1
12,239,4
4,219,2
9,72,5
32,60,3
29,102,3
7,137,1
15,100,2
13,177,3
14,230,2
15,136,5
24,226,4
2,14,1
13,58,4
22,40,5
33,41,5
1,209,4
2,185,2
10,169,4
9,66,3
28,98,4
10,100,3
13,204,5
15,205,4
4,150,1
19,179,4
9,29,2
23,125,1
31,63,1
28,22,3
20,218,1
13,191,5
17,107,2
25,155,5
14,245,2
17,57,4
30,55,1
22,242,3
1,206,3
17,164,4
9,53,4
20,201,4
22,35,2
2,214,2
18,240,1
22,56,5
32,58,1
24,237,3
26,187,5
8,25,4
16,214,4
28,97,4
3,167,4
32,223,1
24,190,2
20,23,2
17,161,5
34,108,5
17,231,2
10,20,3
24,58,2
16,42,4
1,172,1
13,121,1
7,127,1
24,93,3
9,232,1
23,49,3
20,36,2
31,241,1
32,68,1
25,227,3
24,174,4
1,46,1
31,144,4
24,120,5
23,147,5
9,58,4
1,24,1
26,137,3
18,158,3
1,40,4
27,154,3
14,101,1
30,84,4
16,163,5
21,197,3
31,189,2
34,113,5
22,145,3
32,130,4
3,2,4
19,39,5
14,42,2
18,5,3
20,15,1
16,125,2
22,6,3
28,18,4
24,122,3
16,249,1
10,248,2
9,214,5
12,107,4
24,84,3
1,248,2
10,41,3
16,192,5
19,12,3
27,191,2
34,18,1
9,92,2
14,91,3
20,130,4
8,45,4
21,183,2
4,223,5
12,22,1
19,125,2
11,248,4
14,168,3
32,177,5
2,191,4
1,113,1
24,56,1
16,223,4
5,184,1
11,33,5
34,234,1
14,55,3
3,242,3
3,203,2
16,164,2
2,26,3
9,157,5
21,178,2
2,184,1
10,80,1
16,218,2
31,169,2
22,54,1
27,86,5
23,133,1
4,142,5
34,140,1
14,148,5
27,68,2
27,171,5
31,54,5
4,94,3
17,20,3
12,106,2
10,111,5
28,135,1
8,132,3
19,75,1
5,204,2
7,245,3
1,80,1
8,159,4
17,66,5
15,210,4
1,204,5
16,222,3
16,49,2
23,49,5
18,64,2
7,161,5
27,66,4
3,211,1
19,174,2
19,38,5
20,135,4
25,64,2
32,211,1
9,80,1
32,169,2
19,247,3
11,48,3
27,79,5
29,11,1
34,50,1
27,36,5
18,144,4
12,200,5
23,154,5
34,241,2
17,94,3
21,231,4
8,40,5
12,83,5
17,197,1
13,23,4
33,44,5
13,187,3
12,163,1
8,68,1
34,164,4
23,136,3
33,56,1
22,196,5
18,131,1
12,53,2
30,158,1
23,156,1
8,105,3
19,189,4
16,219,1
7,152,3
4,229,3
26,45,1
26,169,4
23,162,5
25,97,2
30,19,1
24,2,3
24,108,2
11,120,1
18,81,1
5,75,4
11,128,1
21,189,3
6,126,4
21,217,4
31,145,4
9,27,4
20,172,4
23,167,5
18,83,5
8,169,1
23,149,1
28,166,3
15,6,4
16,53,2
19,36,2
2,151,4
32,23,4
1,196,5
13,11,5
31,93,2
20,179,1
9,120,1
21,104,1
26,118,1
32,217,1
32,4,5
31,66,1
4,212,5
23,136,1
32,150,4
17,108,1
27,222,3
23,21,5
12,62,4
33,108,1
27,219,5
30,205,5
11,27,2
31,216,1
10,197,3
18,87,5
28,112,1
20,222,5
28,171,1
26,77,4
33,177,2
32,167,2
5,31,3
14,127,2
15,146,1
28,135,3
1,241,4
7,127,5
16,129,4
25,89,4
17,188,5
5,122,4
17,16,5
2,219,1
16,204,3
6,167,2
33,190,5
30,177,5
21,7,4
33,181,3
24,212,2
28,213,4
10,57,2
13,120,5
5,86,1
19,94,2
28,219,2
16,56,1
9,74,4
10,96,3
29,67,2
9,108,4
24,180,3
2,87,2
5,197,2
20,20,1
34,247,2
28,245,3
2,50,5
28,33,4
33,228,5
15,43,4
1,181,2
9,150,1
16,34,4
19,57,3
3,20,1
7,163,1
22,6,3
2,64,1
33,225,3
14,161,1
23,94,4
16,108,1
28,222,5
17,170,3
20,249,2
28,219,3
20,207,3
26,122,2
21,47,4
21,76,4
17,200,5
6,111,3
19,87,3
34,206,5
17,57,4
22,204,3
16,29,3
9,181,3
16,64,3
26,145,1
17,197,3
7,228,4
29,84,2
4,186,4
18,188,3
30,147,5
7,53,5
13,66,5
6,13,1
13,160,1
27,8,5
9,182,2
30,199,4
27,207,5
20,86,4
7,110,4
4,231,2
11,101,4
25,56,4
16,228,1
3,115,3
20,16,2
5,23,4
14,109,4
4,216,2
9,9,5
12,207,4
13,104,5
12,134,4
32,242,3
27,106,2
28,224,3
12,235,3
4,216,4
28,24,1
4,75,5
6,52,1
26,189,2
9,87,3
21,8,2
20,232,2
26,212,1
1,125,1
29,218,1
9,158,2
17,104,2
11,131,4
21,3,3
3,225,2
17,159,4
25,62,5
15,24,2
20,122,5
7,75,1
15,154,5
6,117,5
31,88,3
29,68,5
30,244,4
29,112,3
33,223,2
18,65,1
29,120,5
6,58,1
7,93,1
3,132,2
13,199,4
7,233,3
25,190,4
6,22,3
34,99,1
7,128,5
4,123,5
31,71,4
4,40,1
16,220,2
31,226,1
27,30,3
15,117,4
34,27,1
33,133,5
21,246,5
16,159,3
20,117,1
12,189,4
31,213,1
30,69,3
26,170,5
32,37,5
2,11,4
29,214,1
10,228,5
15,205,1
1,127,2
14,12,2
9,68,4
34,171,1
19,2,4
10,81,3
18,179,5
23,214,4
29,132,1
6,21,1
14,143,4
16,176,3
16,84,2
2,249,4
26,243,3
17,6,2
21,225,5
12,100,4
24,41,3
19,222,1
32,41,4
22,55,3
24,117,2
11,13,2
19,213,2
2,57,3
2,49,4
29,203,4
27,82,3
22,17,5
27,186,2
24,128,2
31,101,4
30,218,1
8,135,4
21,113,4
4,184,5
10,227,3
5,77,4
22,173,3
25,245,3
22,170,1
2,217,1
28,69,2
3,199,1
8,96,5
28,153,3
24,10,3
14,37,4
15,36,3
34,122,4
34,204,4
28,36,3
19,79,1
1,168,1
27,109,3
24,132,1
4,73,3
20,55,1
21,45,2
4,227,5
7,60,2
10,209,4
22,108,2
30,104,2
22,189,5
20,127,3
6,193,3
3,15,3
4,133,5
2,200,2
17,53,3
21,27,3
22,230,4
15,222,5
13,63,1
23,8,1
25,179,3
27,131,3
19,5,3
23,68,3
17,92,5
15,118,2
2,173,1
13,214,4
33,130,1
25,65,2
15,154,1
34,112,2
8,85,1
28,14,5
17,104,2
25,196,4
31,46,1
23,53,1
30,106,3
29,34,5
10,67,1
21,34,3
29,201,2
28,182,4
32,245,1
12,41,3
14,57,2
13,198,3
13,159,3
29,180,5
28,124,2
18,223,2
7,24,3
25,178,2
21,212,4
11,155,4
4,211,3
7,185,3
26,231,1
5,14,2
28,109,3
22,115,2
8,184,4
31,133,4
23,160,1
16,77,2
2,211,5
7,170,2
16,106,4
30,117,3
21,107,5
25,231,3
30,85,3
10,144,2
19,143,3
6,42,4
25,26,1
16,74,3
10,199,1
2,145,5
13,5,5
10,127,1
9,52,4
2,147,4
6,40,2
17,214,1
1,114,5
1,212,4
16,175,1
16,170,2
9,156,4
27,149,3
24,50,5
28,106,2
2,213,4
6,138,1
21,140,4
14,115,2
10,164,2
26,31,4
27,192,4
8,73,1
3,169,1
6,122,2
7,9,5
20,233,2
26,151,5
7,124,2
31,23,1
7,177,3
24,158,1
3,190,1
19,213,5
18,188,1
20,138,5
19,38,4
13,76,2
17,217,3
15,17,3
22,193,3
33,106,2
30,204,2
2,155,4
5,233,5
28,64,3
8,58,3
16,13,4
22,88,4
18,129,3
30,244,5
22,172,1
10,191,2
17,60,2
2,227,4
27,55,3
29,117,4
22,131,3
14,153,1
18,149,3
17,3,4
22,190,1
32,102,1
19,175,5
34,201,1
32,43,5
18,97,1
33,55,2
11,193,4
11,62,3
20,9,1
13,111,5
11,51,4
16,147,2
12,170,2
17,218,2
22,136,4
14,160,4
1,47,3
21,76,3
17,73,1
34,79,2
13,156,4
10,122,3
22,43,1
27,190,1
16,78,2
25,189,4
33,57,1
31,44,2
24,108,1
5,130,3
29,221,2
4,37,1
16,73,1
19,123,1
30,150,1
10,50,3
15,216,3
11,77,1
34,97,2
27,145,3
17,42,2
17,168,4
16,70,2
13,171,2
17,50,1
9,137,4
1,164,2
14,62,1
13,216,1
5,143,1
19,192,5
2,15,4
25,39,2
8,60,3
9,45,3
31,146,2
17,186,2
31,248,1
31,129,4
18,22,2
14,14,1
26,242,1
19,126,1
8,180,2
34,208,4
3,17,4
23,37,3
5,13,1
23,32,2
26,148,2
1,131,5
17,240,2
5,41,2
14,30,1
6,106,4
15,201,1
34,99,4
17,43,5
27,77,3
25,31,5
5,147,2
13,71,2
20,9,2
11,175,2
16,144,1
24,155,3
34,158,3
1,194,1
1,239,5
15,182,3
19,79,5
25,129,3
7,59,5
18,127,1
28,139,2
13,68,3
19,235,4
5,35,2
19,128,3
3,59,2
29,112,2
31,12,2
24,138,4
15,53,5
23,91,5
20,191,1
10,175,1
7,75,4
18,6,4
3,96,2
9,211,5
25,5,3
34,207,1
15,198,4
20,200,5
12,207,2
15,146,1
7,237,3
33,70,4
18,154,3
8,203,3
17,184,3
4,62,1
29,117,4
16,173,4
14,170,5
18,70,3
9,111,2
6,73,3
1,210,3
1,121,2
14,127,4
21,88,3
30,203,4
34,175,2
23,71,4
9,103,4
15,109,3
13,23,4
24,92,4
7,70,4
31,206,3
20,180,3
13,174,3
27,233,2
23,136,1
26,225,2
24,28,1
2,22,3
21,136,4
5,91,4
31,10,3
22,4,4
30,103,5
33,119,1
20,78,1
23,173,3
32,238,1
3,45,3
18,99,5
20,211,1
24,197,5
31,29,1
4,195,5
32,216,4
18,227,3
2,220,2
7,26,3
7,45,5
10,191,5
18,223,3
30,234,5
6,110,3
9,5,3
12,26,3
28,24,1
33,54,1
30,171,4
3,121,5
23,82,5
31,1,1
25,150,2
4,32,1
11,91,2
3,69,3
21,182,2
2,60,3
12,245,3
19,140,4
21,133,3
20,3,4
25,233,5
17,203,1
10,2,1
30,204,1
17,216,3
6,38,1
1,192,4
32,190,3
19,130,2
26,67,5
21,6,5
23,25,2
1,240,4
4,133,1
21,150,3
4,188,4
17,119,4
15,22,4
6,64,1
2,144,2
23,140,4
7,199,1
10,62,4
27,46,5
25,182,4
25,151,3
12,1,4
21,229,5
1,49,2
14,72,1
28,99,1
6,127,3
16,164,5
1,93,3
26,151,4
28,182,2
25,64,1
4,172,2
24,231,3
1,94,5
13,27,2
19,63,1
10,194,5
20,193,3
28,134,5
5,79,5
5,79,2
6,235,4
13,208,1
28,59,5
1,171,3
24,182,4
1,71,2
25,116,2
31,106,3
7,124,2
34,208,3
28,49,5
18,15,5
9,194,5
10,160,1
5,173,4
16,31,3
25,88,3
30,159,5
33,19,4
32,126,2
1,204,3
11,182,4
28,218,2
12,167,4
9,87,3
23,249,4
5,37,5
10,210,3
34,125,1
13,49,1
8,237,4
25,47,5
26,170,2
7,162,4
34,72,4
5,165,3
32,105,5
14,138,5
28,10,2
17,90,5
28,20,3
26,223,5
17,14,5
28,22,2
22,241,2
32,143,1
30,182,2
8,86,3
22,225,3
12,136,5
4,244,4
2,235,1
14,92,4
20,160,1
34,163,3
27,7,5
19,159,1
2,207,2
16,174,1
30,227,2
28,108,5
11,41,3
21,129,2
9,246,3
20,104,3
30,25,4
24,159,4
17,232,1
4,218,4
24,210,4
27,24,3
14,218,5
12,178,3
16,232,4
25,40,5
4,210,2
28,238,3
10,47,1
3,128,1
34,125,1
22,149,1
25,52,3
1,34,1
4,225,5
23,86,2
15,98,2
16,61,4
4,119,4
13,135,3
19,111,1
5,117,2
30,223,3
34,231,4
16,121,1
26,3,3
9,204,1
32,71,1
17,178,1
17,176,4
21,47,5
33,48,4
2,185,4
24,127,5
19,3,5
33,245,1
13,156,2
23,181,4
23,193,1
9,27,4
34,86,4
19,248,5
18,20,5
11,129,2
14,9,2
31,84,1
34,60,1
1,179,4
21,89,5
16,56,5
18,226,3
25,76,2
8,136,3
24,120,1
18,126,3
3,183,3
28,83,2
27,51,5
22,22,3
17,6,2
31,185,4
26,217,3
14,199,1
26,208,4
24,243,4
21,8,2
17,45,3
11,79,3
10,101,5
31,129,5
18,218,3
17,43,2
24,120,4
31,149,1
9,218,4
2,194,1
23,224,1
16,216,5
33,206,2
18,238,2
18,69,4
14,11,3
28,65,5
16,142,3
7,60,5
27,204,2
31,142,1
24,50,1
26,95,3
11,86,5
17,64,3
19,214,5
19,204,4
7,130,4
6,69,4
2,149,1
25,151,1
3,136,5
32,213,1
14,248,3
6,81,2
19,115,1
21,150,2
13,13,2
18,103,1
7,56,5
3,195,3
30,129,3
5,18,2
28,231,2
32,230,5
31,133,2
24,242,2
6,33,2
6,140,5
7,64,4
15,28,3
12,3,2
15,168,4
32,183,1
6,219,4
34,222,3
31,70,2
29,136,1
9,225,1
16,172,3
22,30,2
2,118,5
10,100,1
20,235,3
25,74,1
26,162,3
27,246,3
11,217,4
26,161,3
20,234,3
11,42,2
27,221,4
25,163,5
28,183,5
11,233,3
6,141,3
11,149,1
8,122,4
11,106,4
29,211,1
7,49,1
25,183,4
30,87,4
31,223,4
16,212,4
26,206,3
11,68,4
12,68,1
21,90,1
14,85,1
33,215,2
21,170,5
34,55,5
13,10,5
12,126,5
15,127,3
14,94,2
33,19,5
6,27,4
2,55,4
27,161,1
28,9,1
2,157,1
25,239,2
10,57,3
3,62,2
5,30,1
33,108,3
1,247,4
34,25,5
2,67,1
14,241,2
9,70,3
24,102,3
31,79,2
34,72,5
6,130,4
14,243,4
19,139,2
2,47,1
33,89,1
9,18,4
17,218,1
33,219,2
18,127,5
32,229,5
9,104,2
28,31,1
27,247,5
31,226,3
15,231,3
11,221,4
23,109,1
4,120,2
4,36,3
14,125,3
6,159,2
17,210,3
8,86,3
11,103,2
34,24,4
1,77,2
20,4,3
18,192,5
17,158,1
21,98,4
25,167,3
31,7,3
3,221,2
31,127,5
29,52,5
11,194,1
18,45,1
9,72,4
9,56,4
12,188,5
29,244,3
27,77,2
28,94,1
33,137,5
31,178,5
29,20,5
7,207,1
7,154,2
23,203,2
8,171,2
5,112,1
8,132,4
27,27,2
33,62,1
19,156,4
2,185,3
12,246,4
20,189,5
7,211,3
32,129,2
17,179,2
7,77,4
16,141,3
6,151,2
12,178,4
15,197,5
8,170,2
23,230,1
17,102,2
5,96,3
31,148,4
16,31,3
12,186,3
3,95,3
24,178,1
32,211,3
32,114,2
10,210,4
6,152,5
4,102,5
13,91,2
2,210,1
13,21,3
1,1,2
14,215,4
18,208,4
6,6,4
3,206,2
4,155,5
17,78,4
20,68,1
18,172,1
25,85,5
14,113,4
4,30,4
13,157,4
7,208,4
5,51,2
20,45,4
17,157,4
22,162,1
9,9,3
32,226,2
19,210,3
13,98,1
33,229,1
31,65,2
20,47,5
30,186,1
16,62,2
16,246,1
2,168,4
31,10,1
31,175,5
23,214,3
19,136,5
34,165,2
1,127,4
3,6,4
11,13,1
14,131,1
22,243,1
3,184,4
13,111,4
16,245,2
7,138,1
20,32,4
15,69,1
28,89,2
24,34,1
2,226,3
2,190,4
14,128,1
19,239,3
13,160,3
29,142,1
19,116,5
31,98,4
19,132,1
29,65,5
12,197,2
19,84,2
33,14,4
5,167,1
13,62,1
25,91,2
9,9,4
14,126,3
16,101,5
30,3,4
6,85,2
11,22,1
11,107,1
12,146,2
10,237,3
34,79,4
27,74,2
22,53,3
4,215,4
34,164,1
22,188,5
24,225,5
26,57,1
27,2,2
18,242,1
13,36,3
30,77,5
26,241,2
7,243,4
6,208,4
6,44,1
28,206,2
24,147,1
12,232,4
23,78,2
12,226,1
28,169,3
19,51,5
3,24,5
22,85,3
7,75,3
19,187,3
3,66,4
29,244,3
32,193,4
26,20,5
7,202,2
9,247,5
4,245,3
28,181,4
10,107,2
25,198,3
9,172,2
24,103,3
8,113,1
6,239,3
33,159,5
25,65,1
27,211,4
13,177,4
6,235,4
11,47,1
6,229,4
33,116,5
14,72,5
15,173,5
1,132,5
28,42,1
19,161,1
14,183,4
6,140,3
2,71,3
18,132,1
18,84,4
34,141,2
8,232,5
4,73,5
32,223,3
19,201,2
22,98,2
29,159,4
13,105,1
30,108,1
27,158,3
4,16,4
7,65,5
20,191,5
13,106,5
8,60,5
12,23,3
18,120,1
30,12,5
10,13,4
20,216,4
32,197,5
3,185,4
9,44,3
3,72,5
3,194,1
2,108,5
19,45,1
16,202,3
6,88,5
1,127,5
19,47,1
33,188,4
4,195,4
33,52,5
30,134,5
10,206,1
28,240,3
19,183,4
32,22,4
31,23,5
11,62,3
29,91,2
23,34,2
16,150,5
13,89,3
25,66,2
13,183,2
34,95,1
30,15,5
30,68,3
15,99,3
10,59,3
1,78,2
7,20,4
21,48,3
12,53,1
12,47,4
8,197,4
32,159,4
25,61,1
11,171,3
17,87,4
16,62,4
32,58,4
11,34,5
8,168,1
18,186,1
29,241,1
12,234,2
5,54,3
24,213,3
25,206,4
4,33,2
28,211,1
2,203,4
34,232,1
30,82,4
31,118,3
21,212,4
17,204,1
6,74,1
23,242,2
24,146,3
25,106,1
3,184,3
16,77,5
11,2,1
12,245,2
12,235,4
32,37,3
23,5,1
12,209,3
11,87,1
27,18,1
27,131,2
16,50,1
15,222,4
10,102,1
20,237,4
34,108,2
23,219,4
28,192,2
22,1,5
12,229,1
6,204,3
21,43,5
24,52,4
9,10,2
23,44,1
19,44,3
30,30,3
4,35,2
21,179,3
33,237,2
14,39,4
2,133,2
6,87,5
32,241,5
3,50,3
4,25,1
25,62,4
26,170,1
18,245,3
8,103,2
1,94,4
8,166,3
18,180,1
10,125,4
15,44,2
18,127,3
1,243,1
18,202,1
10,92,3
25,94,5
11,81,4
34,2,2
10,109,1
23,241,5
12,44,4
16,20,2
34,31,2
30,160,5
7,103,5
34,128,3
1,13,1
17,112,1
11,183,2
11,74,2
11,28,2
9,31,4
33,247,1
14,29,5
27,23,2
19,111,2
6,28,1
2,131,4
18,143,4
28,198,2
7,88,4
6,226,5
10,45,4
14,180,2
10,222,1
17,21,4
33,77,5
27,60,2
6,77,2
16,107,2
4,112,4
9,52,1
4,1,5
13,238,4
6,57,1
28,106,3
33,195,4
1,59,4
15,141,1
18,238,5
29,136,4
1,223,1
33,190,4
12,166,2
34,119,3
26,209,5
8,100,4
10,105,1
26,147,2
8,124,2
28,101,2
33,204,4
28,129,5
12,46,3
3,190,1
8,175,1
18,68,5
1,94,3
1,106,3
11,108,3
11,179,4
31,108,1
17,111,2
32,21,4
11,198,4
14,4,3
4,200,1
14,24,4
20,46,2
20,1,5
6,123,1
2,217,1
20,83,4
32,6,1
30,51,4
10,19,5
9,150,3
10,244,5
22,19,5
4,139,3
2,140,2
14,44,4
16,58,1
5,118,3
28,107,2
3,90,5
2,128,2
2,154,4
10,146,1
12,97,4
16,99,4
33,153,5
12,126,2
8,14,4
15,161,4
21,132,5
29,104,5
32,118,4
11,43,5
31,79,4
4,173,1
31,137,2
9,121,5
26,54,5
11,242,5
14,23,2
20,146,4
1,165,3
10,231,5
30,91,4
3,138,5
23,134,2
15,223,2
26,142,1
17,34,1
11,119,4
29,234,3
34,203,5
11,214,1
22,156,5
28,83,2
29,115,5
2,120,3
6,234,4
2,175,2
7,40,3
5,244,2
2,197,5
4,186,1
19,81,4
25,224,1
10,76,5
18,124,1
31,142,1
6,218,4
15,216,2
4,115,4
28,188,1
18,49,1
26,109,1
4,222,1
24,190,5
20,79,1
33,245,4
24,116,3
7,186,3
8,190,3
2,129,1
33,94,5
7,132,5
7,100,3
2,6,1
34,198,3
30,92,1
14,215,4
6,6,3
24,248,4
8,207,3
4,30,2
25,40,2
5,190,5
2,32,1
9,239,1
22,38,4
32,129,4
11,33,1
26,125,2
34,163,4
31,104,5
22,153,3
22,90,5
27,105,5
21,103,5
29,154,5
17,246,3
23,25,4
22,65,2
24,23,5
27,236,2
19,248,3
33,200,1
10,186,5
6,39,4
3,28,5
14,31,1
8,86,4
3,132,3
25,108,4
26,36,4
3,120,3
31,187,4
9,84,1
8,34,1
22,143,2
13,59,4
8,68,3
4,217,3
18,87,1
5,233,3
14,109,2
11,45,4
2,85,1
14,126,1
10,67,4
22,115,4
1,181,3
3,145,5
3,54,4
32,148,4
6,5,1
32,112,3
24,103,3
23,162,1
12,239,3
12,30,5
28,172,2
18,239,1
11,85,2
30,20,1
17,54,3
6,74,1
21,64,2
5,237,2
4,68,1
18,142,3
2,46,4
34,180,4
29,153,5
11,226,2
23,223,1
15,121,4
4,222,4
4,213,4
5,11,3
20,69,2
9,234,4
21,192,4
7,5,5
5,158,5
24,68,5
19,207,4
13,38,3
27,50,3
22,204,4
34,165,4
12,177,3
16,192,1
13,78,4
15,106,5
8,180,2
8,67,3
8,10,3
1,89,5
27,14,1
21,110,2
24,78,2
28,161,1
27,9,5
10,88,3
1,44,5
28,241,1
28,141,4
31,122,1
20,190,1
2,24,5
19,134,3
6,223,2
19,142,4
27,25,4
30,14,4
18,181,5
27,79,3
12,242,1
26,117,4
11,124,3
21,145,2
27,179,1
18,94,5
2,104,2
8,68,3
15,208,2
33,9,2
26,20,4
24,151,5
21,238,5
22,18,3
11,7,2
11,103,1
24,239,3
21,99,1
6,198,2
34,187,3
33,155,4
16,51,4
23,236,3
33,192,1
11,200,2
29,116,1
14,38,1
15,179,4
21,173,5
27,107,1
7,51,2
29,131,3
31,91,2
15,30,2
26,106,3
22,182,1
25,132,4
16,137,5
2,135,4
32,98,4
8,149,4
26,139,2
15,205,4
22,167,2
16,60,4
23,130,3
16,40,2
25,69,3
18,225,3
19,194,1
25,191,1
28,156,5
32,78,2
9,233,1
21,115,4
33,25,5
23,76,5
7,171,2
13,191,1
20,166,4
28,55,5
28,147,2
34,40,3
32,231,4
32,86,3
16,97,2
17,69,4
20,121,4
31,209,4
27,242,2
30,238,5
23,47,4
18,5,2
10,138,1
4,41,4
32,169,5
14,231,3
7,187,1
34,152,4
2,13,3
16,67,1
22,111,1
19,47,3
23,14,2
24,95,1
9,12,1
8,66,1
3,29,5
28,43,5
29,54,5
30,37,1
20,57,3
22,229,3
26,147,3
18,75,1
11,184,4
33,21,3
16,167,4
24,53,1
24,51,3
19,123,3
33,114,3
4,199,3
1,245,5
9,184,1
15,110,4
5,145,2
28,100,1
31,197,2
28,180,3
23,143,2
33,212,5
13,11,3
23,243,5
18,141,5
7,1,5
1,126,1
13,72,4
29,70,2
26,138,4
20,38,5
11,103,1
27,151,4
34,28,1
15,77,4
29,133,4
3,128,5
5,178,5
3,193,1
24,61,5
7,236,5
5,119,2
2,122,1
18,115,4
7,185,1
27,140,1
9,14,2
16,224,2
12,108,2
15,197,1
33,193,4
12,177,5
3,111,4
30,155,1
17,1,5
4,168,2
9,142,2
29,147,1
16,200,1
4,211,4
25,88,5
28,140,1
11,163,1
34,108,2
5,60,1
15,247,1
21,160,2
34,75,5
14,147,3
34,18,5
14,145,1
21,113,2
30,100,4
13,56,2
2,140,5
15,125,5
30,194,4
5,246,2
34,78,1
32,158,5
7,42,2
32,75,5
25,181,1
12,240,2
13,227,4
28,103,3
30,87,2
14,197,1
25,174,4
5,138,4
23,132,3
20,74,3
28,13,4
5,180,5
17,48,2
2,120,1
21,56,1
17,23,2
2,106,3
26,82,3
29,6,5
8,239,3
27,226,1
21,99,5
34,69,2
13,73,4
14,89,3
22,8,2
13,119,4
6,144,2
4,86,3
4,176,1
3,184,4
23,130,1
25,54,2
14,51,4
28,27,2
19,101,1
28,76,3
4,87,4
13,42,2
33,79,5
9,189,1
24,63,5
34,175,1
19,91,2
28,173,5
20,40,5
25,147,2
6,209,4
7,88,5
7,146,1
30,27,5
28,89,5
9,159,4
7,68,5
4,137,3
14,226,4
29,54,4
32,119,4
1,140,2
13,103,4
31,232,2
17,248,3
26,222,5
17,224,1
15,40,5
3,34,3
13,195,4
5,59,3
8,113,2
23,148,1
31,148,2
28,183,3
28,98,3
30,66,2
7,134,2
31,39,1
27,192,5
7,130,5
18,227,1
24,157,4
8,108,3
21,211,5
17,127,1
31,240,5
12,120,2
14,65,4
17,123,1
34,21,2
26,59,3
22,77,5
31,53,5
31,70,1
29,160,2
19,242,2
9,194,3
12,222,2
1,122,4
24,34,1
6,81,2
15,75,3
3,25,3
16,239,4
2,105,4
13,18,2
16,2,2
28,115,1
14,211,2
33,152,3
26,16,2
19,167,4
11,70,3
16,127,2
26,195,1
13,223,4
10,216,1
28,42,3
24,18,1
32,153,4
16,150,1
29,178,4
5,44,1
27,207,4
9,21,5
23,67,3
1,110,1
7,147,1
3,118,2
12,139,4
33,150,1
28,33,1
32,46,4
32,185,1
18,177,3
30,112,4
10,103,4
19,176,2
29,177,5
9,88,2
33,65,3
25,175,4
15,202,4
7,218,3
15,111,5
13,34,2
23,37,4
29,236,2
12,185,2
14,106,2
11,77,3
3,168,4
20,231,2
32,151,5
16,133,1
5,174,1
21,19,5
32,161,4
21,51,5
24,207,4
5,63,1
21,115,2
34,135,4
18,63,3
27,82,5
31,87,3
16,97,4
23,24,2
25,27,3
27,153,4
15,206,3
2,42,2
28,165,1
1,135,1
3,34,2
20,44,4
25,194,3
24,197,1
22,215,4
34,113,4
4,206,5
3,181,4
24,76,1
34,210,3
12,226,2
30,92,2
34,229,5
2,21,4
18,28,2
1,238,1
21,144,2
16,175,4
5,62,4
11,105,2
16,202,1
9,138,1
2,124,5
26,234,2
22,165,2
27,245,3
4,174,5
8,244,1
12,192,2
25,248,4
3,2,3
8,51,5
34,130,1
31,199,1
7,107,2
23,87,2
15,73,1
27,6,4
23,118,3
9,216,5
8,39,3
16,85,3
24,82,3
30,127,4
24,230,4
29,148,5
20,239,3
10,149,5
11,147,5
26,70,2
29,98,5
16,154,1
6,220,2
17,93,3
13,38,3
7,103,4
11,227,2
25,33,4
25,248,3
32,165,1
11,75,2
8,42,3
28,155,3
15,183,2
25,189,3
13,43,3
22,52,4
26,185,1
24,148,2
13,190,1
7,204,4
28,86,4
13,38,2
18,199,2
25,188,5
23,213,4
26,185,2
5,74,5
6,75,2
10,141,2
10,233,4
29,78,4
32,132,5
31,234,5
28,145,5
7,187,1
33,57,5
13,199,5
14,115,3
25,221,1
10,202,3
8,141,4
18,39,1
4,241,5
17,249,3
3,193,2
18,214,5
11,74,2
30,207,2
29,150,2
18,28,1
1,76,4
33,34,4
18,195,4
5,5,4
34,136,5
3,112,4
10,6,5
21,220,2
17,110,4
26,139,3
7,148,2
31,158,3
2,203,1
12,49,1
34,167,4
10,245,1
31,86,4
13,191,5
4,143,1
2,112,5
1,176,5
18,100,5
8,159,4
13,132,3
3,95,3
5,6,4
9,154,3
30,163,4
30,9,5
21,88,4
15,40,5
31,182,3
2,14,5
16,244,2
17,90,1
7,204,5
21,241,1
1,14,5
10,214,1
29,197,2
29,63,5
8,107,1
32,246,5
15,229,5
13,225,3
28,164,5
14,55,4
1,248,3
26,213,2
13,23,1
12,97,1
10,1,4
11,82,2
31,192,2
16,217,4
3,20,2
24,92,4
10,137,5
20,227,3
9,91,5
20,15,5
6,247,1
7,157,2
4,130,5
24,130,2
9,106,3
30,215,5
25,21,5
19,11,1
23,104,1
6,246,3
12,186,4
34,53,5
15,37,1
1,74,2
22,118,5
23,199,5
3,24,5
29,156,1
10,161,5
3,104,1
2,54,5
1,145,4
3,75,5
22,162,3
9,195,2
28,107,5
30,147,3
28,4,1
19,240,1
19,177,3
34,62,1
15,149,5
31,50,1
1,99,4
6,196,1
34,67,2
31,23,2
21,38,4
15,10,2
27,14,3
21,182,3
7,172,3
12,222,2
6,37,4
34,205,2
28,193,5
9,220,4
31,138,1
24,244,4
32,142,5
32,39,1
5,63,4
3,57,2
1,184,1
19,10,3
13,37,4
9,24,4
33,2,1
26,42,3
18,213,2
3,145,5
28,34,2
22,229,1
30,96,5
4,104,5
10,15,4
23,86,1
17,79,5
14,107,4
17,20,2
32,140,4
34,149,4
1,175,4
12,148,2
4,209,5
7,96,4
4,132,5
33,156,4
26,120,3
32,106,4
10,109,2
34,235,4
18,187,3
5,135,2
29,72,5
29,79,2
18,63,4
5,178,4
22,64,5
12,208,1
21,121,4
29,23,1
7,96,5
32,170,2
11,228,1
17,113,3
27,15,2
2,225,1
5,23,1
3,78,1
33,216,5
7,201,2
9,198,4
31,74,3
14,161,1
17,117,5
14,38,3
2,88,5
6,37,2
7,90,4
16,210,3
9,186,4
11,231,4
27,189,4
27,85,5
10,176,3
4,52,5
22,45,3
31,176,5
19,24,4
32,179,5
3,212,5
18,194,4
18,169,4
34,99,1
30,213,1
28,24,3
11,71,5
7,88,2
9,170,1
4,7,3
6,74,1
5,128,4
10,230,5
25,179,4
24,133,5
5,177,3
8,28,3
12,183,1
28,90,1
1,213,3
13,5,2
24,53,2
4,31,1
9,132,1
32,160,5
29,44,2
32,59,2
23,175,1
33,85,2
14,124,2
33,159,2
18,124,4
9,18,4
16,8,4
2,41,2
20,72,4
34,103,5
11,173,1
1,108,4
19,221,1
7,62,5
15,113,1
28,165,1
17,235,3
4,150,2
16,243,5
22,72,2
16,211,3
30,192,5
18,204,3
34,47,2
20,153,5
18,141,5
9,40,5
28,242,5
31,166,1
24,167,5
15,115,2
20,66,5
9,88,4
26,240,2
25,110,5
22,92,5
12,11,3
5,84,4
26,2,2
18,15,3
33,135,2
20,170,1
14,173,2
8,235,3
7,181,5
20,194,3
18,23,5
2,156,2
6,142,2
26,84,1
33,157,4
20,107,2
19,169,3
4,221,5
27,1,2
32,169,2
30,198,4
12,207,1
6,5,2
2,171,1
13,11,1
1,79,1
2,101,1
13,52,4
34,49,5
13,202,5
20,27,5
34,112,2
1,91,4
28,8,2
12,203,3
28,118,2
25,42,3
26,115,3
7,179,5
26,49,2
2,6,1
14,224,4
10,15,1
1,224,3
26,23,4
13,220,4
10,67,4
28,236,2
18,26,5
33,80,1
9,197,3
12,173,4
4,47,4
12,151,4
15,175,1
7,238,4
7,231,3
32,7,3
15,43,3
26,55,4
17,80,1
23,80,2
21,66,2
12,209,1
23,18,1
4,243,3
19,214,1
12,207,3
3,77,1
10,69,2
32,154,2
33,97,5
12,125,2
30,232,2
13,116,3
23,170,4
31,143,4
9,76,5
9,213,1
18,110,3
27,105,4
16,67,2
7,198,2
16,13,4
6,88,5
34,97,5
3,160,4
29,130,5
8,223,3
28,143,3
23,4,1
32,87,4
9,111,1
16,126,5
1,232,1
18,168,5
12,27,3
1,118,4
12,138,4
16,137,3
5,145,4
19,109,5
19,65,3
26,159,4
33,124,3
25,109,1
28,90,5
17,207,4
4,238,3
9,99,2
34,211,3
25,149,4
33,151,2
23,50,2
34,121,1
1,196,1
27,65,4
9,213,5
27,69,2
30,8,3
33,124,1
33,2,1
34,135,3
12,24,1
12,189,4
19,85,4
4,46,1
12,17,5
23,209,4
17,32,2
18,208,5
25,106,2
32,162,5
14,160,5
2,6,3
28,202,5
17,1,4
26,78,2
4,71,5
33,27,4
22,14,3
30,61,5
9,232,4
23,189,4
22,61,4
9,214,5
8,245,2
18,60,3
15,233,1
27,184,3
10,123,5
29,86,2
19,16,1
33,208,3
24,65,3
32,25,1
29,43,3
13,198,2
4,179,4
19,240,4
28,160,4
18,4,3
8,131,4
34,97,3
17,140,4
8,157,5
29,47,5
23,73,2
10,17,5
6,102,2
23,27,2
19,245,1
16,85,3
1,1,2
5,190,5
25,144,2
4,106,2
24,87,1
5,219,1
4,23,4
21,17,1
29,227,1
27,41,2
21,56,2
32,135,1
9,77,1
4,178,4
12,215,4
7,126,4
32,35,3
5,188,3
33,246,4
20,43,2
6,48,5
20,51,3
34,154,4
22,87,4
22,101,2
9,60,4
10,38,2
31,145,3
30,38,5
2,87,4
15,221,4
34,190,4
28,5,1
21,6,2
30,214,4
4,210,2
1,97,4
16,83,2
18,138,4
22,117,3
31,180,2
29,38,3
27,109,5
29,147,3
7,106,1
7,130,5
32,116,5
34,5,2
16,163,3
13,19,2
32,2,3
29,130,2
13,208,3
13,180,1
24,18,1
1,59,3
31,239,3
30,153,5
3,22,3
5,44,3
28,242,4
32,94,3
19,190,1
20,84,4
12,210,2
29,138,3
32,150,4
11,144,3
25,195,4
20,107,1
15,168,4
9,90,5
16,180,4
21,107,2
21,53,4
22,144,1
15,217,1
7,179,4
16,30,3
33,14,4
4,6,1
30,7,1
8,102,5
9,122,2
12,202,4
9,177,2
25,210,4
21,233,2
33,6,2
12,90,2
30,60,5
27,216,2
2,162,2
26,80,5
30,135,4
9,20,1
29,147,4
25,14,5
30,146,4
15,196,3
16,43,1
20,144,4
31,206,1
5,117,5
6,227,1
8,153,1
1,151,1
34,142,3
10,177,4
24,79,1
22,238,3
5,148,4
29,130,5
16,122,1
3,155,5
15,154,4
28,142,2
13,59,1
12,76,5
28,37,4
12,72,5
20,54,3
33,82,1
20,183,1
6,82,4
13,2,4
20,6,2
3,201,3
15,94,1
33,20,1
18,114,2
5,121,1
21,167,4
30,174,5
7,193,4
26,20,4
30,243,5
32,175,5
7,198,3
13,215,3
8,108,5
15,208,4
27,148,4
28,39,5
30,209,4
22,20,1
22,117,1
27,180,2
6,83,2
2,67,4
34,161,5
15,71,5
8,171,3
23,91,3
25,197,2
16,159,2
18,186,3
20,20,5
26,53,5
26,186,5
32,153,5
7,173,4
12,205,2
15,152,4
14,196,4
28,86,4
31,15,2
28,91,3
10,15,4
10,235,4
9,30,2
32,121,5
4,33,4
28,176,1
27,249,2
34,112,4
18,160,4
27,145,2
1,180,4
14,177,4
27,24,2
23,58,2
7,109,3
4,75,4
5,56,4
25,64,3
24,19,1
20,101,2
33,83,2
29,103,2
16,125,2
24,28,5
13,237,4
11,116,1
10,91,3
5,163,4
13,216,2
14,192,1
30,123,5
17,64,1
11,152,2
28,81,3
29,130,2
6,105,5
31,193,2
24,31,1
15,247,5
13,242,4
17,121,1
34,240,2
31,220,4
4,207,4
17,149,2
24,146,2
6,229,4
6,243,5
18,146,3
25,7,5
19,25,1
9,113,2
11,185,2
21,161,2
14,8,2
13,112,5
20,183,3
11,56,3
33,139,2
19,175,5
34,139,3
34,86,5
24,207,1
4,120,1
12,173,2
4,6,5
34,26,5
19,106,2
13,192,3
9,245,2
19,3,2
17,110,4
29,223,5
4,230,4
16,165,2
29,23,5
17,228,4
25,169,2
34,122,1
21,189,3
7,71,5
7,197,4
2,87,4
17,206,2
18,207,2
15,207,2
2,210,1
10,184,4
24,156,1
33,97,3
24,170,5
18,101,5
8,47,2
13,201,4
30,137,2
22,126,2
20,129,1
14,110,3
3,36,3
7,238,1
26,231,2
33,115,1
18,198,5
29,62,3
6,25,3
34,207,5
18,187,5
3,149,4
4,228,1
3,38,2
25,206,3
33,36,4
12,105,3
6,30,5
7,131,2
7,131,3
27,10,5
5,155,3
33,96,5
5,51,2
2,242,1
18,41,3
24,41,2
30,224,5
10,168,3
34,84,5
2,20,4
23,183,1
20,57,2
28,201,4
29,193,4
31,215,1
33,186,4
17,39,1
20,142,3
5,168,4
27,190,5
11,156,2
26,20,3
11,210,4
8,103,1
29,120,2
7,95,3
27,53,4
24,158,5
15,90,4
14,62,1
7,108,5
19,238,5
12,4,5
9,64,5
1,236,3
15,85,3
12,175,1
3,69,5
34,47,2
12,225,2
26,53,2
11,204,2
7,159,3
10,78,1
5,52,2
7,52,2
7,52,1
25,194,4
5,115,2
25,239,4
21,128,5
20,100,1
31,56,1
10,1,1
29,174,1
15,5,2
25,90,5
26,164,2
22,63,3
17,89,4
7,122,5
11,27,5
6,178,1
4,242,5
30,245,5
17,217,1
20,165,2
11,217,2
21,187,3
8,181,3
2,71,5
4,65,3
15,130,5
10,182,5
26,129,1
8,157,3
8,87,5
16,150,5
14,102,2
19,131,4
4,56,4
32,25,3
13,212,2
8,155,4
14,8,1
22,226,3
14,151,2
17,118,5
33,106,1
7,168,1
3,122,1
19,211,1
10,192,3
26,135,4
10,41,5
3,196,1
18,39,4
18,145,3
9,197,5
3,54,5
21,133,2
5,237,4
19,171,2
31,141,1
7,53,2
12,114,4
26,80,5
10,243,2
11,12,2
8,242,2
16,38,2
26,127,5
1,3,3
16,144,5
30,214,4
10,2,2
1,89,2
16,144,1
14,118,5
30,122,4
28,40,4
18,243,1
33,36,1
30,247,3
26,122,1
28,97,4
14,249,5
13,85,3
11,7,4
19,120,3
34,74,1
33,42,5
4,217,2
12,116,3
11,22,5
10,169,1
16,243,2
14,167,3
11,210,2
10,205,5
16,40,2
17,78,4
15,181,5
30,88,4
7,36,2
21,63,5
28,144,3
4,15,1
12,202,5
27,205,3
24,200,1
27,2,2
28,85,2
11,103,3
16,27,1
19,201,3
29,40,4
31,117,4
4,160,1
11,195,4
28,119,3
12,115,2
34,125,5
5,213,5
10,195,3
12,131,5
29,117,2
20,39,5
33,158,1
15,137,3
3,68,4
13,249,2
1,163,1
7,80,3
2,237,3
30,119,5
26,64,5
8,168,4
8,121,1
12,216,1
24,119,1
23,6,3
11,123,1
33,246,3
9,162,4
7,248,5
33,176,4
11,136,4
15,183,1
19,160,1
22,227,4
28,177,1
3,196,2
19,35,4
15,132,5
1,60,4
30,139,1
30,162,5
4,213,4
34,138,2
12,154,5
31,57,3
16,175,4
19,225,4
2,186,1
13,44,5
30,17,2
27,213,1
2,201,5
10,135,1
28,134,3
10,233,3
17,131,2
12,62,5
26,8,2
1,249,5
2,174,2
5,169,4
22,135,2
31,206,2
12,56,3
3,187,2
34,164,3
25,239,5
1,211,2
20,4,3
2,35,2
9,148,3
17,66,5
15,173,5
20,109,1
32,102,5
7,50,5
10,144,2
25,249,5
16,173,2
10,103,3
14,145,3
9,75,2
32,123,3
26,74,5
7,126,5
33,163,5
29,102,3
3,37,2
4,216,3
2,91,3
13,109,1
16,31,3
24,116,1
5,134,2
8,61,3
5,241,4
26,44,1
26,164,1
27,111,5
14,202,5
7,63,1
12,237,2
15,202,3
19,25,1
34,141,5
5,228,2
33,145,5
17,43,4
17,95,4
17,156,3
27,114,3
26,186,3
8,160,5
6,242,2
17,222,2
26,201,3
22,157,1
15,171,4
14,132,5
3,106,1
10,116,1
9,181,3
14,70,1
4,110,4
7,62,4
27,110,2
11,249,2
2,218,5
18,226,1
10,158,2
26,179,2
29,186,4
12,172,1
30,196,1
11,235,4
20,29,1
9,79,2
17,110,5
30,28,2
31,241,3
33,92,1
5,182,1
19,194,3
21,235,2
21,2,1
22,162,5
29,116,4
6,133,3
3,106,3
23,15,5
14,143,1
22,157,1
11,108,1
27,101,5
14,96,2
22,212,1
23,172,2
9,55,3
24,90,2
12,125,4
7,105,5
11,188,5
13,34,3
3,66,5
6,139,2
5,203,2
8,177,5
30,84,3
15,143,3
2,201,1
24,186,5
28,99,1
23,131,3
9,183,2
31,174,5
16,188,2
9,229,3
32,126,2
14,208,2
5,131,5
4,179,1
32,99,2
10,1,2
34,77,4
23,62,4
31,185,2
9,20,5
32,245,2
9,183,3
16,73,2
22,238,2
3,98,2
6,164,3
31,140,1
26,130,5
26,67,2
12,58,5
23,218,5
4,157,4
2,19,5
27,147,1
22,124,2
33,91,2
21,206,5
31,123,5
33,89,2
8,5,4
14,153,2
24,101,4
12,148,2
20,70,4
7,208,5
28,86,2
26,143,3
32,48,2
2,201,4
33,216,4
22,19,2
5,129,5
3,243,1
14,131,3
31,116,1
34,17,5
23,174,2
26,234,5
18,187,3
3,85,2
22,60,2
16,29,1
20,122,1
34,117,2
19,127,1
5,192,5
29,83,1
12,128,4
5,5,1
34,243,2
10,30,1
17,148,3
23,171,2
11,118,5
27,145,3
24,8,1
20,60,5
5,236,2
15,57,5
22,150,4
31,215,1
26,121,2
25,15,4
32,160,1
27,41,1
12,19,2
3,120,4
15,14,4
15,221,2
24,194,2
15,54,2
21,96,3
21,18,5
28,15,5
6,173,4
2,104,4
18,184,5
20,86,2
33,95,5
19,140,2
5,36,1
14,182,3
19,201,1
12,191,1
6,14,5
10,40,3
29,109,4
5,148,5
11,137,5
6,4,2
32,139,2
28,15,4
16,39,5
9,40,2
4,59,1
10,111,2
26,230,3
8,182,3
24,88,3
6,77,2
2,8,5
7,196,1
4,144,2
31,249,1
4,135,1
4,29,4
25,38,3
2,127,4
21,244,3
20,29,4
3,217,1
25,199,4
17,40,4
28,144,2
7,68,1
31,73,2
7,151,3
32,205,3
34,10,1
17,237,3
18,228,5
11,247,4
15,184,3
31,107,3
18,163,2
19,110,5
29,68,2
31,191,3
25,147,3
32,29,5
30,243,3
30,111,4
10,72,1
13,61,1
18,157,5
16,244,1
15,194,3
23,228,4
22,5,3
32,139,1
19,10,2
10,23,2
18,112,4
28,223,1
21,88,2
2,41,1
9,63,1
21,141,4
30,80,1
3,239,4
8,11,2
17,138,4
29,91,3
13,87,2
10,208,4
17,225,5
21,200,4
8,227,2
21,133,2
8,145,2
5,119,2
13,148,5
4,145,5
9,89,4
27,183,1
1,237,1
21,151,1
31,19,5
20,156,2
22,236,1
10,68,2
26,130,2
5,22,1
20,175,3
14,201,4
20,97,4
33,26,1
2,96,3
29,18,4
27,79,1
31,46,4
8,112,4
25,8,3
18,249,2
18,40,4
6,196,1
22,244,2
1,120,4
33,180,1
3,178,2
24,56,3
17,95,4
26,7,2
5,158,1
26,26,5
5,137,1
28,62,1
29,69,5
15,242,3
1,139,4
9,19,2
5,161,4
19,70,1
15,56,4
28,74,2
16,173,1
6,107,2
14,231,5
33,56,4
26,183,1
28,117,1
29,115,2
15,37,5
12,225,2
29,208,1
33,238,5
33,225,4
22,109,4
7,171,2
34,237,5
8,32,3
2,173,1
9,211,5
3,134,2
11,47,1
15,159,4
18,93,3
4,62,2
3,81,1
24,71,2
8,127,4
32,158,4
6,191,2
8,45,3
6,157,5
13,211,5
29,20,1
28,6,4
30,161,1
30,239,1
4,184,2
3,134,2
5,141,2
14,114,4
25,94,4
14,199,3
9,181,2
11,20,4
6,207,3
11,228,4
32,204,1
8,226,3
5,24,4
16,64,2
33,44,1
15,26,1
26,124,1
19,93,2
4,22,1
10,48,3
29,34,5
28,121,2
33,229,5
25,75,4
29,220,5
7,200,5
30,39,5
12,89,3
16,233,4
30,40,2
17,198,4
17,127,1
31,200,5
2,142,1
23,122,5
21,136,2
1,242,4
32,198,1
32,54,1
7,66,3
23,115,1
24,100,4
23,111,3
32,67,1
33,136,3
32,244,1
23,149,1
15,241,1
28,220,3
29,84,1
28,121,5
20,217,4
2,85,4
9,4,2
31,221,3
23,108,4
5,193,3
10,214,3
13,98,3
3,6,5
31,221,1
26,52,2
21,153,4
11,198,5
18,68,2
9,97,1
32,191,2
5,52,3
32,151,4
4,85,5
24,161,4
9,37,3
34,120,2
8,22,5
7,14,1
3,202,5
6,230,4
21,194,1
27,74,4
19,25,2
17,76,2
12,82,2
1,4,4
20,38,1
1,20,3
34,102,1
6,147,2
5,105,4
27,204,3
32,209,2
7,117,5
25,5,5
11,102,4
34,88,1
4,124,4
4,52,1
15,34,5
26,123,4
15,99,1
33,52,5
15,242,5
32,238,1
15,18,3
30,246,5
30,6,5
2,28,1
29,2,5
4,168,4
22,23,5
26,198,3
6,171,3
28,178,4
20,101,1
15,58,4
3,113,1
2,186,5
7,66,2
19,13,3
34,21,3
2,8,2
28,36,2
7,115,3
15,13,4
17,238,1
12,84,2
30,166,4
2,209,2
14,181,4
33,208,4
18,116,2
24,115,1
2,241,2
9,95,5
5,98,1
31,164,4
33,112,1
34,80,3
19,201,2
25,21,3
21,35,2
5,164,3
10,194,3
30,9,4
13,185,2
1,35,3
15,115,4
23,241,5
25,98,2
10,67,1
22,153,1
16,245,1
14,121,3
34,36,4
30,165,4
3,143,4
31,148,2
12,106,1
30,23,5
21,6,4
30,123,2
29,186,3
26,28,2
27,108,5
32,136,3
26,28,4
4,189,1
1,25,3
32,128,3
1,248,1
5,60,3
26,98,4
12,183,2
32,180,5
3,217,3
23,17,4
8,186,4
12,139,5
10,189,1
9,208,5
25,14,3
23,109,4
4,27,1
4,32,5
17,242,4
6,100,5
1,119,1
10,152,4
33,36,3
34,16,3
15,5,2
17,202,1
14,95,3
8,53,4
11,75,2
22,53,3
27,181,1
13,98,5
21,8,3
11,124,5
9,71,1
4,8,3
7,148,1
23,13,4
6,111,3
26,28,1
5,59,5
23,128,2
23,233,5
20,105,4
18,2,1
7,169,1
17,232,3
7,191,4
3,15,2
27,119,3
25,146,3
17,30,4
6,185,1
18,15,5
18,4,2
28,1,2
13,35,3
1,249,5
11,49,3
22,214,3
20,213,1
9,27,4
15,140,5
22,6,5
28,197,1
26,171,4
11,36,1
29,84,2
2,243,3
11,246,3
12,135,1
18,29,2
9,88,2
5,55,3
15,212,2
8,2,4
34,79,5
29,189,3
8,219,5
25,52,2
12,56,5
12,177,5
32,43,3
30,56,4
9,247,5
7,64,4
30,165,2
4,150,5
8,44,3
10,210,4
25,21,3
27,111,1
18,106,5
20,81,2
8,124,4
25,131,5
9,179,3
32,21,1
2,114,5
32,158,5
21,207,3
31,7,2
34,14,5
19,175,1
27,99,1
7,178,3
10,40,1
7,240,5
7,173,2
7,151,4
18,149,3
16,240,2
17,27,5
13,57,5
23,46,2
1,190,2
16,130,2
34,176,5
32,190,1
31,237,4
19,183,4
28,87,4
32,54,1
7,150,1
20,236,5
17,213,2
26,63,4
6,237,5
21,132,4
15,236,2
1,63,2
17,127,4
23,185,2
24,241,3
5,204,3
24,154,3
17,136,5
33,109,5
19,154,3
3,218,4
15,220,2
27,166,4
28,68,5
3,142,3
20,234,4
23,234,4
20,62,3
19,221,4
22,212,5
13,247,1
19,78,5
8,16,3
16,51,1
32,210,1
15,46,2
2,17,1
20,129,2
8,128,1
3,60,2
14,242,2
26,52,4
15,179,4
5,41,5
6,141,4
16,181,4
18,114,5
15,178,2
10,102,2
23,86,4
16,219,4
17,217,3
5,56,2
33,242,5
4,131,3
8,45,3
17,165,5
6,159,1
16,68,5
11,82,1
32,101,4
9,196,5
30,75,4
14,131,2
10,24,2
9,220,5
2,183,3
19,3,3
8,148,1
18,156,4
4,79,5
29,90,4
20,179,1
7,178,2
34,214,2
26,60,3
10,90,4
3,18,1
25,208,4
32,175,1
6,183,3
27,3,3
31,88,3
26,224,5
26,233,2
15,55,1
25,8,1
21,108,2
22,136,5
34,27,3
5,97,2
10,10,1
13,221,4
33,1,3
14,213,1
4,7,5
33,95,1
14,63,2
7,111,4
22,127,2
18,28,3
7,8,2
25,193,5
28,2,4
20,156,4
26,235,1
3,234,4
29,188,1
2,121,3
10,20,4
10,179,5
10,166,4
18,2,1
11,206,1
15,225,3
24,138,1
11,193,5
31,63,5
19,132,3
17,77,3
9,206,2
1,148,1
29,71,4
2,17,5
11,189,3
1,44,2
27,9,3
26,157,1
30,228,5
13,183,1
3,11,2
29,123,4
17,98,3
29,71,1
4,242,4
32,67,3
14,85,3
12,175,1
25,161,5
3,31,5
1,219,1
23,183,2
33,72,4
28,148,5
6,120,3
21,74,1
17,57,5
11,12,3
25,230,1
15,167,3
14,211,2
2,247,5
5,62,2
23,43,1
2,26,3
31,144,1
31,43,4
23,95,1
3,35,2
9,40,2
2,183,2
23,127,3
5,142,3
23,246,5
31,139,2
3,26,2
12,4,1
4,10,4
34,78,5
2,80,5
9,89,3
8,103,5
27,133,5
23,156,1
20,140,1
5,88,4
25,146,3
8,40,2
15,39,4
2,243,1
12,143,3
8,200,4
29,45,4
14,90,1
14,134,3
31,156,1
33,129,3
8,86,4
5,160,5
30,27,4
30,102,2
22,158,3
24,24,3
15,117,3
8,180,2
5,26,3
22,80,2
19,71,1
9,229,4
8,199,2
33,45,1
29,123,3
9,47,1
14,116,4
26,6,4
9,161,1
28,9,2
4,198,2
16,189,3
18,141,2
33,83,5
26,209,3
15,177,1
22,8,3
31,76,2
26,39,2
26,77,1
9,105,4
12,181,2
9,55,1
12,246,3
26,111,4
15,106,2
16,184,5
31,107,2
1,11,4
4,42,3
21,15,2
1,80,2
9,75,2
20,67,4
7,121,1
1,172,3
27,42,3
12,64,3
27,225,2
23,6,4
3,162,5
4,30,1
25,115,3
21,85,1
26,159,4
2,17,4
28,57,4
1,249,2
12,29,1
12,237,2
7,53,5
1,62,4
18,153,4
10,198,4
17,153,1
4,177,2
15,115,1
9,92,5
8,178,2
2,27,4
10,182,1
18,154,5
2,214,3
28,125,5
5,10,1
27,107,4
11,44,3
25,24,5
10,11,2
8,132,5
7,64,2
7,10,3
6,93,3
15,151,5
1,48,4
3,131,4
2,29,5
20,30,1
30,208,4
10,17,1
4,182,5
27,22,5
29,199,5
27,162,4
3,153,4
28,224,3
9,158,3
27,75,5
11,141,4
34,86,3
11,64,4
4,223,1
15,58,1
32,55,5
22,249,1
34,57,2
33,244,5
22,142,1
24,135,2
26,162,1
8,107,5
33,4,2
10,40,5
9,183,1
5,46,1
30,165,1
1,113,3
4,12,2
26,232,4
5,8,3
25,107,5
23,220,1
27,110,2
20,140,3
23,87,3
9,58,5
2,239,5
22,156,4
18,134,2
33,68,1
19,248,4
6,183,1
23,240,1
21,232,4
14,62,4
3,222,1
7,94,5
8,47,5
19,164,1
32,244,1
1,235,3
23,123,2
29,114,2
15,84,3
28,38,2
12,85,1
23,180,2
19,162,1
15,119,2
21,203,3
25,219,5
18,215,5
18,134,3
10,51,4
8,170,1
13,83,2
33,35,1
2,8,1
24,187,2
33,27,1
16,182,3
24,179,4
20,34,2
26,89,1
27,13,5
25,70,5
24,31,4
1,55,4
4,151,3
17,138,4
24,179,1
26,148,1
26,57,1
34,92,4
8,144,4
27,180,3
33,240,3
5,218,5
16,110,3
15,222,3
19,209,1
28,112,3
12,52,2
3,203,2
23,7,4
30,145,3
5,15,1
25,228,2
12,18,2
15,68,2
12,3,4
15,219,4
10,121,5
22,65,4
5,80,1
6,138,1
16,142,4
25,18,1
34,114,4
24,186,3
30,145,3
26,130,2
34,208,4
8,55,4
33,6,3
17,79,3
23,54,4
13,154,3
27,195,2
22,209,3
5,86,4
13,104,5
25,45,2
2,69,5
9,217,1
4,2,3
31,131,3
11,50,2
25,60,5
16,84,4
22,32,1
14,66,1
28,225,5
8,183,2
18,151,4
26,239,4
4,28,3
16,228,5
31,219,3
2,35,4
31,160,1
12,96,5
33,74,5
28,100,2
28,81,5
13,102,5
23,131,2
3,92,4
2,121,4
25,237,4
5,44,5
4,13,4
25,125,2
15,176,3
2,83,1
10,240,2
1,59,3
26,131,2
4,112,5
3,28,3
34,82,5
24,243,3
12,182,5
7,215,3
9,161,5
6,227,3
17,65,2
19,192,4
27,118,1
16,56,4
18,124,1
27,235,3
22,122,5
8,146,4
5,248,4
1,147,2
12,12,5
2,228,3
29,139,1
31,32,3
1,5,3
21,220,3
28,128,4
24,105,4
12,79,4
7,31,2
18,37,2
23,65,2
30,232,2
34,63,1
27,182,1
6,202,1
21,125,5
15,130,3
11,151,4
31,68,4
33,230,3
16,176,5
24,71,3
23,74,5
9,93,2
27,111,4
18,122,1
24,130,4
27,115,4
3,154,2
20,139,3
9,149,1
20,16,5
23,177,2
15,136,1
18,124,2
8,2,2
24,115,5
15,241,5
8,107,2
25,77,5
32,68,1
9,170,1
17,246,4
5,196,3
17,140,3
12,14,1
29,231,4
17,107,4
32,186,3
30,189,3
26,143,4
4,53,1
27,25,3
15,83,3
16,248,5
19,44,3
19,38,3
24,125,1
7,245,2
25,17,1
7,111,5
20,128,5
13,212,4
7,5,2
22,85,4
16,238,3
1,104,2
24,124,4
25,167,1
34,204,1
24,19,3
21,236,2
28,54,1
30,186,5
13,77,3
34,49,5
20,219,5
26,104,5
16,166,4
12,42,4
29,212,2
6,229,3
33,51,2
2,122,4
24,64,2
33,123,2
16,118,3
27,243,1
23,163,5
19,174,3
24,61,2
33,18,3
22,121,2
11,109,1
4,106,4
8,246,2
34,92,3
12,44,3
22,81,5
25,26,5
31,105,1
3,11,2
17,202,1
5,190,1
9,33,3
20,109,1
33,116,5
24,110,2
10,124,5
11,123,1
5,240,3
30,178,2
29,225,3
33,97,1
31,105,2
20,203,2
11,195,1
31,233,2
17,198,2
8,227,1
1,226,4
16,172,4
12,133,5
27,248,5
12,224,5
26,161,5
11,25,1
3,204,4
32,172,3
15,8,4
21,204,4
10,177,4
2,140,2
25,165,3
12,60,1
32,235,3
10,19,2
20,199,3
30,200,5
13,66,3
29,160,2
32,229,3
3,32,4
2,73,1
25,68,2
17,166,2
5,146,5
6,181,2
20,195,5
31,99,2
34,249,3
21,134,5
28,130,4
30,97,1
32,82,5
19,97,5
22,11,4
6,192,2
28,228,5
27,229,4
24,14,5
3,187,1
1,244,1
24,15,5
27,180,2
27,46,1
10,157,2
14,130,4
8,118,1
21,136,2
8,168,4
18,240,4
32,142,5
27,237,3
29,97,3
7,174,3
15,64,2
10,221,4
34,100,4
32,13,4
27,105,2
13,142,3
21,87,1
21,231,4
22,212,2
27,73,4
26,113,3
6,110,4
17,231,4
7,133,4
5,171,2
28,69,5
20,98,4
15,164,2
11,143,5
20,61,2
32,66,2
28,86,4
20,2,2
24,179,4
33,162,3
18,195,4
3,133,4
18,90,3
12,77,1
30,179,1
16,130,1
3,210,5
21,147,3
6,76,3
24,146,3
27,11,5
17,150,3
15,178,5
6,4,1
17,90,3
7,238,5
22,232,4
10,158,3
4,160,5
28,4,4
25,127,2
7,153,5
7,245,5
9,131,5
3,40,5
27,128,2
11,84,3
32,225,4
8,29,1
5,197,4
17,115,3
1,172,5
6,49,2
16,70,1
11,220,1
20,116,1
2,15,1
24,220,5
34,32,4
14,235,5
27,232,5
15,63,1
15,89,3
9,238,3
33,207,2
12,124,2
5,249,1
16,49,4
31,114,5
22,23,2
6,82,2
23,212,5
28,19,3
26,130,4
6,189,3
25,166,4
7,114,5
31,219,5
2,172,3
20,214,3
31,4,2
26,108,3
14,57,5
22,224,4
9,217,2
27,201,4
23,170,5
30,35,3
32,18,4
4,240,4
20,149,2
27,123,5
6,83,2
20,15,2
11,151,3
12,81,3
33,14,5
26,101,3
28,178,1
4,120,1
25,200,5
2,236,1
14,41,3
15,52,3
18,163,3
34,80,4
17,211,4
9,8,1
27,36,5
5,90,1
26,197,5
5,173,5
28,19,2
11,63,3
1,141,5
24,214,2
30,8,4
1,90,4
31,11,5
29,113,3
4,230,3
23,247,2
18,90,5
15,75,4
12,115,2
31,203,3
27,239,5
7,58,3
14,183,2
22,153,3
11,140,3
19,142,2
26,90,4
6,64,5
30,12,5
20,20,5
24,196,1
19,140,3
24,102,2
25,132,3
20,75,5
30,55,4
17,107,5
20,104,3
27,7,5
29,216,5
8,217,3
21,112,3
24,87,3
21,34,1
9,213,1
3,157,1
27,38,5
29,28,4
10,170,2
12,216,2
26,114,5
4,1,5
3,84,5
18,41,4
3,233,5
34,59,4
27,164,3
13,129,3
25,73,4
4,202,5
11,17,4
29,233,5
34,77,1
23,92,4
1,82,3
6,94,3
29,80,2
22,137,1
19,185,3
19,17,4
30,16,2
12,83,2
23,121,2
33,141,2
4,249,5
16,241,1
17,216,3
34,41,4
6,125,5
10,195,3
1,179,2
8,172,1
8,22,1
1,90,3
9,54,5
11,129,3
19,170,1
8,80,5
28,36,2
23,124,1
30,11,4
6,204,3
28,57,2
29,159,2
4,66,4
20,181,1
6,7,1
5,100,5
25,78,2
33,119,1
14,213,3
31,76,5
16,210,3
7,95,3
10,133,1
10,73,5
26,139,1
25,16,3
10,130,1
4,49,4
32,28,3
13,135,3
26,153,3
19,8,2
31,212,3
13,33,5
23,87,2
4,159,5
32,142,1
8,189,3
34,55,5
1,83,5
15,45,4
8,191,3
29,162,1
7,149,5
21,232,5
17,168,3
12,20,3
18,142,4
4,9,3
10,7,1
5,187,2
31,81,1
10,51,2
9,91,4
32,26,2
21,178,3
30,76,1
27,108,1
6,109,3
16,134,2
12,149,3
34,109,5
26,71,1
4,82,4
32,122,4
10,28,4
6,189,2
23,88,1
9,37,5
13,194,2
6,169,5
16,62,3
10,21,5
11,193,5
28,229,1
6,242,2
3,190,4
19,234,2
22,225,5
29,100,1
12,242,3
18,55,3
32,87,2
29,87,4
26,214,3
20,73,1
31,108,2
10,190,5
14,83,5
34,76,3
5,146,2
24,195,5
21,170,1
26,124,5
7,131,1
30,214,4
12,103,3
8,247,3
9,236,4
33,225,1
8,58,2
24,190,5
25,120,2
28,116,2
1,225,1
17,158,3
3,162,2
5,215,3
7,94,3
29,40,5
15,21,4
10,135,4
25,169,2
1,135,2
4,43,1
20,53,3
17,160,3
19,217,1
14,120,1
21,9,1
31,151,4
24,19,2
12,19,5
10,190,5
28,176,5
30,172,2
12,138,2
4,217,2
5,79,3
10,148,2
6,93,1
20,74,4
28,226,4
15,237,1
7,118,3
10,118,2
8,135,5
12,243,1
19,116,1
34,169,2
1,226,1
9,155,4
34,41,2
11,176,5
21,112,5
11,211,3
2,127,3
17,69,3
32,243,3
17,99,1
28,186,1
20,226,5
8,86,5
10,15,2
30,164,5
12,37,3
10,87,4
4,48,2
26,140,2
30,102,1
8,91,4
31,45,4
6,194,5
22,150,3
27,129,1
28,21,4
19,34,1
16,45,4
15,194,4
15,158,5
23,133,5
13,226,3
33,166,3
17,209,1
16,77,4
6,199,1
11,39,3
18,187,2
4,194,2
31,232,2
7,68,3
13,163,2
5,159,1
23,118,5
33,141,4
16,229,3
29,134,5
10,238,4
18,243,3
31,79,1
21,161,1
30,206,2
3,196,4
18,119,4
13,196,1
15,245,1
14,111,4
18,44,3
32,249,5
23,82,5
22,23,1
9,28,5
7,93,1
22,211,5
34,117,4
30,165,2
12,52,1
15,54,5
3,19,5
19,15,1
8,240,3
14,222,2
9,49,5
12,58,5
23,22,5
29,201,1
23,41,3
16,30,3
33,179,2
5,60,4
19,179,3
12,167,1
16,234,2
31,90,2
14,52,4
18,127,3
32,133,1
12,197,2
19,67,1
11,176,3
3,249,4
10,95,2
2,139,5
24,112,2
25,197,4
13,202,4
24,209,3
17,23,4
31,139,1
10,95,3
21,234,5
26,158,1
11,62,3
34,20,4
4,219,1
6,233,2
14,25,5
10,220,3
32,165,3
24,194,1
27,173,5
27,225,1
29,12,4
1,235,1
6,234,4
12,206,4
17,145,3
8,248,2
30,68,1
2,222,3
2,58,4
5,137,4
6,210,3
25,5,5
20,217,4
24,127,5
28,129,5
18,202,3
20,92,3
8,117,1
2,20,3
7,139,1
34,9,4
19,42,4
21,170,3
22,171,1
4,232,3
31,43,1
34,13,4
17,203,3
16,136,1
22,167,5
2,125,3
12,208,1
18,103,4
30,32,1
24,105,5
29,91,1
12,41,3
21,3,5
3,25,3
1,135,5
34,214,5
24,173,5
14,187,3
23,211,2
27,72,4
15,101,3
27,142,4
3,31,2
23,224,4
20,27,5
4,96,1
9,169,4
2,9,2
25,170,5
3,82,2
3,52,4
11,203,5
17,28,2
23,212,1
21,130,5
18,26,4
11,17,2
18,12,1
12,84,1
7,110,4
13,226,2
28,121,3
12,202,3
9,12,1
12,116,1
16,110,2
11,143,4
17,209,2
6,136,4
16,60,4
23,127,3
5,53,5
11,178,3
30,80,3
23,165,1
32,91,1
24,71,3
23,234,1
24,48,1
21,197,4
25,7,2
9,141,3
10,235,2
12,30,4
22,14,5
9,81,5
24,200,5
2,87,4
27,226,2
21,145,2
5,85,5
14,46,5
26,55,1
2,181,1
25,34,2
4,114,5
33,198,4
2,151,3
5,204,2
4,29,5
13,154,3
26,179,2
10,142,4
28,98,1
8,8,3
15,188,2
30,84,4
17,27,3
4,235,2
29,147,4
7,171,3
26,126,5
32,35,4
29,35,2
34,120,4
4,24,4
17,196,3
27,189,3
31,24,2
21,187,4
8,67,3
10,178,5
23,210,2
14,110,2
12,232,4
19,37,2
33,36,4
9,42,1
33,239,5
15,247,5
17,180,4
29,44,4
24,178,5
15,105,3
1,12,5
14,126,3
13,132,1
14,155,1
13,1,1
22,186,3
25,205,5
29,215,2
23,142,4
30,176,2
26,122,1
5,105,3
12,66,5
3,201,4
25,48,4
4,56,1
8,183,3
29,148,3
21,38,5
6,91,1
23,85,3
3,246,5
12,247,5
34,18,3
33,61,5
10,233,3
16,129,1
20,25,4
21,65,1
32,242,2
11,21,3
19,69,1
26,123,1
22,170,4
26,244,1
7,239,1
25,166,2
23,175,5
22,98,1
11,159,5
21,191,2
3,46,5
9,128,4
33,75,4
28,25,1
17,98,3
20,42,2
28,24,5
5,59,1
23,215,3
24,145,3
30,116,1
30,106,3
32,142,5
1,76,4
30,90,4
7,205,1
27,108,3
19,246,1
5,225,5
9,246,2
9,192,4
26,233,5
17,243,2
34,210,5
21,58,1
16,220,1
16,238,3
1,35,2
22,153,5
28,171,3
9,15,1
20,189,2
28,160,5
13,98,1
6,153,3
4,27,3
11,199,5
5,154,4
28,74,1
3,207,3
18,98,4
24,211,5
7,99,1
6,249,4
20,217,1
34,72,3
20,92,3
7,77,1
1,162,5
7,10,1
21,78,5
17,81,5
14,8,1
4,236,4
15,171,3
14,115,1
18,40,2
10,42,5
33,192,4
17,59,3
17,88,1
4,125,3
12,125,5
1,105,4
4,216,3
29,109,3
9,152,5
16,82,3
34,145,5
13,80,3
26,187,2
15,99,5
8,120,1
31,155,3
20,187,4
26,222,3
7,64,2
24,135,2
12,99,3
2,41,5
2,191,2
21,170,2
32,106,1
18,222,3
30,177,1
22,98,1
20,100,3
34,206,2
21,165,3
30,130,2
7,187,2
1,75,5
5,130,2
10,172,5
8,19,4
22,197,3
30,23,5
7,143,1
24,168,3
12,84,5
33,184,4
16,119,5
31,54,3
12,235,1
28,106,3
28,249,2
15,195,5
24,184,1
27,229,3
13,45,2
18,30,2
17,152,3
21,127,2
33,94,3
13,17,3
26,140,3
15,142,1
7,187,2
27,100,1
7,168,3
21,6,2
20,200,1
24,202,1
9,187,2
17,167,3
24,96,1
13,6,5
11,131,5
29,183,5
29,199,4
19,14,1
30,193,5
29,113,5
4,58,1
18,37,4
4,210,4
9,248,1
31,244,2
2,135,2
21,174,1
16,215,5
32,204,4
34,249,2
4,217,4
15,225,4
19,108,3
16,40,5
15,24,1
10,53,3
29,173,3
13,105,5
32,72,5
24,193,4
32,124,2
14,50,3
10,129,5
2,243,1
10,206,5
7,48,5
16,135,1
21,132,4
32,139,3
17,21,3
12,229,4
30,169,1
18,211,3
7,194,3
1,248,4
8,128,1
19,166,1
28,238,2
26,106,2
24,148,1
12,231,4
20,48,3
21,82,1
3,221,3
8,231,1
10,41,5
15,13,5
16,168,3
32,96,2
1,246,1
27,12,3
17,96,4
1,77,2
30,109,4
1,98,4
13,173,2
21,110,2
6,15,4
27,80,5
5,244,2
4,122,2
30,4,4
3,212,2
20,166,4
6,247,1
21,187,3
32,82,1
23,62,2
14,208,1
11,36,5
1,7,3
22,97,5
33,172,3
23,248,5
18,36,4
34,60,2
20,184,3
23,216,5
11,34,3
12,16,3
34,16,5
1,22,5
8,70,2
16,211,1
31,216,2
1,101,4
22,240,3
3,107,3
27,30,3
19,100,1
27,70,4
22,80,3
16,98,4
21,167,1
12,173,5
21,66,3
28,38,2
11,220,1
30,118,5
2,183,3
7,42,1
9,146,3
25,82,4
20,196,4
19,19,3
23,138,1
27,229,1
31,72,1
15,26,5
23,201,1
27,50,4
33,15,1
3,7,4
12,62,3
24,188,2
10,192,4
33,129,4
27,94,2
12,81,1
14,168,1
1,15,1
3,128,4
34,127,4
32,69,2
9,13,1
27,91,2
34,69,3
1,117,4
23,241,2
11,134,4
15,188,3
22,84,3
17,97,5
32,68,4
8,242,4
25,76,3
26,235,5
23,35,1
16,67,3
15,178,5
23,1,2
22,125,1
12,44,2
6,188,1
12,99,2
34,79,4
2,195,2
14,42,1
17,188,1
26,184,4
29,134,5
14,13,1
13,87,1
15,189,2
24,202,1
9,198,4
3,58,5
31,200,2
12,70,3
28,126,3
17,94,1
3,125,3
29,144,4
14,206,4
21,190,2
2,139,2
21,241,1
32,111,3
7,12,1
2,102,5
27,93,5
33,24,5
25,24,4
19,103,1
28,201,3
32,70,4
2,80,3
34,186,1
19,13,5
4,233,3
20,145,4
21,151,2
13,157,5
1,108,1
21,175,4
3,163,3
9,198,1
5,40,2
9,28,5
1,147,5
13,78,5
5,75,1
26,95,5
16,231,3
3,53,3
29,17,4
20,158,3
19,139,5
24,60,5
17,193,5
4,93,1
2,104,3
14,14,1
19,146,3
18,175,5
9,72,2
11,50,2
23,242,3
14,239,3
33,189,3
23,161,4
22,118,1
10,183,4
4,110,4
13,193,4
4,73,4
27,137,1
13,155,4
12,72,5
34,139,5
1,43,3
33,245,3
26,159,5
16,222,2
34,67,5
9,55,4
30,152,1
22,100,5
20,27,1
11,143,2
8,24,1
13,65,3
10,26,5
9,246,3
33,175,1
9,238,3
24,55,5
28,74,5
3,36,1
21,203,3
12,152,2
28,78,4
