movie_id,user_id,rating
41,103,5
51,121,3
50,197,5
35,13,3
11,90,5
76,215,4
49,89,5
52,16,2
70,191,2
32,174,4
24,9,5
28,40,5
27,90,1
46,249,5
52,162,1
56,39,3
42,166,4
71,128,1
59,12,2
71,220,5
46,113,5
20,63,5
64,10,3
16,58,2
27,100,1
4,129,2
49,211,1
11,11,1
19,170,4
15,241,1
17,142,4
14,167,4
63,35,3
47,143,3
43,220,3
70,30,4
65,27,4
51,161,5
11,62,5
24,11,4
1,71,5
69,15,2
20,139,1
62,204,3
1,38,2
72,61,5
51,81,4
59,103,3
41,171,1
11,184,2
50,136,5
48,40,3
7,169,1
47,84,1
4,88,4
48,51,1
73,68,2
47,64,5
3,41,4
13,156,3
60,66,4
8,126,5
50,70,4
39,135,4
5,138,5
62,171,4
37,194,3
14,17,1
4,106,3
19,55,4
79,211,4
32,152,2
65,96,3
4,166,4
26,145,3
74,71,1
34,24,5
69,58,5
38,73,5
63,111,2
37,107,4
36,6,4
5,176,5
64,71,5
32,243,5
17,26,5
23,17,3
37,18,1
47,46,4
3,46,2
79,54,4
35,160,1
63,52,1
14,207,4
78,178,1
1,54,5
70,40,3
73,104,5
22,190,2
17,8,3
18,142,1
36,173,4
24,246,1
51,206,3
19,149,1
50,27,2
78,83,1
12,110,1
33,183,1
59,206,3
47,66,1
17,82,1
33,100,3
66,59,4
77,158,2
55,113,2
43,116,3
61,202,1
9,232,5
52,3,1
32,228,1
50,135,3
30,229,5
40,164,5
51,133,3
55,213,1
29,53,1
25,245,1
26,188,1
14,162,2
3,167,3
66,104,3
27,192,4
69,245,2
21,20,1
53,62,4
61,78,2
10,129,3
11,42,5
56,153,3
22,171,1
50,130,5
37,223,3
29,50,3
25,118,5
64,180,1
23,227,2
15,166,2
49,188,1
3,109,5
51,39,2
45,119,4
62,97,4
43,26,2
64,190,4
32,116,4
35,156,4
79,201,2
79,15,5
68,11,2
2,241,4
61,15,4
28,240,3
73,235,1
10,124,5
39,231,4
67,18,5
9,87,3
25,155,4
58,97,4
6,239,3
7,171,3
63,195,4
16,48,1
25,14,2
63,218,1
22,236,3
69,218,2
63,183,4
75,74,5
31,2,5
39,28,3
10,16,3
64,173,4
35,212,4
63,191,5
63,10,2
9,187,5
59,164,5
46,12,3
44,23,5
52,96,4
23,246,5
42,74,5
76,46,5
7,96,1
14,22,3
12,200,1
58,165,5
55,142,1
58,47,4
37,102,2
18,135,1
38,205,5
25,171,5
5,102,1
28,103,5
16,132,2
23,191,2
26,116,4
6,48,2
76,248,2
31,169,3
40,30,3
31,199,2
8,206,3
59,109,5
50,6,3
5,90,1
35,27,4
55,151,1
22,5,5
62,205,2
70,203,4
47,3,3
2,120,5
45,231,5
29,136,3
68,96,1
10,145,3
7,102,4
26,8,5
32,111,5
42,157,3
36,70,4
37,118,4
49,239,2
12,168,2
32,115,2
51,194,3
52,16,2
36,80,5
8,178,2
67,100,2
2,234,3
47,227,4
54,210,2
65,239,1
56,52,4
45,217,3
77,1,5
50,221,5
51,21,3
47,194,3
69,131,4
17,64,3
75,154,5
41,195,4
14,169,1
79,17,2
55,216,2
21,57,2
15,205,3
37,45,3
31,126,4
67,134,5
63,238,2
32,73,3
38,126,1
6,153,3
51,205,5
75,47,5
76,130,4
19,72,5
75,32,3
56,71,1
31,120,3
56,154,2
1,38,2
61,61,4
35,10,4
53,15,3
74,149,3
35,8,3
53,197,5
23,120,2
52,177,2
9,239,5
20,96,3
66,147,2
68,11,3
38,47,3
4,207,2
12,79,4
36,53,1
9,7,4
63,129,5
56,10,1
79,112,2
3,236,5
37,175,1
78,199,5
35,68,3
76,168,3
11,14,3
50,10,4
3,29,3
21,90,5
21,198,3
21,170,3
30,46,3
7,85,3
39,247,5
3,206,1
59,113,2
6,139,4
15,142,3
34,91,1
60,15,5
36,118,5
9,103,4
55,179,4
55,75,3
24,228,5
72,170,2
36,171,2
69,236,1
28,33,4
70,150,5
54,38,4
1,134,3
6,34,2
14,161,1
3,137,4
44,82,3
15,169,4
35,202,5
50,65,5
27,136,5
6,127,1
15,171,3
12,135,1
17,83,3
70,190,1
78,107,4
29,87,1
59,58,4
18,79,3
34,170,2
58,134,3
6,139,2
51,120,4
48,227,2
7,103,1
69,213,3
25,99,3
76,128,5
4,226,5
3,9,5
66,144,4
11,151,1
10,74,4
14,46,1
72,13,4
71,59,3
1,216,2
77,45,5
64,219,5
78,15,5
70,237,5
30,132,2
2,156,4
35,194,2
63,95,2
35,157,4
4,136,2
26,213,3
18,119,2
24,161,4
28,2,1
16,240,4
70,40,2
35,87,5
76,182,4
62,7,5
7,90,2
57,54,4
58,151,4
24,222,3
31,171,3
74,84,2
34,113,4
68,40,3
39,60,5
30,71,1
52,34,4
28,131,3
27,228,1
4,128,2
7,26,3
5,75,5
21,155,1
34,206,1
54,238,2
59,100,4
5,100,5
10,246,1
45,120,2
60,157,3
3,239,1
51,197,3
63,36,2
3,242,1
21,220,5
25,90,3
79,204,5
7,185,2
35,64,1
7,210,4
54,41,1
11,32,2
3,133,3
30,243,3
76,148,2
65,19,1
55,180,2
66,172,2
12,41,1
77,65,5
60,6,1
35,162,3
72,200,3
40,242,4
56,150,1
75,91,4
20,21,4
50,126,4
55,56,5
66,104,1
13,64,4
56,135,3
38,227,3
34,127,5
65,155,2
2,39,3
69,91,1
27,244,1
55,16,3
76,61,2
5,6,2
12,238,1
6,33,4
49,128,2
27,70,1
73,78,2
77,245,2
68,126,2
68,136,4
18,78,2
67,104,5
9,201,4
27,4,4
77,226,5
35,106,3
62,63,2
53,144,2
69,30,3
73,82,4
34,33,2
75,236,1
36,8,5
8,16,2
77,198,3
11,28,4
40,115,4
40,144,5
58,9,4
1,132,3
53,239,5
24,40,2
56,142,5
52,218,1
30,203,3
59,38,1
52,105,5
14,244,1
34,149,5
50,207,3
36,202,3
62,229,3
29,85,3
39,137,1
34,163,2
14,161,4
66,21,1
47,211,3
40,31,4
20,119,3
49,247,3
36,59,5
10,186,4
50,40,4
65,186,2
35,94,4
58,209,2
77,149,5
48,15,4
5,114,4
60,234,4
66,5,1
42,36,3
4,141,4
18,213,1
24,195,2
69,207,1
77,218,4
48,227,1
28,8,1
29,96,5
34,138,5
9,146,2
33,246,4
26,140,2
56,73,2
18,155,4
70,21,2
26,16,3
59,175,5
66,121,5
74,73,4
62,51,4
72,213,2
45,224,2
8,162,5
8,65,1
70,217,1
74,189,1
1,9,1
50,224,4
42,111,4
57,153,3
43,183,1
22,238,5
78,172,4
26,208,5
74,59,1
58,151,5
48,212,1
36,149,5
76,138,1
69,117,2
7,83,1
44,217,2
48,66,3
41,71,2
14,93,2
14,175,4
49,8,3
44,167,3
61,164,2
7,102,1
33,247,3
13,144,5
27,9,5
27,148,5
53,165,1
18,248,4
12,7,5
40,8,1
75,86,2
71,33,4
40,22,5
33,64,1
75,72,5
62,16,1
46,120,2
8,125,3
2,216,3
13,133,3
39,51,1
72,219,5
71,193,5
3,110,5
22,244,3
4,118,1
13,39,4
48,122,3
74,235,3
2,149,1
44,125,4
1,86,1
9,190,4
26,29,2
62,246,1
47,204,1
39,222,3
54,164,4
24,56,1
55,114,4
20,170,4
53,103,3
22,96,3
55,94,4
64,199,4
73,5,1
38,68,2
25,193,1
54,216,1
71,101,4
7,10,3
47,183,3
57,6,2
51,235,4
3,59,2
28,37,3
64,8,2
35,215,2
71,102,4
11,57,1
78,131,5
10,197,2
65,4,2
28,187,3
10,243,1
54,188,5
21,207,1
68,199,2
30,99,5
23,182,1
28,195,4
45,121,4
22,64,1
41,99,1
22,150,3
57,12,2
53,240,4
14,133,1
40,225,4
79,98,1
62,16,2
11,145,1
1,24,1
75,81,1
44,203,3
72,39,4
16,1,5
20,197,2
56,115,4
76,135,1
47,229,1
2,61,2
74,11,3
41,165,5
72,115,2
77,52,5
10,5,4
14,96,5
22,65,3
77,40,1
30,130,4
23,92,1
24,47,4
44,227,5
26,234,4
24,110,5
40,167,4
41,200,3
73,119,1
24,94,2
29,127,1
15,3,1
56,177,5
49,21,3
20,36,5
78,71,5
38,80,4
36,169,3
61,82,3
59,2,1
68,199,3
43,10,3
61,28,4
22,129,2
66,205,1
46,62,1
75,8,5
76,10,1
46,94,4
61,89,1
36,21,2
62,178,2
29,222,1
72,191,1
27,211,1
21,22,4
78,147,5
26,152,1
53,170,5
21,223,5
69,105,4
8,238,2
14,192,1
22,83,3
75,190,4
49,133,2
78,138,5
38,141,1
53,167,5
1,103,2
74,77,1
46,59,5
15,243,3
54,4,5
68,153,5
44,16,3
66,224,4
58,174,3
33,208,4
71,56,1
74,120,1
22,176,3
8,246,3
46,5,4
26,75,1
9,43,4
11,220,2
39,105,1
65,17,4
23,107,4
10,117,3
4,164,3
58,21,5
16,156,3
72,155,3
35,139,4
29,89,1
52,218,3
22,142,2
75,183,3
54,124,5
15,247,5
22,42,4
9,222,5
45,240,2
58,164,5
16,171,5
52,43,2
33,228,5
53,194,3
25,24,5
23,92,4
62,130,3
11,160,1
54,102,4
57,158,2
44,181,4
14,195,4
38,216,4
15,238,3
60,171,4
28,107,1
20,123,5
37,27,4
54,56,4
18,162,1
27,62,1
64,88,5
64,223,4
12,21,3
39,165,4
55,236,3
42,53,1
65,198,3
20,74,2
79,171,4
39,24,3
10,22,1
28,115,1
47,156,1
8,70,2
70,148,5
72,152,3
29,182,5
44,226,5
18,68,5
44,198,5
45,245,5
46,246,4
33,54,4
65,131,3
60,164,3
48,158,2
24,137,5
19,35,1
59,184,3
37,53,2
52,149,5
33,217,2
71,161,3
30,237,5
14,206,3
56,7,2
16,113,1
28,170,3
37,217,3
39,10,1
72,129,4
40,173,4
78,15,4
3,117,3
6,240,3
47,101,5
48,88,1
31,142,2
41,187,2
51,92,3
65,76,2
14,38,3
77,211,4
36,99,2
54,244,4
19,243,2
59,245,5
12,8,1
52,99,2
34,121,4
2,172,1
51,167,5
66,75,4
67,23,1
68,186,4
9,6,3
28,42,2
1,100,3
69,80,4
27,229,4
67,194,2
35,84,2
70,22,2
78,15,1
22,20,2
7,89,4
29,44,4
65,106,5
67,146,2
42,211,3
76,196,4
43,113,2
71,224,1
23,145,2
72,89,2
47,237,1
66,108,4
62,123,2
37,211,4
21,95,4
33,183,4
29,7,1
37,109,5
28,98,2
43,129,1
58,81,3
40,221,4
58,31,3
56,196,3
63,169,4
43,185,5
29,156,1
6,204,1
40,185,2
62,178,2
46,226,2
47,112,3
71,103,5
68,151,3
70,203,5
43,32,1
44,155,2
52,206,4
55,197,4
70,247,2
14,144,1
32,130,5
62,125,3
2,220,5
73,94,1
37,195,5
58,101,1
49,196,5
25,234,2
14,233,5
57,115,4
57,220,1
66,3,5
33,180,3
11,48,2
18,74,3
44,16,1
15,83,2
40,65,4
38,59,5
2,3,5
43,156,2
24,166,5
48,249,4
72,58,4
10,166,1
8,222,4
54,84,3
27,119,5
64,25,1
79,101,5
21,83,1
57,70,4
53,243,5
16,101,5
57,32,2
36,236,1
10,217,5
9,108,2
18,49,4
1,194,3
40,51,2
3,98,4
71,94,4
15,16,2
77,120,1
14,57,3
71,137,2
63,156,1
18,68,5
30,94,2
79,69,4
16,47,3
49,33,1
23,31,5
63,29,5
30,26,5
15,19,3
18,249,3
7,247,4
49,194,1
24,130,2
64,18,2
70,190,1
52,172,4
73,4,5
74,190,4
57,111,2
11,210,1
50,95,3
44,43,4
46,126,3
78,147,3
7,216,1
47,1,2
8,229,3
40,219,1
65,51,5
68,101,1
1,84,5
79,88,3
48,86,5
42,123,5
1,63,1
62,98,2
3,209,4
69,191,3
39,47,4
45,209,3
64,94,2
28,184,1
9,146,4
26,230,1
16,213,2
24,148,3
73,13,2
15,198,4
70,116,3
68,234,1
29,16,5
4,63,5
25,42,1
34,188,3
4,116,4
62,173,1
58,3,2
24,117,3
72,221,3
23,32,5
66,219,5
71,171,1
10,122,2
50,177,3
73,40,5
3,62,4
55,2,4
20,37,2
45,146,5
8,206,2
14,183,2
60,161,4
54,162,3
25,239,1
68,174,3
70,52,3
30,28,5
5,19,5
39,14,3
31,57,4
79,130,3
33,23,4
58,113,5
79,202,2
40,85,2
77,30,4
26,236,3
45,198,1
34,182,5
57,122,1
58,135,2
6,140,3
39,188,3
26,162,1
13,167,3
43,106,5
63,142,2
3,58,2
25,137,4
70,111,1
11,143,3
27,158,1
30,15,3
52,200,4
60,69,2
35,134,3
17,177,3
60,89,3
38,95,5
16,44,4
20,86,2
30,182,4
50,3,3
22,166,5
37,108,3
29,166,4
16,212,1
72,65,3
31,183,1
71,225,4
3,160,3
42,142,5
41,18,2
77,218,3
28,165,1
66,164,3
19,234,4
5,108,4
48,149,1
20,43,2
35,64,3
76,195,2
30,89,1
56,175,3
21,138,1
10,195,4
71,201,2
49,127,4
15,209,3
14,135,4
43,76,3
29,232,1
40,116,1
52,176,4
54,124,2
77,134,3
52,49,3
33,63,3
8,11,5
68,206,3
49,111,5
23,151,1
52,201,2
24,43,3
50,227,2
26,79,1
75,89,2
44,122,3
26,160,3
54,199,3
32,77,2
34,16,5
79,200,3
68,190,3
60,172,3
55,169,3
47,172,5
6,248,4
20,93,4
42,105,2
7,90,3
10,101,4
12,77,1
69,70,2
14,246,5
38,7,5
25,117,4
24,68,4
33,84,1
14,203,2
44,29,4
13,199,1
34,32,2
75,199,2
31,25,2
7,89,3
1,148,2
76,57,5
13,163,2
1,201,4
37,28,4
15,127,3
70,102,5
39,60,1
56,199,3
36,120,3
55,197,5
59,208,3
48,183,4
69,4,3
36,218,5
39,80,2
36,184,5
57,177,2
24,29,5
69,75,2
61,100,4
49,56,4
5,219,4
70,159,2
27,160,3
41,161,2
51,37,4
26,248,3
17,26,1
65,41,4
75,146,1
58,61,2
9,206,2
28,223,5
79,123,2
5,7,2
46,122,3
4,12,3
62,152,2
2,234,2
21,37,4
17,228,1
47,114,1
7,188,4
21,204,4
5,185,4
27,129,5
79,195,4
58,39,4
14,246,4
1,79,4
70,209,5
20,140,2
35,180,2
23,172,4
63,242,5
33,189,1
43,11,2
60,188,2
9,178,3
8,58,4
77,218,4
73,61,1
31,84,2
12,77,2
79,109,5
30,118,2
72,1,3
72,161,1
48,6,2
3,4,5
47,204,5
65,95,3
25,152,1
19,139,3
3,211,1
47,192,4
2,81,1
27,102,3
30,15,5
31,190,5
17,220,3
79,106,3
76,19,2
10,22,5
48,219,4
26,119,5
4,142,1
43,160,1
23,171,4
1,207,4
56,83,2
30,60,5
36,215,3
52,67,1
60,147,4
19,201,5
21,80,5
19,173,4
14,84,2
59,37,5
41,185,1
42,47,5
40,217,4
43,112,5
50,96,1
32,113,2
37,11,3
49,110,1
56,149,4
67,173,4
36,105,2
1,223,5
12,13,1
37,157,4
23,209,5
35,101,5
70,38,5
44,21,5
7,87,4
23,113,1
3,105,3
52,20,5
15,213,3
14,59,4
40,24,4
15,68,1
40,54,5
57,196,1
54,4,3
69,187,1
72,179,3
52,102,4
67,173,4
13,134,5
38,248,3
13,39,5
66,122,4
66,175,5
33,119,5
17,199,1
40,79,4
70,117,4
59,60,1
69,32,2
74,204,5
47,236,1
70,74,1
62,54,3
38,126,3
22,185,5
13,203,3
1,110,2
54,163,1
28,3,4
51,22,5
15,135,5
4,159,3
33,164,3
63,193,4
27,233,2
30,61,5
28,6,4
25,18,5
45,41,3
14,184,3
46,115,3
54,63,5
75,161,4
7,53,3
5,125,4
13,42,2
8,49,1
34,244,2
15,244,2
40,143,4
2,66,3
42,140,5
65,169,3
64,180,1
76,141,2
69,91,3
74,142,5
63,203,3
54,34,1
45,47,2
13,210,1
60,188,3
78,43,5
24,87,5
23,140,2
72,78,4
10,240,2
28,12,5
58,195,3
47,97,3
2,138,2
13,209,5
35,22,2
31,6,4
6,11,4
74,136,2
21,200,5
27,49,1
51,207,1
41,46,4
22,192,5
45,197,5
17,12,2
12,90,3
19,118,1
39,89,2
50,11,4
48,6,5
42,240,4
58,178,5
36,240,1
52,45,2
65,196,4
62,56,2
14,45,4
34,232,2
56,99,2
27,233,2
21,52,1
13,31,3
65,223,2
27,192,3
13,235,4
5,115,3
25,151,4
7,141,3
35,9,2
61,169,4
36,186,5
73,96,5
71,32,5
35,32,4
12,149,3
4,232,3
66,182,2
8,139,4
39,188,2
7,210,4
34,149,4
21,223,3
56,126,5
40,130,4
62,9,2
77,117,1
31,14,3
76,137,3
30,185,3
32,114,2
49,153,1
53,210,3
63,174,1
30,82,4
74,32,2
48,198,2
8,184,2
61,124,4
14,122,3
47,123,2
42,132,3
2,134,2
59,189,2
21,44,4
67,116,4
9,158,4
55,49,5
68,188,2
53,218,4
8,8,2
44,130,3
64,187,2
36,176,3
11,73,5
20,241,2
41,103,2
79,52,1
47,174,5
46,41,4
65,48,2
20,77,5
24,220,1
45,119,3
22,71,2
18,1,2
37,40,1
40,40,3
30,10,4
68,40,4
59,28,1
29,33,1
60,125,1
22,109,2
5,220,5
40,129,2
57,106,4
73,157,2
38,213,5
22,246,1
25,4,1
79,237,1
8,126,1
76,240,3
23,5,4
28,8,5
56,22,4
12,235,1
40,164,5
36,136,1
1,167,2
4,241,2
15,61,4
45,33,1
47,116,4
67,72,5
8,142,1
21,199,4
10,71,2
17,72,1
32,39,3
18,249,4
66,45,5
58,108,5
35,220,1
38,192,5
57,121,2
55,82,5
18,61,1
22,187,5
6,95,4
67,122,1
47,206,1
47,231,5
9,155,4
59,63,5
65,83,2
39,127,2
76,7,4
76,161,3
47,195,1
10,94,2
23,242,1
24,17,5
32,133,1
63,221,5
7,64,2
66,130,3
51,8,5
58,180,1
6,134,4
52,230,4
65,168,3
20,171,4
38,18,2
42,29,2
74,117,3
67,9,2
54,188,1
79,229,1
77,149,4
20,134,2
79,172,2
2,244,1
29,219,5
20,228,5
67,132,1
74,52,5
29,71,1
74,242,5
67,191,4
4,77,5
73,191,2
6,37,3
71,43,5
15,5,4
36,248,2
42,237,2
47,187,2
10,33,2
27,246,2
68,135,1
69,61,2
55,74,1
30,80,2
56,156,3
61,161,2
79,62,1
56,184,1
47,49,4
74,17,1
77,142,3
54,146,4
38,7,4
78,31,2
70,69,5
57,110,4
36,186,3
9,37,2
11,82,5
51,24,5
69,133,1
41,17,5
37,105,2
39,170,4
46,74,4
49,83,2
36,143,3
71,242,1
66,239,4
31,202,5
42,105,4
64,103,5
27,34,2
23,73,3
49,244,1
4,170,2
27,136,1
79,6,5
53,12,2
39,38,2
43,158,1
76,20,5
14,187,3
42,218,1
45,81,3
28,174,1
75,228,2
36,181,3
47,85,1
10,82,3
62,189,4
43,13,5
59,30,3
74,154,3
18,11,3
19,50,3
25,200,3
62,31,2
9,163,4
46,141,1
60,164,3
41,167,4
74,241,3
25,85,2
30,102,1
6,136,4
53,67,1
76,147,4
24,153,3
2,173,4
50,24,2
48,75,3
64,137,1
61,47,3
65,178,3
41,73,3
32,89,5
47,158,4
68,223,5
29,243,4
27,95,4
34,84,2
78,25,1
17,172,5
58,25,2
30,242,2
20,97,5
60,241,2
48,221,3
69,66,5
60,219,1
46,110,2
58,203,3
66,198,3
65,220,5
36,13,4
78,238,2
22,142,5
66,15,2
34,53,1
66,154,5
47,40,3
38,209,2
43,213,3
48,29,1
2,157,5
77,160,4
64,81,2
35,140,3
74,136,1
49,72,4
65,93,4
32,156,4
7,127,4
73,235,4
27,223,2
19,105,1
50,118,5
49,26,5
38,187,3
64,193,4
52,64,1
32,195,1
21,144,3
56,204,3
62,48,5
4,134,2
10,65,5
75,121,2
44,104,1
79,176,3
79,119,2
70,178,2
61,104,4
32,245,2
60,151,1
74,107,5
36,107,3
63,109,1
36,93,2
4,68,1
53,30,4
19,90,5
18,107,3
31,48,3
76,83,3
68,120,2
71,59,2
16,141,4
69,233,4
68,110,1
46,76,4
73,229,4
8,76,3
76,120,4
8,198,2
21,143,2
24,185,4
47,9,4
42,221,3
5,136,4
32,9,5
6,128,4
57,26,2
75,111,3
45,197,5
75,196,1
65,172,2
23,139,1
7,53,4
36,61,2
71,91,4
53,1,3
36,218,1
20,41,4
49,130,4
1,121,3
76,209,1
63,102,2
8,245,4
41,65,4
79,200,1
11,244,4
62,1,1
54,16,2
28,151,2
39,124,1
68,243,1
68,160,3
77,204,2
17,1,3
33,181,5
3,10,5
60,171,2
19,47,2
43,69,2
21,193,5
66,156,4
45,70,4
41,63,3
69,224,2
13,109,3
56,55,1
72,77,4
41,14,2
20,1,5
57,37,4
72,127,1
24,174,3
30,204,5
69,248,5
47,96,5
30,24,5
60,132,5
45,161,4
54,189,1
45,97,1
48,96,2
50,234,2
14,7,2
65,212,2
7,15,1
7,61,1
2,182,3
59,129,2
13,137,4
9,35,3
34,104,1
31,44,1
31,105,4
63,7,5
78,111,2
76,80,1
23,14,4
6,36,1
24,65,2
30,103,1
33,19,1
24,171,1
39,207,4
56,213,3
66,179,2
44,184,4
54,169,4
68,151,5
60,149,1
52,174,2
65,110,4
39,52,5
52,171,2
1,64,4
34,246,1
19,132,5
19,55,2
23,63,3
26,185,4
45,244,1
28,24,5
55,36,5
58,125,4
50,28,1
73,83,5
78,15,5
56,215,5
78,160,2
76,116,2
73,188,2
26,142,5
38,159,2
43,204,5
21,248,2
59,67,1
62,102,4
18,245,3
79,232,1
36,241,1
70,45,5
78,84,2
26,184,2
25,4,2
55,160,5
31,145,5
53,187,2
36,42,3
38,181,1
7,209,1
62,231,3
28,209,1
34,108,2
19,69,2
65,96,1
65,246,3
42,207,2
53,16,5
69,128,4
34,18,2
33,25,4
43,48,5
60,44,3
67,47,1
56,206,4
74,48,4
71,97,1
64,36,3
25,43,3
53,95,4
18,94,2
14,181,1
36,44,2
46,34,3
8,121,2
19,11,3
31,127,3
44,79,4
29,110,1
11,88,5
69,111,5
25,73,4
65,203,1
61,180,2
30,182,5
3,177,3
64,46,5
26,214,4
55,150,1
60,29,1
21,187,3
76,149,3
23,83,5
2,112,4
50,157,4
75,108,1
51,40,5
6,138,3
60,121,3
36,172,3
29,137,2
35,6,2
43,55,1
33,116,2
18,211,1
61,94,3
60,139,3
20,37,1
57,115,1
38,70,2
65,98,3
66,147,4
62,212,1
29,13,2
40,119,4
10,52,2
54,40,4
19,177,4
4,28,2
75,119,5
63,38,3
29,185,3
24,52,4
54,249,3
18,146,2
34,211,4
31,182,1
14,207,3
11,40,3
52,97,4
65,23,3
22,245,5
62,157,1
76,239,4
78,41,5
17,144,5
66,90,4
36,167,1
34,186,2
11,177,2
9,133,2
22,87,2
34,110,1
37,33,2
57,22,1
16,120,5
36,15,4
54,181,5
18,85,2
45,52,1
25,25,3
14,171,2
26,80,2
12,67,3
47,9,3
20,153,2
56,220,4
22,243,4
70,38,4
45,70,5
3,109,5
65,61,5
61,118,2
19,178,3
64,75,5
74,153,4
11,140,5
49,229,5
19,31,4
42,215,4
60,228,2
40,180,3
39,58,5
39,69,5
2,174,3
55,37,2
44,129,1
23,88,5
73,235,4
31,121,5
4,118,2
7,56,2
59,130,1
30,33,4
54,42,1
59,140,2
24,200,3
68,5,4
60,211,5
51,165,1
7,181,1
67,81,1
39,17,1
27,210,3
11,71,2
31,208,2
49,76,3
31,83,2
35,207,3
65,48,5
35,154,1
58,58,4
57,19,5
51,171,1
45,18,1
47,82,1
33,126,4
61,151,4
19,151,2
44,242,1
14,20,2
45,155,2
49,109,5
73,151,3
70,233,3
6,88,3
7,95,1
28,104,5
37,210,5
48,67,4
6,223,2
48,246,5
44,185,5
71,172,4
75,167,3
25,229,3
45,117,3
59,10,3
69,83,5
32,1,2
60,170,3
22,70,2
1,162,5
38,245,3
10,17,5
21,203,4
56,241,2
55,29,5
45,174,5
37,168,5
30,217,3
41,131,5
31,212,4
2,47,3
51,237,5
68,228,1
21,181,4
65,77,3
57,47,1
62,8,1
8,126,2
5,132,4
23,77,5
21,57,3
74,117,3
75,242,2
48,14,4
17,24,3
37,205,5
64,151,4
26,154,2
35,163,2
62,25,4
31,120,2
51,127,1
21,132,2
29,215,1
54,211,5
24,241,1
13,77,4
50,151,4
47,245,4
71,102,2
1,93,3
78,147,1
70,188,1
50,150,5
66,48,5
14,11,1
72,101,5
66,14,3
70,186,5
66,72,3
42,102,1
10,164,4
61,243,2
76,124,4
58,43,1
65,10,3
65,47,4
56,141,2
53,245,2
47,11,4
24,80,1
45,211,5
7,62,1
66,207,2
26,82,4
14,231,1
16,214,1
16,147,4
18,226,5
78,200,1
52,134,5
57,46,4
63,11,1
5,126,4
42,21,5
3,18,2
78,195,4
74,108,5
16,75,5
77,6,1
39,124,4
43,64,4
61,50,1
77,239,2
59,211,2
26,16,1
15,212,1
49,119,3
13,128,5
34,12,5
48,100,5
11,248,1
24,96,2
66,170,5
19,136,5
41,62,5
35,45,2
69,134,2
4,130,5
55,142,5
14,2,5
39,149,5
39,192,5
66,210,3
66,152,4
74,39,1
59,180,5
15,107,4
66,112,4
70,7,1
78,185,4
2,31,3
12,199,2
78,197,4
69,151,2
21,24,2
10,48,1
79,40,5
48,181,1
78,249,2
43,236,4
20,113,2
24,212,4
49,111,5
41,209,1
53,117,4
46,17,1
73,124,2
79,229,2
54,49,1
55,114,3
25,147,3
77,141,1
22,196,4
54,37,2
60,160,2
42,43,3
69,245,2
67,166,2
27,159,4
50,82,2
10,123,5
41,3,3
42,73,2
48,24,1
57,68,3
31,91,2
23,199,3
16,83,2
68,233,4
15,10,1
38,25,2
43,42,3
16,53,3
13,84,1
29,192,1
31,213,3
15,146,5
24,154,1
56,127,4
58,82,3
39,131,1
11,202,3
73,244,2
11,181,3
49,1,3
39,61,2
13,182,2
48,125,3
58,2,1
14,106,2
67,72,4
3,242,2
64,185,2
71,12,4
44,153,2
59,235,4
41,241,3
32,81,2
32,38,4
65,16,1
48,73,1
58,26,3
39,242,1
62,220,5
57,45,4
22,209,4
59,187,3
22,247,5
43,23,3
70,57,5
41,243,5
79,224,4
16,126,2
2,227,4
53,248,2
68,188,4
14,124,1
53,12,4
40,136,1
12,212,2
6,38,4
32,116,4
74,159,3
24,98,1
62,76,1
22,228,1
46,42,4
71,214,1
37,119,1
30,245,3
24,98,2
37,54,2
38,167,3
46,80,5
49,145,2
74,215,4
17,238,2
33,48,5
56,76,2
39,122,3
54,203,2
28,32,3
32,146,2
3,171,5
53,165,4
79,232,1
60,166,3
57,195,2
59,47,1
63,122,4
66,7,4
40,49,2
18,235,1
77,187,4
42,199,1
50,224,5
10,40,5
50,189,3
63,107,5
73,47,1
48,249,2
20,184,5
56,126,3
21,61,1
67,240,4
53,232,4
11,181,4
10,225,2
13,174,5
69,24,3
77,75,3
59,129,3
77,97,4
75,136,3
66,51,2
30,100,1
27,55,4
41,117,2
34,203,1
8,189,3
18,113,2
29,46,4
33,28,5
35,25,5
41,97,1
38,28,3
16,245,2
54,69,3
55,117,2
21,217,1
19,218,3
22,57,4
53,213,1
78,244,2
34,132,2
76,202,2
17,123,1
26,159,2
41,168,3
46,95,1
29,28,1
48,25,1
10,132,1
51,239,5
6,72,4
47,219,5
47,99,3
39,144,5
34,153,4
56,65,3
74,204,3
42,117,1
22,97,4
21,89,3
30,212,5
63,245,5
9,185,1
32,21,1
6,68,4
49,80,4
56,95,4
9,122,4
64,65,3
13,161,4
49,50,1
19,77,1
12,88,4
4,107,3
19,204,1
6,137,5
22,151,2
63,55,2
20,236,4
34,5,1
24,201,1
6,107,2
36,136,5
51,167,2
67,69,5
41,228,5
31,233,2
77,142,5
41,130,2
33,189,5
35,120,4
67,47,5
40,196,5
25,151,2
76,15,3
57,20,2
20,155,1
19,193,5
19,135,2
65,222,4
61,244,2
10,174,3
8,59,2
41,55,2
70,8,2
5,224,5
28,219,3
44,83,5
12,146,5
15,114,2
75,1,5
24,140,3
21,159,5
45,99,1
27,129,2
3,214,2
77,108,5
30,167,3
34,157,5
39,32,4
23,4,4
40,46,4
75,95,5
12,202,1
25,25,5
67,1,4
72,123,2
58,31,5
9,243,5
27,22,1
77,202,1
60,31,1
67,76,1
55,134,3
68,28,5
64,190,2
14,218,3
6,112,3
76,214,3
55,148,1
53,151,5
20,104,2
5,204,4
10,154,4
23,72,1
60,116,4
38,221,5
74,37,2
3,133,2
43,124,4
4,114,3
23,160,5
40,18,1
58,41,2
16,50,4
64,25,1
10,232,1
18,66,3
19,144,5
33,196,5
17,244,4
13,93,4
34,5,4
35,186,5
78,149,3
50,7,5
59,115,3
62,177,3
31,50,5
34,221,5
67,154,3
62,68,5
53,31,2
67,207,4
48,91,1
20,7,5
76,130,1
39,236,3
67,203,3
41,106,4
75,43,5
66,176,4
24,7,2
9,188,3
19,33,4
35,186,5
10,48,2
78,168,5
49,156,1
28,142,4
18,239,4
28,221,1
8,148,4
2,99,5
31,63,4
58,26,5
33,100,3
70,233,5
2,93,3
24,179,5
33,142,4
18,246,1
11,194,4
12,49,5
38,145,1
33,142,3
4,221,2
33,49,2
56,125,4
69,100,4
69,98,4
44,35,2
18,118,4
34,200,2
4,234,5
64,129,3
54,6,5
62,90,1
51,63,2
29,125,2
73,11,1
34,30,5
37,249,3
38,166,4
4,191,2
26,109,4
54,185,4
5,1,5
29,105,4
16,76,3
74,99,5
34,86,3
6,36,4
42,152,2
25,93,2
2,112,2
50,202,5
4,228,5
2,213,4
42,192,2
60,49,3
33,248,3
75,66,1
26,203,3
33,195,4
26,207,3
18,84,5
4,21,1
73,133,3
23,202,3
35,143,5
78,245,1
26,59,5
44,78,1
30,58,3
79,81,4
25,244,5
8,18,2
60,189,4
53,208,3
28,110,5
51,174,2
17,59,4
2,95,1
68,61,3
15,248,2
3,87,2
12,155,3
7,183,1
32,186,1
72,216,3
5,94,3
11,221,3
19,124,3
34,95,1
26,129,3
63,217,2
43,57,3
16,88,2
8,134,3
59,69,4
66,219,2
2,87,2
22,93,3
29,128,5
23,66,2
76,4,1
55,148,2
24,244,3
22,248,1
79,172,4
50,133,4
36,134,1
44,162,2
40,208,3
18,203,2
28,141,3
31,12,2
65,59,4
43,172,1
37,196,1
60,163,2
28,68,5
67,11,4
24,67,5
4,130,5
68,215,3
39,192,5
25,6,4
24,64,3
73,237,2
19,94,5
55,52,2
23,140,5
59,84,5
7,111,2
22,94,2
29,192,1
41,124,1
14,48,2
40,134,1
40,202,1
7,204,5
11,17,5
6,66,5
68,119,4
52,36,3
48,116,1
9,32,2
43,23,1
59,12,3
72,81,3
66,158,1
66,183,1
50,112,2
18,104,5
19,154,1
47,83,2
13,131,4
18,160,2
10,64,5
72,124,4
20,137,5
75,103,2
46,166,4
73,150,2
12,213,5
15,90,5
34,247,2
76,145,5
52,228,2
8,124,4
75,10,5
25,131,3
79,111,4
72,192,4
31,202,1
76,217,4
57,220,1
48,75,4
59,139,1
51,7,1
32,177,3
29,185,4
42,47,5
16,114,1
61,159,3
23,105,5
75,230,1
60,91,2
36,45,4
21,202,1
37,134,3
52,170,5
74,185,1
42,17,5
67,243,5
75,118,4
54,177,3
31,93,2
42,157,1
18,30,1
69,5,4
57,64,5
72,129,5
33,238,1
47,99,2
64,235,2
53,176,5
21,18,1
17,184,5
29,151,5
13,191,4
8,185,5
34,102,2
58,249,2
70,230,5
31,139,4
79,21,2
20,115,2
32,128,4
77,126,5
32,118,1
15,151,1
65,65,4
56,241,1
3,64,1
12,191,4
13,30,5
25,189,5
40,99,4
59,242,3
3,64,5
72,240,1
40,157,1
69,97,2
44,160,4
28,116,5
61,144,5
78,168,5
47,209,4
35,131,2
7,21,4
56,175,5
31,61,5
32,243,3
63,30,2
53,246,3
71,207,2
55,64,4
46,185,1
30,162,1
61,204,5
37,109,1
35,218,4
76,221,2
57,209,5
24,229,5
20,183,3
39,156,2
74,198,2
29,135,5
3,11,5
4,115,2
64,186,1
50,164,5
21,238,2
55,122,1
21,82,2
18,149,2
45,97,4
77,55,2
33,221,4
3,116,3
14,226,2
49,227,4
57,86,1
49,3,2
48,243,3
69,156,1
62,156,1
52,95,1
58,116,3
47,116,4
33,14,3
41,188,1
8,114,4
23,223,2
51,78,2
56,116,5
17,29,3
58,244,1
47,129,3
41,238,4
33,135,4
75,15,5
4,28,4
6,161,4
37,124,5
12,78,1
44,240,4
39,189,3
39,88,5
63,197,1
78,104,3
12,5,1
66,134,1
76,109,3
6,183,3
25,64,1
71,236,5
51,137,5
61,82,2
56,73,4
6,117,3
77,142,4
14,38,4
53,182,4
8,244,3
56,23,4
64,111,5
70,84,5
20,94,2
49,188,4
7,88,2
9,87,2
30,4,3
51,195,4
30,61,1
27,27,3
69,123,4
37,238,4
40,228,2
2,11,4
69,5,5
55,110,2
15,193,1
19,91,3
39,186,5
58,130,1
28,108,1
59,171,5
16,8,5
49,101,2
8,132,1
42,110,5
4,138,5
13,239,1
51,156,2
24,18,4
13,114,2
19,88,1
44,152,5
75,171,2
28,172,2
39,248,3
73,17,1
56,104,4
70,67,1
20,102,2
29,234,5
76,22,4
79,65,5
44,50,5
2,225,2
48,106,4
12,137,4
60,132,5
51,172,4
35,100,1
21,105,2
24,57,1
71,220,2
66,169,5
68,115,4
2,28,4
23,123,3
7,165,4
56,99,5
13,149,5
37,100,2
38,21,2
3,109,3
41,218,2
10,181,5
77,89,5
42,214,3
42,21,3
2,71,3
32,61,1
1,137,5
60,177,3
6,99,3
38,193,2
43,2,5
2,48,1
72,154,4
78,154,4
27,58,2
50,41,4
21,154,2
51,97,4
40,218,3
13,202,4
7,1,4
34,122,3
1,151,5
19,196,4
49,194,3
15,202,5
28,99,5
77,170,4
77,128,4
50,167,1
72,229,2
11,8,2
13,59,5
4,42,2
54,50,2
78,129,5
71,205,5
49,33,3
16,100,1
39,58,4
79,162,5
45,174,5
26,33,4
29,153,4
62,63,1
24,3,5
72,10,2
38,10,1
65,38,4
22,70,2
23,111,4
9,172,2
12,158,5
52,6,2
40,115,1
30,65,4
63,171,5
53,165,5
24,30,5
38,117,1
27,248,3
48,106,4
55,204,4
5,37,5
54,199,4
21,208,3
79,47,3
2,95,1
79,96,5
25,75,3
27,153,2
24,132,4
74,122,3
21,185,4
76,143,4
24,25,4
26,194,4
61,42,2
26,26,3
9,229,3
67,16,5
3,192,1
20,155,2
24,122,5
12,24,5
9,102,5
34,64,3
62,220,2
47,81,2
70,228,3
51,11,1
52,68,2
39,86,1
51,55,4
46,79,4
6,224,1
79,206,4
48,13,3
36,95,3
61,158,4
3,171,3
76,105,4
72,17,2
10,188,5
55,92,5
47,141,4
4,83,5
21,70,5
70,25,1
25,100,3
33,242,3
1,207,2
42,56,1
32,29,2
18,193,4
16,12,2
18,89,2
73,122,2
51,75,3
74,195,1
52,157,3
51,175,4
68,150,5
64,55,5
39,55,5
63,152,3
7,121,3
72,67,5
34,3,1
27,69,1
78,232,2
56,1,2
68,169,1
58,211,5
45,15,4
24,35,1
33,121,4
37,65,2
32,226,5
48,45,5
57,87,4
9,158,4
45,92,1
46,75,4
24,237,3
74,110,3
49,160,1
29,51,2
23,148,1
70,5,1
54,40,5
64,166,3
31,183,4
69,89,1
69,156,4
62,213,3
61,36,5
10,47,2
17,36,1
64,51,5
23,21,1
5,192,2
15,102,3
61,192,5
6,218,3
78,242,3
64,189,5
72,224,1
53,240,5
22,181,3
73,170,1
29,174,1
40,75,1
49,248,4
30,18,3
16,10,4
53,107,2
36,171,1
78,61,2
49,237,4
24,30,4
41,67,5
11,249,5
70,246,5
59,152,5
68,108,4
67,101,1
8,52,5
27,174,4
35,18,1
79,174,3
36,211,1
31,49,5
57,186,3
61,214,5
3,50,1
45,132,3
25,172,4
55,163,5
50,88,4
19,53,3
24,67,5
68,61,5
29,22,2
35,44,3
29,62,3
19,192,1
63,16,3
43,161,4
15,199,3
46,87,5
2,97,2
39,113,4
36,79,3
16,132,4
79,16,4
21,90,3
71,164,1
51,176,5
41,211,3
44,245,1
55,169,2
1,118,5
13,88,4
38,89,5
9,218,2
13,18,1
70,8,4
43,132,3
34,66,1
51,127,5
76,86,2
49,206,1
70,244,3
23,182,2
1,27,4
12,132,2
40,167,4
39,137,4
2,214,2
53,74,1
7,173,1
25,93,1
72,127,2
15,153,3
26,82,1
42,61,2
76,238,5
59,117,1
78,169,2
19,21,5
50,130,1
26,219,3
65,28,3
75,1,1
48,177,3
77,198,1
6,35,1
39,152,4
65,173,2
20,186,4
59,46,4
25,232,2
23,188,5
57,223,3
29,243,1
50,71,1
51,73,5
52,83,2
75,179,1
27,5,3
73,170,1
55,40,3
25,28,3
30,184,2
6,91,3
3,37,3
13,66,4
65,191,2
16,211,3
79,67,2
18,20,3
19,240,5
22,196,3
27,193,5
47,206,3
5,116,2
24,118,3
38,42,1
21,193,4
35,56,5
45,153,2
78,65,1
36,201,2
62,242,1
38,209,4
44,85,1
25,191,2
48,182,1
77,130,1
40,31,4
6,132,4
35,20,1
51,103,1
58,181,5
28,247,5
16,227,5
58,53,5
75,210,4
78,16,3
21,36,1
26,15,1
26,32,1
2,166,2
16,73,2
22,73,1
19,64,4
21,106,5
54,164,5
13,32,1
78,231,2
5,188,4
14,101,5
58,49,3
24,52,4
67,213,2
13,203,4
11,3,4
15,214,3
59,58,3
20,49,4
38,132,1
15,156,4
20,106,5
44,10,3
1,59,1
53,141,4
77,207,1
55,248,2
65,213,1
53,30,4
61,49,4
71,16,2
57,123,5
65,162,3
13,77,4
62,163,3
20,53,2
55,24,2
78,193,1
58,180,1
16,47,4
7,222,5
17,249,1
44,144,3
70,107,2
40,101,4
16,137,2
73,249,1
54,46,5
30,247,2
66,195,5
39,163,2
48,188,2
32,66,4
76,35,1
41,82,3
13,102,1
39,59,2
46,237,1
8,207,2
2,199,3
50,91,3
55,168,1
70,247,2
60,152,5
57,212,1
2,159,2
44,128,3
73,200,3
22,39,2
30,64,1
78,122,4
19,43,5
25,142,1
47,101,1
30,170,5
41,232,4
18,200,5
32,173,3
78,46,1
64,143,5
35,232,4
46,185,2
16,171,5
70,239,1
59,80,4
61,206,5
72,86,2
29,189,5
27,9,1
49,29,1
72,228,2
15,109,1
44,156,2
68,36,4
64,239,2
17,90,2
45,169,1
48,213,4
52,97,4
46,189,4
7,114,1
68,92,2
52,115,4
22,237,3
74,222,1
21,171,1
52,145,3
56,188,3
68,22,1
41,38,1
71,159,1
37,43,5
66,159,3
66,180,3
69,131,5
72,197,3
58,57,2
77,243,4
30,243,3
16,117,4
27,141,2
53,249,5
60,182,3
40,46,1
73,152,1
48,5,2
56,180,5
73,98,1
42,73,1
10,193,5
28,159,2
69,138,1
25,137,4
18,175,1
66,116,1
43,25,2
14,234,2
59,60,3
49,247,2
78,164,2
71,244,1
16,176,1
15,116,4
58,93,5
42,46,4
20,83,2
56,39,5
9,118,3
2,50,4
16,142,4
76,52,1
42,107,3
58,124,1
71,168,4
9,150,1
57,230,5
19,4,1
49,112,2
48,243,1
50,192,1
18,239,5
23,75,4
66,173,3
21,210,4
55,28,2
51,82,1
70,205,4
1,70,4
40,9,5
6,224,5
3,238,5
17,7,5
14,223,5
18,52,1
57,196,5
36,223,4
6,156,1
74,18,3
65,234,4
48,73,1
26,57,1
48,201,5
54,164,5
78,163,3
57,130,5
51,198,2
19,40,3
25,106,3
44,31,1
15,234,2
72,82,4
47,83,5
30,56,3
62,48,5
34,19,5
41,31,1
36,248,2
31,15,2
31,13,3
25,104,5
38,227,5
72,13,1
79,164,5
32,7,4
45,66,5
68,193,5
35,9,2
62,38,5
2,91,1
19,129,1
42,222,4
60,113,5
22,55,1
56,196,1
24,81,3
63,91,4
32,90,1
14,82,1
64,185,2
4,95,5
22,99,1
20,179,3
16,199,5
22,188,3
4,176,3
31,28,3
63,241,1
53,161,1
24,229,3
29,102,4
77,9,2
68,73,3
51,78,2
68,105,4
37,129,5
40,158,4
56,101,5
34,70,3
16,179,3
47,51,3
79,161,1
22,223,2
44,198,5
75,224,4
50,246,1
53,84,1
74,145,2
5,242,5
9,51,5
30,72,4
16,97,4
32,76,4
66,116,4
34,7,1
57,33,5
46,103,1
35,182,5
60,219,5
18,160,3
27,78,2
64,224,2
77,174,3
7,70,2
39,187,2
40,6,2
69,221,2
35,91,1
50,39,3
20,15,3
53,239,3
25,29,2
47,46,2
31,20,1
7,59,4
8,132,4
34,58,1
4,171,2
13,226,2
71,51,3
74,42,3
36,243,5
2,50,5
9,51,5
61,141,5
49,173,3
64,46,1
72,166,3
67,221,1
13,182,5
12,178,1
52,203,1
43,194,3
30,158,2
18,192,1
21,157,3
64,149,4
77,119,2
53,122,4
3,70,3
47,105,2
50,168,2
70,100,2
49,232,3
25,81,2
33,62,1
5,101,2
69,109,2
72,119,5
71,53,1
49,24,5
75,136,3
5,229,2
35,32,5
67,32,4
76,32,2
1,234,3
13,136,1
51,156,3
45,150,5
47,39,5
62,2,2
64,216,5
64,199,4
79,199,5
18,220,1
67,245,1
19,207,5
12,239,3
38,91,2
24,168,5
45,105,2
72,48,3
57,113,3
35,88,4
37,99,1
8,245,4
6,94,5
21,152,2
40,108,5
20,213,4
49,242,1
75,112,1
2,247,3
65,66,3
62,28,4
78,127,4
57,172,3
41,23,5
35,236,1
63,210,5
66,194,3
12,141,3
66,206,1
78,140,4
10,50,3
3,248,2
33,187,2
4,229,4
18,50,3
71,77,1
58,207,4
43,163,3
54,48,5
61,192,2
3,110,3
64,57,5
72,175,4
17,133,1
77,181,5
30,93,2
47,125,3
36,108,3
77,50,3
37,107,4
57,226,3
23,222,2
32,225,5
48,107,1
44,98,5
20,151,5
8,23,1
5,19,4
13,65,3
10,25,5
34,103,5
21,25,2
60,13,3
55,35,3
54,90,2
9,184,5
51,82,1
11,43,3
75,223,1
35,42,1
38,163,2
12,118,4
20,17,2
45,180,5
49,22,2
32,130,5
28,12,1
22,184,5
2,249,1
71,229,4
30,157,2
26,227,1
43,187,5
71,210,2
13,21,3
4,156,5
22,108,5
42,107,5
68,190,5
55,135,2
71,6,2
59,78,4
18,220,1
38,175,2
35,160,2
23,44,2
6,78,5
47,24,1
18,91,3
44,188,4
20,82,2
33,113,2
40,28,5
34,41,4
24,206,2
66,166,5
17,190,5
40,123,3
70,133,1
68,133,2
34,139,2
71,65,5
8,226,1
53,98,4
40,153,4
18,142,4
6,163,3
18,14,1
73,5,4
40,62,4
1,207,3
52,62,4
60,148,4
44,28,4
72,183,4
39,49,4
43,121,2
40,109,2
72,63,5
7,177,3
23,98,2
42,32,3
22,238,1
40,219,5
68,101,2
61,71,3
16,150,4
9,178,1
7,36,3
63,130,4
18,200,3
62,4,2
70,209,1
2,242,2
14,208,3
12,74,4
18,16,3
76,26,2
5,189,3
48,168,3
54,93,5
27,241,3
44,19,4
61,86,2
43,233,2
60,123,1
22,69,5
52,162,5
63,197,2
59,112,3
27,144,2
10,73,5
78,178,2
23,11,1
46,244,2
26,63,1
55,231,2
33,65,3
19,173,2
58,100,2
56,117,5
45,244,1
37,65,4
28,51,4
53,124,2
49,185,2
42,61,2
46,119,4
40,67,3
30,173,2
4,130,4
43,53,3
34,20,5
31,175,3
53,37,2
4,201,2
9,246,3
32,112,4
38,249,4
77,140,5
25,58,2
20,127,3
65,43,5
52,94,5
76,210,2
66,33,1
3,235,2
71,231,2
67,108,2
18,17,1
1,35,5
42,211,2
10,100,1
58,190,1
16,91,1
51,177,4
47,61,3
11,78,5
15,181,1
44,45,1
36,33,3
63,218,3
45,101,4
67,177,4
63,164,1
61,48,4
28,149,3
24,113,5
1,112,2
72,56,4
4,183,5
58,68,4
35,214,5
17,43,5
1,186,3
62,130,1
56,191,4
47,126,4
76,28,4
56,234,3
59,136,3
61,72,1
59,59,4
60,160,3
12,215,3
27,242,3
52,58,5
30,1,2
74,127,2
79,173,2
21,123,3
35,212,2
15,204,4
5,89,2
57,249,5
18,232,1
11,40,5
60,243,3
62,26,5
36,41,3
27,120,2
52,223,1
48,164,5
63,138,2
1,95,5
33,165,5
66,64,5
30,34,4
33,25,5
11,7,3
1,63,2
70,240,5
9,23,4
55,243,2
18,179,5
26,22,2
52,137,2
43,213,4
72,85,2
18,11,1
57,183,4
34,232,3
2,64,3
43,185,4
15,179,5
18,178,2
42,171,1
36,196,2
2,109,4
2,86,3
70,197,5
72,33,1
13,218,2
42,248,3
4,86,3
3,208,3
68,161,3
39,184,5
73,200,4
30,209,3
4,181,3
15,131,4
12,90,2
74,193,3
6,146,3
13,88,5
10,25,1
54,153,1
16,88,5
33,33,3
25,2,5
32,16,4
30,189,1
49,140,4
45,11,2
38,44,5
20,17,2
70,234,1
51,148,4
8,242,1
70,127,1
52,102,2
55,177,5
16,167,2
38,30,2
18,7,5
48,44,3
10,246,3
2,119,1
68,217,5
23,120,4
66,9,3
71,64,1
47,112,3
49,239,2
31,136,2
62,86,5
14,166,2
40,102,3
62,185,1
6,92,2
51,133,2
15,50,5
73,100,4
10,115,1
57,150,5
51,75,1
19,144,5
7,176,1
5,113,1
28,206,3
46,168,2
16,46,3
5,226,5
19,152,1
77,170,5
72,239,3
17,211,4
76,159,4
49,41,1
59,225,5
33,150,3
78,57,3
40,18,2
24,62,4
31,107,3
15,109,3
19,113,1
64,148,4
44,109,5
4,230,5
43,153,4
66,1,3
3,231,4
42,148,2
6,61,2
28,135,4
60,215,1
31,17,4
54,25,1
58,123,3
14,186,2
18,216,4
45,103,3
24,201,3
72,149,3
67,175,5
32,54,3
35,47,2
27,209,3
10,138,1
45,42,1
65,201,1
6,119,1
72,175,2
27,243,3
25,159,2
12,54,3
11,17,2
5,227,5
34,12,3
77,237,1
72,64,2
17,21,1
67,174,4
10,241,4
64,179,3
50,58,5
53,17,4
17,209,1
23,176,5
63,192,4
12,118,4
61,182,4
59,127,3
42,113,3
34,179,4
38,231,4
4,1,3
68,60,2
57,60,1
79,42,3
38,108,1
38,91,4
34,227,5
25,107,5
73,6,5
58,150,1
6,231,4
44,13,1
13,233,5
39,206,1
46,132,5
5,96,2
8,29,3
49,207,5
58,170,3
15,75,4
15,174,1
12,229,1
52,74,2
20,43,4
29,16,3
4,26,3
69,127,5
51,101,3
77,216,4
40,55,2
59,234,1
52,111,5
4,138,3
56,143,3
61,238,4
59,195,1
64,218,2
16,186,3
27,206,5
31,112,2
69,208,2
35,159,1
25,214,1
52,142,1
21,179,3
61,220,5
78,128,1
74,82,1
53,74,5
5,16,2
51,51,1
38,114,1
22,7,5
32,222,4
57,88,1
54,174,4
71,141,1
54,230,2
56,82,5
32,37,5
40,119,5
64,218,1
18,108,3
47,143,1
34,11,1
60,247,4
15,218,2
54,131,5
30,195,4
31,124,4
69,103,5
30,136,4
20,183,4
28,221,5
45,246,4
30,210,1
35,188,1
62,203,2
20,35,3
79,205,1
19,170,4
11,112,1
38,226,1
1,165,3
5,84,2
75,81,3
35,62,3
12,138,5
50,199,1
27,107,5
56,200,2
10,163,1
27,218,2
11,177,2
43,37,1
32,231,2
34,118,3
28,249,2
77,166,5
13,213,4
61,242,1
11,228,5
68,61,4
43,107,1
57,1,2
38,97,4
32,186,2
26,166,3
50,100,5
38,110,5
39,222,2
30,228,1
16,208,1
18,125,4
12,138,5
73,159,2
55,37,5
54,166,2
51,15,2
74,243,5
48,219,5
40,189,5
15,73,4
58,76,4
16,122,3
11,44,3
9,192,1
26,38,5
72,57,3
47,186,1
20,97,1
56,189,3
60,131,3
37,18,4
47,141,1
43,77,4
44,206,5
6,208,2
78,30,2
77,229,2
78,43,3
16,153,4
29,104,5
68,64,4
66,200,2
72,186,5
31,156,2
3,11,5
19,128,4
9,234,5
25,2,4
70,198,3
70,102,1
34,12,3
15,143,3
66,121,1
69,183,3
43,244,4
49,221,1
29,227,3
13,210,5
47,176,4
37,170,5
25,124,4
71,160,2
13,41,3
3,10,4
56,45,3
17,39,2
28,228,5
71,85,2
5,232,4
29,36,4
45,3,5
75,195,1
74,67,5
23,126,2
2,50,3
5,41,5
61,109,5
53,111,3
76,192,1
9,249,4
30,69,2
75,142,4
72,184,3
8,124,1
35,122,4
23,44,3
4,136,2
76,187,3
2,108,1
73,26,1
59,179,1
53,99,3
31,118,4
67,74,4
22,183,1
31,231,3
17,247,2
15,180,1
16,219,5
39,177,4
65,221,5
50,166,4
63,212,4
70,34,2
49,238,3
16,208,5
25,55,3
68,8,4
68,229,3
26,111,5
74,205,2
79,13,2
72,16,4
47,48,3
27,167,3
77,49,1
68,76,1
18,185,3
36,15,3
17,133,1
66,140,3
18,53,2
12,73,3
15,69,2
21,106,5
50,119,5
23,64,4
47,217,4
29,146,3
12,214,2
1,200,3
73,31,2
61,249,1
79,74,5
23,42,3
73,177,2
37,230,5
9,43,1
12,84,1
24,173,1
69,187,1
63,45,5
65,110,4
69,236,1
16,17,4
4,142,1
63,236,4
52,83,3
36,195,1
33,24,1
24,161,1
45,220,4
54,36,3
25,157,2
73,126,5
12,88,5
2,156,3
60,222,1
55,115,3
42,31,2
69,67,2
57,201,2
40,179,3
17,20,5
36,236,4
47,205,3
2,190,1
32,117,5
35,35,4
33,169,1
43,238,4
76,22,2
79,92,4
61,134,3
12,73,4
65,184,3
79,183,2
24,227,5
54,110,3
64,154,5
28,169,3
72,176,5
56,117,4
57,223,1
35,177,1
37,167,2
67,115,3
4,85,2
14,95,1
17,180,5
31,245,2
66,74,2
69,124,5
40,240,3
58,214,1
16,231,5
39,90,1
71,151,4
56,187,4
6,77,2
34,220,4
14,112,2
3,48,2
58,142,2
55,140,5
18,143,2
55,138,4
37,193,5
17,97,3
73,39,4
64,230,5
3,49,1
19,234,1
70,243,5
72,105,3
62,93,2
51,78,2
24,166,4
28,19,1
47,88,5
28,183,4
25,193,1
46,4,5
40,159,4
58,134,2
18,223,1
60,175,2
19,77,2
66,161,3
24,40,5
46,52,5
16,35,3
9,45,3
74,50,4
73,154,1
10,8,3
65,214,2
25,191,1
50,48,2
45,159,4
12,187,3
21,190,1
26,218,2
59,243,1
49,160,1
18,147,1
47,134,2
47,81,3
2,173,1
64,51,4
54,57,1
30,235,4
26,103,4
28,173,4
52,22,2
23,130,1
41,41,5
41,55,1
68,138,5
17,21,2
73,35,3
36,163,2
38,167,3
43,108,1
77,95,1
55,124,1
7,249,4
54,49,1
15,46,1
3,242,2
24,99,3
64,208,5
55,175,3
78,161,5
39,247,2
5,227,3
9,105,2
12,200,5
32,117,3
47,5,5
10,140,1
46,18,1
31,209,5
46,62,1
76,67,1
47,55,2
40,207,5
61,143,5
5,155,5
28,120,2
28,239,2
69,96,5
67,104,1
70,24,2
16,110,1
10,134,5
37,69,1
36,165,3
24,26,5
57,10,5
77,75,5
62,135,5
18,190,3
78,243,1
78,30,2
43,240,3
64,214,3
9,53,3
58,163,5
45,127,3
2,215,1
57,75,3
58,234,2
69,220,1
4,52,2
68,119,2
12,8,1
48,22,4
5,160,1
56,194,4
77,135,1
58,86,2
38,44,2
2,141,5
11,52,1
53,208,3
58,36,2
19,47,3
22,204,1
62,76,1
53,74,1
3,117,3
29,50,3
49,170,1
5,42,5
1,29,4
59,216,1
39,135,4
17,66,2
31,127,3
33,155,2
55,63,3
22,110,2
32,57,4
58,113,2
31,156,3
77,57,5
29,75,3
20,240,4
39,171,1
1,111,4
71,107,1
4,5,3
72,7,5
63,246,1
28,46,5
64,19,5
14,204,4
9,66,2
25,169,1
24,84,2
15,233,3
72,25,3
48,124,3
7,198,5
55,204,5
55,78,5
53,185,5
43,191,1
42,78,3
20,225,4
57,171,2
71,82,3
68,131,2
24,201,4
77,3,4
16,68,2
39,125,5
23,121,3
11,95,5
47,168,4
28,182,2
45,35,1
54,165,4
1,14,5
71,91,4
75,91,5
22,112,1
34,123,4
7,169,4
79,103,5
37,189,4
61,165,5
42,183,3
50,120,1
74,206,3
49,84,2
48,64,1
15,19,5
56,243,3
63,92,1
54,224,3
55,248,3
27,95,5
14,223,5
37,142,3
6,144,1
65,156,5
70,23,1
34,196,5
11,50,2
6,177,5
55,9,4
16,210,2
76,82,1
72,96,2
4,1,2
9,38,5
79,37,4
13,17,5
39,203,4
35,40,4
35,113,1
44,20,1
71,235,4
10,147,3
38,92,2
58,158,2
77,166,4
45,22,4
75,41,4
17,129,2
23,57,2
54,241,4
2,76,1
3,3,5
5,136,4
13,122,2
57,113,2
50,200,4
79,163,2
77,205,4
70,183,1
66,95,2
44,102,2
15,83,5
65,181,2
28,165,4
40,192,5
64,21,2
46,105,3
52,92,2
40,208,2
49,245,1
47,191,4
67,66,1
54,169,1
16,191,2
57,217,4
65,119,1
69,237,1
75,97,5
51,83,3
2,234,3
57,140,5
2,23,2
7,206,1
25,112,2
78,157,3
30,69,3
6,153,5
8,53,2
43,187,4
71,12,5
19,71,1
47,186,4
9,63,4
47,12,3
46,233,1
11,55,2
30,209,1
22,31,3
15,157,5
41,185,3
59,100,5
19,153,1
40,57,3
8,34,3
63,174,3
22,101,1
61,191,5
51,77,4
27,143,3
72,11,2
40,95,5
54,249,3
39,182,3
45,18,1
2,182,3
59,189,1
24,8,2
76,174,5
38,185,3
38,215,4
66,205,1
59,133,5
32,243,1
30,19,2
62,214,2
47,155,4
52,161,2
71,28,2
22,247,4
55,173,5
59,38,3
73,163,1
21,223,1
13,30,4
50,192,3
66,67,5
37,46,1
37,138,2
8,154,4
69,243,1
73,119,4
28,1,3
70,199,4
65,140,3
33,1,2
35,154,1
51,218,4
22,150,5
78,12,3
16,62,5
28,4,4
67,182,4
8,203,4
20,176,3
61,135,5
36,152,4
27,172,1
54,221,3
1,186,3
55,79,3
25,14,3
35,27,4
32,128,1
76,161,1
36,49,2
22,209,4
45,158,4
74,225,4
2,242,5
65,66,4
73,108,1
47,52,3
35,20,5
30,55,2
79,37,3
56,232,4
14,164,1
23,146,4
9,26,5
78,233,5
14,108,5
49,113,4
37,133,4
55,188,1
3,89,4
44,234,5
66,104,3
54,21,2
1,34,5
78,75,3
64,244,1
78,189,2
1,44,3
26,137,4
6,20,1
27,10,2
34,96,1
35,203,3
34,141,1
16,58,1
58,226,1
79,45,1
61,91,2
28,37,4
32,18,1
62,222,2
77,99,4
54,133,3
40,191,2
4,144,4
38,30,2
22,71,5
59,45,4
25,14,1
30,56,3
24,21,5
63,67,4
24,247,2
77,165,3
50,116,4
69,90,2
60,1,5
37,207,1
53,233,5
3,198,5
5,229,4
10,37,3
33,146,4
4,144,5
8,153,5
47,210,5
64,151,1
76,182,5
15,7,4
58,207,4
59,64,5
29,201,5
21,125,3
72,85,4
56,43,3
22,38,2
71,132,5
21,166,4
62,241,5
9,248,5
23,87,5
30,185,5
54,156,1
36,4,1
71,167,3
37,47,4
49,118,4
39,40,1
21,34,3
70,200,4
57,65,1
49,121,1
72,93,4
38,156,4
14,82,2
13,100,5
43,144,3
39,113,1
34,185,2
8,81,3
42,240,5
59,13,5
76,51,4
40,215,5
2,18,2
24,223,3
77,1,3
75,203,1
60,18,2
35,35,3
10,43,5
60,212,3
34,175,3
13,44,2
72,119,3
47,12,3
59,226,4
6,104,5
9,221,1
77,62,1
32,236,4
15,67,2
12,195,1
8,202,5
32,171,3
35,96,1
40,73,1
22,173,1
47,82,2
4,143,2
63,50,1
42,148,5
50,203,1
63,169,5
17,12,4
73,243,2
67,8,5
74,14,5
56,119,3
65,108,4
33,43,5
6,58,5
27,176,5
54,58,3
16,173,3
7,73,2
24,21,4
48,41,2
38,192,4
40,184,3
21,172,1
52,165,1
65,132,2
58,143,4
43,46,1
68,214,4
2,91,1
28,48,4
2,34,3
61,146,2
32,244,3
9,58,3
18,203,5
22,175,2
70,59,5
74,72,1
76,76,2
66,238,2
24,248,2
64,193,2
30,98,4
49,67,1
25,151,3
25,48,2
47,48,4
42,129,3
56,86,5
52,67,2
21,208,1
42,73,2
29,1,2
48,204,1
33,154,1
25,152,2
50,226,1
29,247,1
30,7,1
55,36,4
71,200,2
50,184,1
73,165,1
36,86,5
78,57,1
39,169,3
30,111,3
36,183,5
49,96,1
40,115,4
53,137,1
12,39,1
65,121,3
77,240,5
64,121,2
69,225,2
70,179,4
44,75,4
50,112,3
64,245,4
16,214,4
75,143,5
72,57,1
49,106,4
14,183,5
26,154,3
78,88,5
52,120,3
23,226,3
57,59,2
47,129,1
22,44,3
29,86,4
38,77,3
3,95,5
25,207,4
5,95,5
29,155,5
47,96,5
72,233,4
63,88,1
11,138,2
59,232,2
47,137,5
31,176,2
15,197,4
67,233,2
9,56,5
54,5,1
33,149,2
47,33,1
8,243,4
14,61,1
79,181,1
40,185,4
1,77,1
21,6,4
68,203,5
2,227,5
10,131,5
38,6,4
33,163,3
24,123,4
6,121,1
65,226,3
1,37,4
69,1,2
59,70,2
66,168,4
34,102,1
57,8,5
6,120,2
11,160,3
49,143,2
62,2,4
41,131,2
13,96,2
15,106,2
48,49,3
62,6,5
6,171,5
77,108,4
18,207,2
58,158,5
29,6,5
66,100,5
56,156,3
1,50,5
50,237,1
39,141,2
54,154,4
55,241,1
79,230,5
65,57,4
46,193,1
51,27,2
30,82,3
44,201,3
6,181,5
47,137,3
27,200,1
47,225,5
66,164,2
59,196,3
22,34,5
55,113,5
20,102,2
4,185,2
23,97,5
51,28,4
9,184,5
72,70,1
20,110,3
54,1,4
44,26,1
4,13,1
16,58,5
16,139,3
52,168,3
70,165,3
44,237,1
6,146,4
40,26,2
40,45,2
34,40,1
66,184,1
12,107,1
63,46,3
31,209,3
39,222,1
10,156,2
48,83,5
6,192,1
63,218,5
57,218,5
65,44,5
23,211,1
56,236,4
38,205,4
68,248,1
40,28,3
39,67,3
1,200,5
11,47,2
50,97,2
21,50,5
64,80,2
36,21,1
66,76,4
73,77,3
20,66,5
66,123,1
34,247,1
12,245,4
28,171,3
15,146,3
16,134,5
62,16,3
61,84,3
37,240,1
68,160,4
41,128,5
71,176,3
12,124,3
75,165,1
51,35,2
39,109,5
65,105,2
61,237,4
20,168,2
15,20,2
19,123,1
4,172,3
47,194,5
63,42,5
71,213,3
75,77,5
8,108,4
39,53,4
75,140,5
34,216,3
77,122,3
39,77,4
55,51,3
29,77,3
2,110,4
77,180,3
18,117,1
68,179,2
54,226,2
55,24,1
54,57,1
17,72,5
62,11,2
46,221,5
51,81,5
25,198,1
63,23,1
43,173,4
73,152,5
33,89,5
5,114,1
57,215,1
54,120,1
25,91,5
49,64,5
31,33,2
43,58,3
68,33,5
62,165,4
69,92,1
12,8,4
61,175,1
33,50,4
45,209,4
23,87,3
67,104,1
63,115,2
65,154,3
56,238,1
7,135,5
44,168,4
67,248,1
14,57,2
47,148,5
17,77,1
41,89,5
42,95,4
58,71,5
24,234,5
63,65,1
18,163,5
17,39,5
28,185,3
15,237,3
28,45,2
17,103,4
74,97,5
2,121,3
50,135,1
67,136,4
75,87,5
33,143,5
13,23,4
73,154,4
68,46,4
57,150,4
56,149,3
15,108,3
9,105,1
53,45,5
79,177,1
74,32,2
78,86,3
29,232,3
55,149,3
48,197,3
75,207,3
34,77,5
21,97,5
9,114,3
1,121,5
22,1,4
50,72,4
66,175,4
8,196,5
13,198,1
65,24,4
61,97,5
12,60,3
66,164,1
62,80,5
33,105,5
49,66,3
66,147,2
66,205,3
16,152,1
22,107,3
14,166,4
44,232,4
39,163,5
77,91,3
37,129,5
11,195,3
5,101,4
41,235,2
19,223,3
5,63,1
47,109,3
51,83,2
26,214,2
8,60,1
58,248,5
64,243,5
40,18,1
34,182,3
58,29,5
30,34,2
79,54,2
75,132,2
11,122,4
38,119,3
37,117,4
40,152,5
30,118,3
73,187,2
11,114,1
44,105,4
1,210,2
75,80,4
9,90,2
1,160,1
68,49,2
74,144,2
15,94,1
11,20,5
13,91,4
18,43,4
7,77,4
8,222,4
48,20,5
32,105,2
77,88,1
66,105,4
38,92,3
35,204,2
66,214,2
27,76,2
61,241,5
54,154,5
46,37,2
47,144,2
33,10,2
64,159,4
70,97,4
33,133,4
13,51,1
35,236,4
35,212,4
62,129,4
37,77,4
25,63,5
4,200,2
27,242,5
40,226,4
72,223,2
10,199,3
6,142,2
21,244,3
15,222,5
9,88,5
78,24,3
72,60,1
58,142,5
25,172,3
9,114,2
9,36,1
20,48,3
57,22,2
62,55,5
40,85,2
51,82,2
30,102,1
11,233,4
60,23,2
45,152,3
11,199,4
5,129,2
9,161,2
32,42,4
59,178,2
66,34,2
15,244,5
44,14,4
22,97,1
51,61,5
5,198,1
28,175,5
59,172,2
54,177,5
73,181,5
5,44,5
62,66,3
5,39,2
46,22,2
47,227,2
40,222,1
45,243,3
2,199,4
44,195,3
76,230,1
71,133,1
16,174,1
62,119,3
25,221,4
63,102,3
15,214,3
58,41,1
62,183,3
28,62,1
29,4,2
69,93,5
18,233,4
32,99,2
46,117,2
44,74,1
56,21,4
8,136,2
20,140,4
22,190,1
17,13,2
57,248,5
32,181,1
13,222,1
9,171,4
57,164,2
7,168,2
79,240,1
51,42,5
10,227,4
4,30,4
41,50,4
16,216,3
45,75,1
53,216,2
1,191,4
2,57,5
16,235,2
76,166,2
28,48,2
17,213,5
1,160,1
58,222,2
74,59,1
33,30,1
64,107,5
34,167,1
45,168,4
10,74,5
39,141,5
54,71,3
68,184,5
66,63,3
29,90,1
64,19,2
15,114,2
17,192,4
56,68,4
22,84,2
79,104,3
12,228,4
41,181,4
37,204,2
21,230,4
48,80,5
71,40,5
61,77,4
52,2,4
20,130,4
50,130,3
52,213,4
33,13,5
66,10,1
28,171,5
79,195,4
32,42,2
15,248,3
18,113,1
53,217,4
19,83,1
49,16,2
50,46,2
45,90,4
57,68,2
65,163,3
36,162,2
68,170,3
66,224,3
48,168,4
64,89,3
19,128,5
68,36,3
39,122,1
58,197,5
79,85,1
78,27,2
29,24,1
24,141,5
70,64,2
55,194,2
11,188,5
72,36,3
73,48,4
38,25,5
9,64,3
68,172,2
39,210,3
70,249,2
47,61,1
63,22,5
47,69,4
72,224,4
35,217,4
36,48,2
20,233,3
68,83,2
52,9,4
58,57,1
19,172,5
19,103,2
40,155,1
8,83,5
14,218,1
6,150,5
29,12,3
36,167,3
32,243,4
77,80,1
67,91,4
67,137,3
8,162,5
46,154,1
43,48,5
31,218,3
9,20,3
44,208,5
30,143,5
65,232,2
8,159,1
31,107,5
26,187,2
70,57,5
75,219,2
6,17,3
26,32,2
34,82,4
26,41,3
55,235,4
24,75,1
52,114,1
42,28,5
24,150,1
41,148,4
43,32,3
64,14,5
47,127,5
33,99,5
13,188,5
24,230,5
69,151,2
2,31,4
73,46,4
38,168,4
28,15,3
42,47,2
44,146,5
43,220,1
5,68,4
10,150,3
55,49,5
76,86,5
5,170,4
21,189,1
48,195,1
45,95,5
5,187,4
77,205,2
33,6,3
71,90,5
14,13,3
30,221,2
66,49,5
39,93,1
72,247,3
26,119,5
7,159,2
71,217,1
26,101,3
61,245,4
14,80,4
61,101,5
34,210,1
63,39,4
10,105,1
46,97,4
36,247,1
5,45,1
14,214,1
26,213,1
27,189,1
58,3,5
77,126,3
7,118,2
3,240,5
41,57,3
69,199,2
66,216,1
8,183,4
9,68,2
72,51,1
42,20,2
59,215,1
66,69,2
26,198,3
77,208,4
49,136,5
1,104,2
16,165,2
3,63,1
42,197,1
12,217,1
1,148,5
36,72,1
38,80,1
42,35,1
57,245,5
15,228,2
58,18,2
76,83,1
66,113,4
8,248,2
6,133,1
60,147,4
60,193,4
7,47,2
68,249,2
56,82,4
73,2,3
73,181,4
9,206,4
46,231,2
58,188,2
62,61,5
25,212,1
24,205,4
69,58,4
21,67,2
74,206,1
49,239,4
5,178,2
50,142,2
56,97,2
15,195,5
27,1,2
26,223,1
38,201,3
61,179,4
61,246,4
6,236,5
50,117,1
55,6,1
53,230,2
33,247,2
33,239,3
28,208,1
25,38,4
25,116,3
23,141,1
2,5,1
32,159,5
77,144,1
21,22,5
74,164,4
38,168,2
49,217,4
54,231,3
7,136,2
3,13,4
64,90,5
10,162,1
68,184,5
36,178,1
37,83,4
55,194,5
33,153,2
6,187,1
71,18,5
38,88,5
78,45,5
68,156,2
74,87,5
36,89,1
25,169,5
1,6,4
27,105,4
67,65,5
75,33,1
68,203,5
16,112,4
60,204,3
9,122,3
34,36,1
18,60,5
37,125,4
38,54,2
28,50,4
7,208,5
5,37,1
52,220,3
58,13,1
38,6,4
71,223,1
13,103,3
22,71,5
30,208,4
56,228,4
61,64,1
67,237,3
65,138,4
71,140,5
45,184,5
6,93,4
42,88,3
62,58,3
7,231,1
16,186,4
50,157,5
34,120,2
76,243,1
75,59,5
76,150,1
63,7,4
9,160,3
12,27,1
34,139,4
75,23,4
42,102,3
19,191,5
27,46,3
69,98,2
37,189,2
39,115,4
43,212,4
4,157,1
8,96,4
68,102,4
13,33,2
73,176,1
70,233,1
8,220,2
43,16,2
1,136,2
55,79,1
55,10,2
28,200,4
32,169,1
30,48,1
42,117,3
79,31,2
22,160,5
35,6,4
67,21,4
23,49,3
58,146,5
24,111,3
9,239,2
6,90,3
4,51,2
41,128,4
51,89,2
21,17,4
3,50,2
36,136,2
46,132,5
31,49,5
69,160,2
54,174,4
32,198,5
27,100,2
35,20,5
18,172,5
25,146,3
77,182,4
6,99,3
33,24,1
6,242,2
40,137,1
70,81,4
64,185,5
48,8,3
3,1,2
77,152,4
21,232,2
69,224,5
51,240,4
28,112,4
63,98,1
69,176,2
23,229,3
3,176,3
65,78,4
60,128,1
65,232,5
3,69,1
2,119,3
41,31,3
3,150,3
59,21,3
59,203,1
39,71,3
8,138,3
19,95,5
23,183,2
10,166,4
51,61,3
51,17,4
58,134,5
38,104,4
56,232,2
27,53,2
1,139,2
62,159,1
57,219,3
78,19,4
38,23,3
11,199,3
19,30,5
4,34,1
26,232,1
59,239,2
32,134,5
19,88,1
35,45,1
16,72,2
16,27,2
56,62,3
9,238,3
24,53,4
6,108,1
64,11,1
45,41,1
27,80,4
33,101,4
43,114,3
17,160,2
31,13,1
79,206,2
35,55,5
8,44,5
10,205,1
10,83,5
29,144,2
63,73,2
34,193,3
14,172,2
45,54,4
22,94,4
4,73,2
29,117,2
18,239,5
48,109,4
51,190,3
9,2,2
34,58,1
41,123,3
44,183,1
15,215,2
17,118,2
65,116,1
39,185,4
63,31,1
77,101,3
46,153,4
12,92,1
50,187,1
33,82,1
79,49,1
3,233,3
72,51,1
62,246,3
74,30,1
39,232,4
15,217,2
28,108,3
43,153,2
23,30,1
76,145,5
44,72,1
25,111,5
53,208,3
77,157,1
72,104,3
10,64,5
52,7,1
38,155,3
17,138,5
35,67,5
17,100,1
16,50,1
45,140,1
1,21,4
11,176,4
44,122,5
8,170,5
61,4,4
10,86,3
40,25,3
77,60,2
6,5,5
73,17,3
66,95,4
72,53,5
45,66,5
38,27,3
7,217,3
16,145,5
52,247,4
33,184,4
73,159,2
6,138,4
49,146,4
37,177,5
71,235,2
25,161,5
1,73,3
53,3,1
65,245,4
71,17,3
29,71,3
6,52,1
13,14,4
36,15,5
72,98,2
51,109,1
49,48,3
77,193,2
22,100,5
16,72,3
3,142,5
45,76,5
20,243,4
39,154,4
41,157,2
23,147,3
71,114,3
5,226,4
59,149,4
70,125,4
42,95,4
1,246,4
67,153,5
71,54,4
67,211,2
32,113,5
32,123,4
72,30,4
49,102,1
2,48,2
68,12,1
16,79,3
73,18,3
48,8,1
38,171,4
9,91,2
75,54,2
70,168,2
78,41,2
17,143,5
59,92,4
51,13,5
35,33,2
63,178,2
62,82,4
24,100,2
42,20,3
4,13,3
42,40,1
1,146,3
61,221,2
49,162,4
17,14,4
55,236,4
12,134,1
20,219,3
77,180,4
32,18,1
23,69,4
14,144,5
21,137,4
27,194,4
33,246,2
24,84,2
5,11,5
59,201,5
21,62,4
6,124,1
14,162,2
41,218,5
3,175,1
41,132,3
46,86,3
1,227,3
23,168,3
5,34,4
32,14,3
8,120,4
55,220,4
59,235,3
27,50,1
69,60,5
68,237,4
73,104,2
7,87,3
64,240,3
71,100,1
70,10,5
27,177,1
15,147,4
15,231,1
54,4,4
44,91,4
27,75,4
38,93,2
54,15,5
30,57,1
32,215,4
4,132,5
54,153,1
76,54,3
37,40,2
63,91,2
14,100,3
59,38,4
70,181,3
33,116,3
18,108,2
79,248,4
76,43,4
66,125,1
69,105,4
76,179,2
76,73,4
51,147,5
77,165,1
23,127,1
68,74,5
48,172,4
49,18,2
64,96,3
62,186,4
70,94,5
4,176,4
52,77,4
15,233,3
21,23,4
67,92,2
7,113,2
3,205,3
9,165,3
28,91,5
49,100,3
32,230,1
35,190,3
70,96,1
40,155,1
52,90,1
33,117,4
26,98,2
77,75,5
74,42,3
52,233,2
6,105,2
7,151,4
48,224,1
17,59,3
13,45,2
35,62,1
36,44,1
50,54,1
28,134,3
68,67,5
1,71,3
46,20,4
9,50,1
28,248,1
66,232,1
56,228,1
77,53,1
38,142,1
31,134,2
18,58,1
69,14,1
41,153,5
17,41,3
29,121,2
45,208,3
29,81,4
9,244,2
46,10,5
51,74,5
54,22,1
63,128,1
29,138,5
49,82,4
64,237,1
19,67,5
38,41,5
70,204,1
55,27,4
37,200,3
17,137,1
23,58,2
64,199,2
16,68,4
61,51,2
58,25,1
32,21,3
70,147,2
66,52,3
50,177,1
55,105,5
66,157,2
70,125,4
28,18,5
21,93,2
3,205,3
49,182,2
15,118,2
57,110,3
32,67,5
75,42,4
20,142,5
20,180,1
16,171,5
39,196,2
35,173,2
12,179,2
49,194,2
31,218,1
2,151,1
35,67,2
66,160,2
33,5,1
28,202,3
7,6,5
40,204,4
66,36,5
9,75,5
18,113,1
66,232,1
56,123,3
20,223,4
32,178,5
22,80,2
69,38,3
56,104,1
15,133,2
16,23,4
7,176,5
29,140,4
52,180,3
41,209,2
66,192,1
15,151,2
24,57,4
45,63,3
54,102,4
74,81,3
29,15,2
8,220,5
40,145,2
6,182,1
71,162,2
60,112,2
62,171,2
11,109,3
11,233,1
30,210,2
68,141,2
57,243,3
61,143,2
20,54,3
71,133,3
62,153,3
31,96,4
64,45,4
64,12,5
58,205,1
26,8,3
67,47,3
2,117,4
8,83,4
46,189,3
32,41,1
75,181,5
16,141,1
33,162,3
31,34,3
76,29,3
68,54,1
74,228,4
1,229,4
16,88,5
50,171,5
63,43,4
12,199,2
13,140,5
51,210,5
41,244,2
61,79,5
72,33,2
52,175,5
41,76,4
69,121,4
3,155,4
62,210,4
38,224,3
30,206,4
24,114,2
50,65,4
34,196,2
38,105,4
5,186,3
6,21,4
46,108,4
36,145,4
12,28,5
6,85,4
37,7,1
65,216,3
51,187,5
24,32,1
62,70,5
27,174,3
16,38,5
24,39,3
40,197,4
1,24,5
10,139,2
29,191,1
65,181,2
28,214,4
39,59,1
41,176,1
7,170,4
48,161,3
45,65,4
8,76,5
58,58,1
14,179,2
31,11,5
13,207,4
68,171,1
13,35,2
27,137,4
54,218,3
31,38,3
39,129,4
77,4,5
22,210,5
17,199,5
38,10,4
61,160,4
60,210,3
10,82,3
29,148,2
61,119,5
7,149,1
26,135,4
34,175,3
4,207,4
63,81,4
58,103,3
39,138,3
40,131,4
74,199,4
41,29,4
63,178,5
43,127,2
35,187,4
10,19,3
69,36,2
25,126,2
39,33,4
15,26,3
33,238,2
9,183,4
34,232,1
67,62,2
10,217,1
75,213,2
50,96,4
62,82,5
24,10,5
41,224,4
42,37,5
24,123,5
21,228,5
24,62,1
73,178,2
36,38,3
11,177,3
23,65,3
66,210,3
38,166,3
56,19,5
14,191,5
62,47,4
39,226,1
3,30,3
61,94,2
10,231,1
19,205,1
78,223,4
10,158,5
34,83,2
19,247,2
55,106,4
70,235,4
53,169,2
36,157,1
53,156,1
55,163,4
32,240,1
3,86,2
56,174,3
11,181,2
11,241,5
42,20,1
21,39,1
48,48,3
58,187,1
10,14,4
48,121,2
44,32,1
75,199,4
12,104,2
39,210,5
39,58,4
31,171,2
40,60,1
12,149,5
39,9,2
42,167,3
22,14,1
5,198,5
33,212,2
51,97,4
40,224,2
77,41,2
1,219,3
72,174,5
18,4,3
27,224,5
46,229,4
17,168,3
75,52,4
78,48,3
41,23,1
41,187,1
5,54,1
71,136,1
67,141,3
14,198,1
27,173,3
12,167,4
20,78,1
2,169,2
23,202,2
66,1,4
33,82,4
34,141,5
23,234,3
11,220,4
77,47,3
41,56,4
43,236,1
58,6,2
44,22,5
47,173,2
25,26,2
31,141,2
11,158,4
61,107,4
38,216,3
75,161,3
75,107,2
13,177,1
62,160,3
71,154,3
24,97,1
40,220,4
70,141,4
46,218,2
73,145,1
67,69,4
66,14,2
48,29,5
78,102,4
3,198,4
23,245,5
48,3,1
17,130,4
59,19,2
76,109,2
55,239,2
16,186,2
24,45,1
55,60,2
53,23,2
17,184,2
60,192,5
75,107,4
18,207,1
50,170,4
12,93,3
2,89,5
7,209,3
71,105,2
73,104,4
4,211,4
79,191,5
78,10,2
11,138,1
55,118,4
11,43,2
56,190,1
31,141,4
79,224,3
4,243,5
5,163,4
65,107,2
41,143,3
22,10,5
27,79,3
70,29,2
73,86,4
3,135,2
68,198,1
42,232,3
33,135,4
19,194,4
19,86,1
9,85,3
35,86,2
22,220,5
12,134,1
71,129,2
60,130,3
55,56,5
61,75,2
30,172,2
35,172,5
1,246,2
10,200,4
78,9,4
35,189,2
26,109,5
34,22,4
52,229,1
18,206,2
48,209,3
79,40,1
36,167,4
5,230,3
74,237,1
13,67,1
8,125,1
32,219,5
38,88,1
69,95,3
78,184,3
58,31,1
52,24,2
11,220,4
49,57,5
43,169,1
57,221,2
15,102,3
72,73,4
2,107,5
44,165,5
22,190,5
46,234,3
35,174,4
44,4,4
63,204,1
6,108,3
13,136,4
75,159,1
74,226,4
21,14,4
32,96,1
42,93,4
76,146,5
14,219,2
68,241,2
21,16,3
33,209,3
30,222,5
11,37,1
49,4,4
52,193,3
33,146,4
17,100,2
12,46,2
3,238,1
27,197,1
36,178,1
1,19,4
32,81,1
69,175,4
65,243,3
64,204,3
32,98,1
9,133,2
63,79,3
27,62,3
16,187,2
73,137,3
61,155,1
48,213,1
31,214,5
26,83,2
40,75,5
74,230,5
67,50,4
22,169,4
11,153,3
24,162,2
16,217,3
29,58,5
50,143,2
42,165,2
12,60,5
1,74,2
11,149,5
51,138,3
5,218,5
21,130,4
74,194,4
38,11,1
37,136,2
43,40,1
59,51,5
25,70,5
49,16,2
3,151,1
44,206,1
17,58,5
75,119,1
66,231,1
47,238,4
9,134,1
62,6,1
44,195,2
18,11,1
28,4,5
22,219,5
28,15,3
44,104,4
10,174,4
70,217,5
65,157,3
12,71,5
4,208,3
19,26,4
4,94,2
9,5,4
65,96,3
2,162,2
50,113,1
2,140,1
49,60,5
25,4,2
68,53,5
39,172,2
37,149,2
24,212,2
3,236,2
13,143,4
49,166,3
40,36,1
18,4,5
72,49,3
16,63,5
8,164,5
5,214,4
76,120,5
12,31,2
66,93,2
12,130,4
57,62,1
43,39,5
36,204,2
73,195,1
64,186,1
34,229,4
48,142,5
10,220,1
37,170,1
44,108,5
29,172,2
57,139,2
5,222,5
25,97,2
38,124,3
64,51,4
19,248,3
49,181,4
36,224,4
70,225,4
55,217,4
45,74,1
9,113,2
22,107,1
42,28,3
62,150,1
32,184,4
55,5,4
27,112,1
27,28,1
44,123,3
44,219,5
31,117,4
45,24,1
55,32,2
48,80,4
39,143,2
47,188,4
9,227,1
74,75,4
37,75,2
9,225,1
44,131,1
20,215,4
70,123,2
46,144,4
63,83,4
5,4,3
74,51,3
14,77,5
42,245,4
22,26,2
47,222,2
29,92,3
50,82,1
52,171,2
47,190,1
25,210,2
32,248,5
16,136,4
66,212,4
63,189,1
49,3,3
79,123,5
47,202,3
31,135,3
58,183,3
8,180,3
69,122,2
25,202,5
16,69,2
18,89,4
68,54,2
35,6,4
72,192,5
54,103,1
59,51,3
6,9,3
12,46,1
39,6,1
30,1,1
12,39,1
3,114,4
20,126,5
25,125,1
15,146,4
71,192,4
54,193,1
27,62,5
74,140,4
70,158,2
28,14,3
47,246,3
67,77,1
13,33,1
5,30,1
20,126,1
57,131,4
39,183,4
28,187,2
34,37,3
77,19,4
1,18,5
68,187,5
78,148,3
42,244,5
67,190,1
11,225,2
19,152,5
73,242,3
78,171,3
25,151,3
68,80,5
73,40,3
41,121,1
57,174,1
15,95,5
60,233,2
4,179,4
72,144,1
19,137,1
48,61,5
57,144,3
31,195,4
23,111,5
35,187,2
15,240,4
66,98,3
28,206,2
67,51,5
26,122,3
71,108,5
28,178,3
61,110,4
64,85,3
22,117,4
77,71,1
34,42,5
20,194,2
54,140,3
77,150,2
14,48,5
33,95,4
65,97,3
16,161,4
10,60,5
79,216,1
17,7,4
10,122,4
74,227,3
27,179,2
65,117,4
17,128,4
33,38,1
28,225,3
40,80,4
79,101,4
30,36,2
78,99,2
77,19,1
42,40,5
14,28,5
15,53,2
26,205,2
54,194,4
51,77,1
27,224,5
16,154,2
68,104,4
48,60,1
39,83,5
61,147,4
42,75,1
24,31,4
68,43,4
18,132,3
20,61,2
54,144,3
50,208,5
1,203,2
9,112,3
51,146,2
65,28,2
74,128,4
78,68,3
31,66,4
15,100,2
57,237,5
41,150,1
20,245,3
75,77,2
22,20,1
78,43,4
30,62,2
58,152,4
4,225,5
10,241,5
11,128,1
8,46,2
21,168,5
52,146,1
1,50,5
13,117,2
6,146,2
32,128,3
24,47,2
22,186,3
51,53,1
20,115,1
13,90,2
45,198,1
1,129,3
62,73,3
25,45,4
38,100,1
32,4,5
66,98,5
1,233,3
44,214,5
35,142,2
74,142,3
5,96,5
20,50,5
31,94,4
8,130,5
18,49,4
31,94,3
30,241,3
47,118,2
60,234,1
71,43,2
79,46,1
16,246,4
65,103,1
19,63,2
36,142,3
41,194,1
8,85,2
8,65,2
12,189,3
74,62,2
68,68,2
1,46,2
14,192,2
49,59,3
17,48,1
44,155,5
58,54,3
1,211,5
76,94,2
34,204,3
72,1,2
75,244,1
22,42,5
28,206,3
15,53,5
24,71,4
5,237,3
65,45,5
46,196,1
78,234,5
78,190,2
38,158,4
7,3,4
3,84,2
55,82,3
49,37,1
28,91,4
70,127,4
73,104,3
49,220,3
57,19,4
51,72,3
36,4,4
74,135,4
28,69,3
3,64,1
36,26,5
77,227,4
41,6,2
52,165,3
56,160,2
42,137,4
42,173,3
32,4,5
38,225,3
46,91,3
11,196,2
39,197,4
31,139,1
72,187,2
26,177,2
15,186,3
40,179,1
16,202,1
52,21,5
78,104,1
24,198,3
32,137,4
37,210,1
41,169,4
72,171,5
66,156,2
38,7,5
3,82,3
59,50,3
19,108,1
40,236,5
71,191,1
67,169,5
13,142,3
40,153,1
50,155,3
63,225,1
38,139,4
64,234,1
7,150,4
28,161,1
4,170,5
29,71,2
18,230,5
2,33,4
76,93,2
30,4,2
5,207,4
4,61,3
2,106,1
31,20,1
20,1,4
69,230,1
43,48,5
28,136,5
50,146,5
64,73,5
62,42,3
42,227,5
73,23,1
42,182,3
28,116,3
45,121,4
79,102,3
41,100,2
51,139,1
35,31,3
11,219,1
36,245,4
78,231,5
31,103,4
50,127,5
32,227,5
73,143,4
5,139,1
27,201,2
66,231,5
33,58,3
14,57,1
2,83,5
15,180,4
22,203,1
58,186,3
27,155,2
72,218,4
28,114,1
70,237,1
52,243,3
42,204,1
19,93,2
73,6,5
62,149,4
37,87,4
56,48,2
2,105,1
70,121,1
29,25,3
10,57,1
10,93,4
42,18,4
26,160,4
11,186,2
70,56,4
42,178,2
54,215,3
53,95,5
28,210,4
57,186,1
18,157,3
19,64,2
21,167,3
11,235,4
26,148,2
30,77,5
71,75,3
61,98,5
50,223,2
79,25,1
49,219,1
12,121,1
71,104,2
49,89,2
33,203,4
66,6,4
18,26,5
26,241,3
22,150,4
44,92,2
64,207,4
75,70,1
75,237,2
13,46,5
78,160,2
69,234,1
47,225,5
59,179,5
57,173,5
24,85,2
48,224,5
4,180,1
73,243,4
6,187,1
23,174,4
59,239,2
74,69,5
7,27,4
20,95,2
18,51,4
1,141,1
16,237,4
67,138,2
24,199,1
78,193,2
18,138,2
61,20,1
63,37,1
4,113,4
24,171,3
62,158,3
21,186,5
38,245,1
78,50,4
69,167,3
40,165,5
75,129,3
12,198,2
61,16,5
2,99,3
67,23,3
68,87,4
32,64,1
17,204,4
17,58,2
15,31,5
30,155,5
34,118,5
65,141,4
37,56,5
65,46,5
54,247,1
10,238,3
29,245,4
57,40,1
75,62,4
71,176,2
18,175,3
42,203,2
38,1,2
2,189,4
58,11,4
60,65,2
2,240,1
51,73,4
5,22,5
61,68,3
72,172,2
67,89,1
61,10,2
43,121,1
22,192,3
77,127,4
52,199,2
5,35,3
1,44,1
16,186,4
22,65,2
29,82,1
10,232,2
42,48,5
15,1,5
21,162,5
62,112,5
37,4,1
28,111,4
33,16,5
5,58,5
12,230,4
26,201,1
45,202,4
14,234,4
72,42,3
55,159,5
77,101,5
39,82,1
18,97,4
59,218,3
75,91,5
10,21,4
42,223,5
1,166,3
37,216,2
24,187,2
66,103,5
28,74,3
73,58,3
8,37,2
23,55,1
31,193,5
2,113,2
23,202,1
70,238,4
76,74,2
2,155,4
62,222,5
24,145,2
19,136,3
67,102,5
75,196,2
46,247,2
71,17,2
1,238,1
16,219,4
30,110,2
56,87,3
15,86,4
24,167,2
58,50,2
58,112,3
22,213,2
61,104,5
11,186,2
12,43,5
60,99,5
46,151,1
6,45,1
63,144,2
55,182,4
78,31,3
40,241,5
55,163,4
24,166,5
1,179,4
17,154,1
41,220,3
30,200,2
34,129,3
36,227,5
3,87,1
1,133,2
68,43,4
27,209,3
21,223,5
16,112,5
38,57,5
74,109,5
57,216,1
2,204,4
20,80,2
4,213,2
64,113,1
58,169,4
27,147,4
79,57,2
27,100,2
33,79,3
56,181,1
74,68,2
60,6,3
14,73,2
12,148,3
78,82,1
22,3,4
40,22,2
12,168,4
14,195,2
36,4,1
72,189,2
55,50,2
79,132,1
39,184,4
62,248,1
51,224,1
64,229,5
63,223,4
58,66,5
62,50,3
1,190,1
22,167,4
71,223,2
22,208,1
4,131,4
6,168,1
30,199,5
3,133,4
77,187,4
6,183,5
25,91,5
19,184,3
66,144,3
72,187,4
7,168,5
1,126,5
28,197,1
66,149,3
38,56,5
68,191,5
54,112,5
57,180,2
48,226,4
28,172,4
23,137,4
73,87,3
25,118,5
68,189,1
38,53,2
74,224,5
42,218,2
78,173,4
23,105,3
31,157,1
70,185,3
17,1,3
38,200,5
39,224,2
4,64,3
25,54,4
30,223,2
70,157,4
13,104,2
12,206,4
38,73,1
76,148,4
7,44,5
44,15,4
49,70,1
67,163,3
42,94,2
23,249,1
18,181,3
18,213,3
58,129,3
75,9,3
32,1,2
36,34,3
34,127,2
37,242,4
19,150,3
42,209,2
37,16,1
47,85,1
14,214,4
60,232,3
20,109,1
65,201,4
45,170,4
78,41,2
77,195,5
6,56,2
1,102,1
52,5,2
9,31,4
16,129,1
6,128,4
25,233,1
56,148,2
41,86,3
36,187,2
65,25,1
27,134,5
24,134,4
45,234,1
57,25,2
13,67,3
71,199,3
44,30,3
38,35,5
35,219,4
67,40,4
10,247,5
24,1,3
44,15,1
16,248,1
31,102,2
24,193,3
67,44,2
27,13,2
61,222,5
77,132,1
51,132,5
5,135,4
16,28,2
46,119,1
71,29,1
2,31,5
44,239,3
44,107,2
51,10,1
34,190,1
12,136,2
45,73,2
40,24,4
36,154,2
20,221,5
4,147,3
46,9,4
38,39,4
25,62,1
66,175,5
31,106,5
71,139,1
38,240,4
26,25,2
33,228,4
71,231,4
65,147,4
55,53,3
2,166,4
37,225,2
62,185,3
6,238,4
46,202,1
74,133,5
74,117,3
60,7,4
47,105,3
54,103,3
23,115,5
17,237,2
20,48,2
9,51,1
43,249,3
7,14,2
58,151,1
14,161,4
5,66,4
25,137,3
75,149,3
60,69,4
7,82,2
12,135,4
72,56,3
19,47,1
38,182,4
65,239,3
41,105,4
20,218,2
74,165,3
12,173,4
48,227,4
72,147,4
61,155,4
35,223,2
36,211,4
54,106,4
22,63,4
8,100,4
79,100,4
68,175,2
8,141,2
13,65,4
48,191,3
20,69,2
63,243,4
62,244,4
56,19,1
65,241,4
54,236,5
19,179,1
64,169,1
60,90,4
49,238,3
48,138,3
50,27,5
51,223,3
49,170,2
39,165,5
11,11,1
70,167,2
72,39,4
23,239,5
4,62,1
47,203,5
15,208,4
71,226,1
26,71,3
35,127,1
67,115,2
78,5,4
76,199,3
68,150,4
8,124,3
16,217,1
18,240,1
63,137,1
10,143,4
70,178,1
38,204,3
61,131,2
10,108,5
73,107,2
56,163,1
16,128,4
24,237,1
33,14,5
11,64,3
25,21,3
32,26,5
39,241,2
45,146,2
79,33,4
40,17,1
74,152,5
15,199,3
57,50,1
70,86,5
5,53,2
5,24,5
11,194,2
65,208,2
76,203,4
27,26,4
19,24,2
10,50,5
79,51,2
8,144,1
67,96,1
29,206,2
23,53,1
52,179,1
57,224,4
62,130,3
48,55,4
65,159,1
31,193,5
17,170,2
47,134,1
73,195,2
49,18,5
73,210,2
34,154,1
41,44,2
79,123,5
16,173,3
48,96,3
74,154,4
46,137,4
49,82,3
18,184,3
16,139,2
67,14,3
41,57,3
72,59,4
41,11,5
10,23,2
42,42,2
63,199,3
34,176,4
78,72,5
15,165,4
42,193,5
42,170,5
53,154,5
34,119,5
55,79,2
41,96,4
73,62,1
58,249,2
73,102,2
58,24,2
71,44,2
12,180,1
6,29,3
35,120,4
4,99,4
52,120,4
75,117,5
41,19,5
53,21,5
76,136,2
41,247,3
3,178,5
60,148,1
73,68,2
48,114,3
12,151,4
73,116,4
65,204,4
60,196,3
20,23,4
79,76,2
63,149,1
53,149,3
11,76,3
45,29,2
50,140,1
7,232,3
13,116,3
33,77,2
40,99,3
24,150,5
24,125,2
30,87,1
33,68,3
79,78,1
31,136,1
41,95,4
36,194,2
41,108,3
32,91,5
68,46,3
57,44,1
6,224,1
33,174,4
32,131,2
64,188,5
21,218,2
39,50,1
73,9,3
59,90,4
24,197,1
68,241,1
10,220,3
54,152,3
57,220,3
30,24,1
28,161,2
8,169,2
77,120,2
61,30,5
34,126,1
51,41,5
21,198,5
62,184,3
50,21,1
44,66,4
16,143,1
30,145,3
11,89,5
29,122,5
20,171,1
14,91,3
43,75,5
12,65,1
50,240,3
5,206,5
19,93,5
19,108,4
51,100,2
44,243,1
56,50,2
5,249,2
47,190,2
65,83,5
15,18,2
46,58,5
13,105,5
9,203,1
51,42,5
38,71,2
76,97,2
23,74,4
74,104,5
60,177,4
42,167,1
44,175,3
20,180,4
21,137,5
15,167,5
14,46,2
71,104,5
1,121,1
28,115,2
36,69,5
14,144,3
16,70,4
26,147,4
1,221,3
7,31,4
65,125,3
13,79,2
74,242,4
10,191,5
79,34,3
9,191,1
65,135,4
13,237,1
35,99,4
67,64,4
16,247,1
54,51,4
25,209,5
71,164,3
44,113,5
61,249,5
36,39,4
27,91,3
19,104,1
74,160,4
9,8,4
2,55,4
74,206,4
9,234,3
34,164,4
38,51,4
29,63,3
29,67,1
7,133,5
60,91,4
74,197,4
60,134,4
71,62,4
58,123,1
21,162,4
55,110,5
38,169,4
13,126,3
5,67,1
1,160,2
19,201,5
47,64,2
7,47,3
12,27,1
5,181,5
39,134,1
9,231,2
65,90,2
47,179,1
46,246,1
46,156,5
3,129,2
60,112,3
78,162,3
29,130,4
23,168,4
38,217,5
75,107,2
5,48,2
48,16,3
53,144,4
47,100,3
19,159,4
69,9,5
20,108,3
12,26,1
1,113,3
45,245,3
70,244,5
4,80,3
65,13,3
54,167,4
26,84,5
26,229,3
33,34,1
23,129,2
3,88,3
26,59,3
47,54,3
48,98,2
21,56,1
24,26,2
42,193,3
49,228,4
29,184,1
47,98,1
72,81,1
2,91,4
41,227,1
79,202,5
42,211,3
49,129,4
53,184,3
8,176,5
69,30,3
65,107,2
69,34,3
79,73,3
62,166,4
59,73,1
34,221,4
21,236,5
11,176,3
26,113,3
78,200,1
2,107,2
38,214,3
46,238,5
39,73,4
53,169,4
4,216,1
44,209,2
9,243,4
44,159,1
16,128,3
25,183,4
63,159,2
67,75,4
73,51,2
18,244,2
47,190,2
54,70,5
74,181,4
79,246,1
44,102,2
15,34,1
56,220,5
25,50,3
4,87,3
52,155,5
47,135,2
30,187,5
16,173,1
46,230,4
33,97,5
27,30,3
8,200,5
70,153,1
32,82,3
9,218,1
58,98,5
45,169,5
11,92,4
43,96,4
73,125,4
60,196,5
70,154,4
57,150,5
6,6,4
21,246,2
37,28,3
55,84,3
58,73,5
29,134,4
19,236,2
72,58,3
60,120,5
76,236,3
72,8,2
9,193,4
43,7,5
1,139,2
33,5,2
52,15,1
25,210,3
4,232,3
5,155,1
15,118,4
47,1,3
37,78,5
44,61,5
42,12,5
23,146,5
75,109,3
43,18,1
11,186,4
17,90,5
38,220,2
18,96,4
9,96,3
29,2,2
16,177,3
52,138,4
54,88,1
47,4,4
68,117,1
51,147,1
37,230,4
59,242,2
48,117,2
27,42,5
37,62,1
69,17,1
3,138,3
48,218,3
76,137,1
16,96,3
58,210,4
40,216,2
32,92,2
37,144,1
61,23,5
65,70,5
48,132,2
4,8,5
14,198,5
67,74,5
71,50,3
8,200,3
73,45,3
8,233,3
2,93,4
68,145,4
60,118,2
43,69,1
2,39,3
20,14,2
79,12,3
25,170,2
72,87,3
60,86,3
4,88,3
34,152,5
31,145,3
42,123,3
20,161,3
72,200,4
11,46,5
76,140,3
71,67,3
41,78,2
42,29,3
77,14,4
15,165,5
18,121,3
72,124,5
13,245,4
74,158,2
68,105,1
22,19,3
15,44,4
24,125,5
24,11,5
67,120,3
72,8,3
49,24,4
36,209,5
65,112,2
55,190,3
58,161,4
33,156,3
16,236,2
78,186,4
77,2,5
8,30,1
13,64,3
3,229,2
42,146,3
62,172,1
40,41,2
75,41,3
57,183,4
51,49,1
54,22,1
9,146,4
54,79,4
54,30,4
29,112,2
25,207,1
31,78,3
9,92,2
66,171,4
45,236,3
24,167,1
39,223,1
23,152,1
62,176,5
49,148,1
6,123,2
62,213,4
35,194,3
71,139,5
33,202,2
73,89,5
19,119,4
11,89,5
36,79,4
56,208,3
11,59,5
54,199,3
66,157,3
57,35,1
4,142,4
38,155,1
5,145,4
53,140,5
41,209,5
20,151,5
21,90,3
29,138,5
30,129,5
65,17,5
18,200,2
78,239,1
66,246,2
6,92,2
14,92,5
61,29,4
58,53,1
38,248,2
22,154,5
55,27,1
46,230,2
78,20,4
74,66,1
41,71,2
22,78,2
43,148,3
73,82,5
25,52,3
27,39,3
31,87,2
53,195,2
28,57,3
49,247,4
26,191,4
43,46,2
32,200,1
9,236,4
4,64,3
71,210,1
14,209,1
56,230,2
11,163,1
21,73,5
19,202,4
27,235,4
16,172,2
21,236,3
72,126,5
21,199,4
42,232,1
46,22,1
41,135,5
32,92,2
5,173,5
26,155,2
79,36,5
17,242,3
25,75,5
69,54,4
22,17,1
57,201,2
73,35,2
6,139,5
63,6,3
3,177,5
30,118,2
65,52,1
16,219,4
58,144,5
65,141,3
15,193,1
32,60,2
34,20,2
74,213,3
32,231,4
8,156,4
33,161,4
58,2,3
72,184,3
62,194,2
44,153,4
16,74,5
61,17,5
4,188,4
11,103,3
21,73,4
21,2,4
68,235,1
25,197,2
54,43,1
45,81,4
71,212,2
71,23,4
20,229,2
38,143,3
29,188,1
4,56,4
43,132,5
13,43,4
29,20,3
41,104,1
11,161,5
31,166,3
17,24,1
69,212,2
7,121,2
71,70,2
33,59,2
37,243,3
55,68,2
17,77,2
19,206,2
47,227,3
4,20,3
10,232,5
1,195,5
59,17,5
60,188,2
72,128,5
46,26,1
17,38,2
34,118,3
58,109,3
19,24,3
46,130,1
23,159,2
8,143,1
37,96,3
54,245,3
69,7,1
16,185,4
62,23,5
37,103,2
70,98,5
69,157,3
13,93,2
19,179,1
36,181,1
74,28,5
70,121,3
3,179,3
19,99,2
65,119,3
25,194,3
65,126,1
64,158,2
43,37,1
27,165,3
74,148,3
49,14,4
38,217,5
31,246,4
57,158,3
71,236,4
51,164,2
26,104,2
21,36,4
58,93,1
49,205,1
42,61,3
40,149,5
68,208,2
41,138,4
65,39,4
50,164,1
42,2,4
25,29,3
71,151,3
1,222,2
16,191,2
60,19,1
5,200,2
16,195,3
70,75,1
54,29,2
55,94,1
21,104,4
25,14,5
10,11,2
35,68,3
24,162,1
8,128,1
75,127,1
65,199,1
14,162,5
45,93,5
35,116,2
65,131,1
56,56,3
61,139,5
58,239,4
8,118,4
36,69,5
66,215,4
52,76,4
68,98,5
10,98,3
56,140,2
76,156,1
18,144,5
33,199,3
52,102,3
50,46,3
49,161,4
38,83,2
68,19,3
25,243,1
58,109,3
65,220,3
75,200,3
65,173,4
18,11,5
45,172,1
75,54,3
16,57,3
45,245,5
35,73,4
14,231,4
6,225,4
17,211,1
31,12,4
48,116,5
29,56,2
40,224,4
36,185,5
74,138,3
60,180,4
78,117,5
50,43,3
5,241,5
24,242,4
49,19,3
13,15,3
11,35,2
44,129,5
63,140,1
1,76,3
61,111,5
25,146,4
18,164,1
78,35,4
31,105,4
74,139,5
41,43,3
14,244,4
36,64,5
74,197,2
17,245,1
48,183,2
14,50,4
2,152,3
54,244,3
59,239,2
55,67,3
39,186,1
53,235,2
24,222,3
31,241,3
73,14,1
6,65,5
58,103,3
48,203,1
7,186,3
9,53,3
67,87,2
79,208,1
14,188,3
70,145,1
67,180,1
46,28,2
10,206,4
13,126,5
12,188,1
14,58,5
72,45,4
32,118,3
26,208,2
4,38,2
46,109,2
71,35,5
50,48,5
8,150,5
45,200,1
38,142,3
73,232,3
3,159,2
4,179,1
1,28,2
72,183,5
64,213,3
48,71,5
70,225,3
55,77,2
39,117,4
65,96,5
60,57,5
69,156,5
27,190,2
46,224,5
36,212,1
2,173,2
29,52,5
68,15,5
57,123,1
21,60,4
60,215,5
10,113,1
14,116,2
46,173,2
39,185,1
37,17,2
58,40,4
60,146,2
72,211,5
4,233,1
8,79,4
51,163,2
76,118,2
71,160,5
66,210,2
23,204,4
46,22,3
9,154,4
33,57,4
37,11,2
58,20,2
42,79,5
70,78,5
55,10,4
19,42,4
58,243,3
24,141,5
20,12,5
72,16,4
46,83,2
14,205,2
6,220,4
21,60,1
43,156,1
21,6,4
6,164,3
45,87,4
25,148,5
32,14,2
12,127,2
52,224,2
40,5,1
41,201,4
18,89,3
25,186,4
1,77,2
74,184,3
12,16,4
66,127,2
73,233,1
66,163,1
36,154,2
48,138,3
66,165,1
68,73,3
47,145,3
75,21,4
38,84,3
77,27,5
22,232,5
14,173,5
17,177,4
72,230,2
22,24,4
74,58,2
63,127,2
31,24,5
27,170,5
28,239,1
38,171,1
33,83,5
72,48,4
69,80,5
75,126,3
9,201,3
21,146,2
77,28,4
76,179,4
46,213,2
40,239,2
18,120,4
22,203,5
77,181,2
76,76,5
22,233,1
21,223,3
59,178,5
43,58,1
8,145,5
75,214,3
38,123,3
42,195,3
65,25,3
72,72,2
1,57,3
34,176,1
63,48,3
41,246,4
60,37,3
5,230,1
21,198,5
3,33,2
55,94,3
19,63,1
49,210,3
79,18,4
12,21,5
36,105,1
59,8,5
7,197,4
36,185,1
47,15,2
24,56,5
77,159,1
79,241,2
78,62,2
41,13,1
23,245,2
8,41,3
25,129,1
75,239,2
33,63,1
19,95,1
25,94,2
61,153,4
41,85,5
4,213,3
47,156,2
62,239,2
53,89,2
47,103,3
33,2,4
7,139,2
10,91,1
78,76,2
47,97,2
38,150,2
53,188,1
20,203,3
27,43,2
45,175,2
25,207,1
23,215,3
8,100,1
5,126,1
69,98,1
72,241,4
21,233,4
71,2,1
65,43,5
47,131,4
72,146,5
5,244,4
24,175,1
24,111,5
2,162,4
32,85,1
27,55,4
7,19,5
32,112,4
37,56,1
37,15,4
43,183,3
40,52,1
61,220,5
75,125,5
67,235,2
47,140,4
60,32,5
79,195,4
75,220,2
7,85,1
42,208,3
25,123,3
72,3,5
62,66,1
70,41,5
33,70,5
68,120,2
13,67,2
49,203,5
65,110,2
22,28,4
57,104,2
3,30,1
20,4,5
79,215,1
15,86,3
70,165,3
28,17,4
76,14,2
29,23,4
34,57,4
10,191,4
23,72,5
16,81,2
18,118,2
50,144,1
76,31,2
2,110,3
64,209,5
78,169,3
7,77,2
1,4,2
36,166,3
27,107,4
24,120,5
33,146,1
71,27,2
34,98,5
8,127,5
46,210,3
4,54,5
74,233,5
67,73,3
22,40,1
54,93,3
30,189,5
18,204,2
44,92,2
35,167,1
1,140,4
70,164,4
25,108,4
73,236,5
39,187,5
17,194,2
22,137,2
23,19,5
70,192,5
21,100,2
6,26,3
27,112,3
24,165,2
71,67,5
13,125,5
36,180,2
25,42,1
59,47,3
2,212,3
59,72,3
77,102,2
30,109,5
6,144,2
2,34,4
41,83,4
61,201,1
2,98,3
19,174,3
7,225,3
33,32,5
57,103,3
41,219,1
56,120,5
59,210,1
9,104,5
28,41,4
78,42,3
67,116,2
20,244,1
60,75,2
41,71,4
54,28,2
77,144,3
53,34,1
75,248,4
50,225,1
65,21,5
11,14,2
9,73,2
30,234,5
57,248,1
61,168,1
46,230,3
27,13,5
40,54,3
69,102,1
33,59,2
49,123,5
36,16,2
77,74,5
7,11,3
78,242,2
65,67,3
22,130,4
36,1,1
18,35,3
60,175,3
65,85,5
53,211,5
62,78,5
31,105,1
72,187,2
79,238,2
79,237,3
54,8,1
61,174,5
41,248,4
40,89,2
66,83,3
62,181,5
49,95,3
71,77,1
8,2,5
52,235,5
18,174,5
45,180,1
24,162,4
14,99,2
40,229,1
1,80,2
61,202,1
76,61,4
78,73,5
42,128,2
31,99,3
25,155,2
34,29,2
21,109,1
5,230,2
57,181,1
8,245,4
66,99,5
43,98,2
9,239,3
35,139,1
55,87,3
30,44,3
58,148,3
10,211,3
3,146,4
54,205,2
7,58,1
45,106,4
70,97,2
16,57,1
37,165,2
21,204,5
73,69,3
31,90,2
44,146,4
40,134,5
30,61,5
79,239,1
34,188,4
47,2,1
70,138,1
4,95,2
79,126,2
39,31,1
77,52,1
62,229,4
66,203,1
26,59,4
10,219,4
27,90,2
79,15,1
50,145,3
27,215,2
55,177,5
15,127,3
64,8,1
56,88,1
19,45,3
54,130,5
5,125,2
19,104,3
8,212,3
71,99,2
57,120,5
1,117,1
73,130,4
64,54,5
45,61,3
37,100,4
60,144,4
13,159,3
38,60,5
29,29,2
41,12,4
53,6,2
77,81,3
69,77,5
42,23,5
51,82,2
9,152,3
15,33,1
75,223,1
21,173,3
23,213,5
20,79,3
38,171,5
1,121,4
46,225,1
55,157,2
62,69,5
17,158,3
12,128,5
75,125,1
9,171,2
61,8,1
47,58,4
20,168,4
54,124,5
66,233,5
40,134,2
70,65,3
65,58,4
28,16,1
71,187,1
65,78,4
57,232,2
35,137,1
47,155,3
10,40,3
9,163,4
15,200,2
9,185,4
4,125,4
8,63,5
35,137,3
32,125,5
12,49,4
22,55,1
2,38,5
76,142,3
15,146,3
3,218,3
2,30,4
24,40,3
78,46,4
15,248,1
67,181,1
32,211,5
30,134,2
16,81,4
44,62,2
28,5,4
6,46,2
23,48,1
18,69,2
32,73,2
52,216,3
79,22,2
53,210,3
69,246,4
30,65,1
70,51,1
15,73,1
79,11,5
41,183,1
3,219,4
62,74,3
2,205,5
66,211,4
27,31,2
44,111,3
63,71,2
19,109,5
61,118,1
61,50,5
35,150,3
25,145,2
29,107,2
36,219,5
28,124,4
35,80,2
10,219,3
13,136,3
73,16,1
67,128,3
45,233,5
65,11,5
20,227,5
42,117,4
55,75,5
46,60,2
44,48,3
78,101,2
55,72,3
19,194,4
6,57,2
47,13,1
40,33,2
53,156,4
4,234,4
43,54,1
5,125,1
7,61,5
34,50,4
44,195,5
18,53,5
24,88,1
43,216,3
77,191,4
17,127,1
63,193,2
66,23,4
32,169,3
3,55,5
52,231,2
4,240,5
48,211,3
24,135,5
30,32,4
1,225,2
47,39,2
46,13,1
4,112,1
72,29,4
7,44,4
42,105,4
10,127,5
31,190,2
50,13,2
72,235,5
54,178,3
40,124,1
49,108,1
20,40,2
79,203,3
61,78,3
36,26,1
69,112,3
39,85,3
65,78,2
3,127,4
73,139,3
18,102,4
40,8,1
20,126,4
12,58,3
2,51,5
39,237,1
32,242,5
49,247,1
66,204,1
29,198,3
39,240,2
32,6,5
24,172,5
56,129,2
21,177,1
53,7,2
68,156,4
63,37,3
79,75,5
33,196,4
43,183,1
38,106,3
44,248,4
63,220,2
19,159,4
14,22,3
41,215,1
55,121,2
39,188,1
14,81,3
73,201,5
54,102,2
56,154,4
69,7,3
4,97,4
48,162,5
36,31,2
68,14,4
10,167,4
53,247,4
59,91,4
59,215,2
9,188,2
51,147,2
45,243,1
55,222,2
36,175,2
61,238,3
8,75,5
9,109,2
50,170,3
71,196,5
43,158,2
47,7,1
11,44,4
41,134,2
20,194,3
42,3,4
44,237,1
30,29,1
66,159,5
40,51,2
69,130,4
21,134,4
54,109,2
37,192,2
59,98,4
24,13,2
28,120,1
33,231,4
17,225,5
19,246,3
39,17,2
10,5,5
23,7,1
60,110,5
22,147,4
77,52,4
57,183,3
58,96,5
64,67,1
35,140,1
28,185,4
23,8,4
31,95,5
43,199,3
8,186,4
69,185,5
68,187,5
65,113,1
23,157,2
35,76,5
34,34,5
72,32,3
12,149,1
42,109,3
10,167,2
5,126,5
71,247,4
53,236,2
25,95,2
65,129,1
78,97,5
4,189,1
58,239,2
52,166,5
73,236,1
71,96,2
44,129,3
56,3,3
73,168,3
9,227,1
41,198,5
30,115,4
34,160,5
21,117,2
37,86,4
12,180,4
30,228,4
10,192,5
39,114,3
37,220,1
56,40,4
25,222,4
73,239,3
46,2,5
61,150,3
3,151,3
18,114,5
25,38,4
54,130,1
43,16,4
65,27,2
57,111,1
53,191,2
70,161,2
79,48,4
18,118,4
24,236,4
28,39,2
17,149,2
39,177,3
41,43,2
71,245,1
44,92,4
25,168,1
28,193,3
9,233,3
18,149,3
61,29,2
10,242,4
25,110,2
1,98,1
16,87,1
1,77,1
44,168,5
77,191,3
75,2,2
69,68,1
46,172,1
60,235,5
9,246,1
7,11,1
63,94,1
47,140,4
50,136,2
39,194,2
73,76,3
19,128,2
9,155,2
45,91,4
58,32,4
60,36,1
26,222,2
47,36,1
75,61,5
25,244,1
10,59,1
14,54,5
20,174,2
53,241,5
63,246,3
68,183,3
66,183,2
30,133,2
45,71,5
14,23,3
36,82,2
75,224,5
42,178,1
76,84,1
9,105,4
68,70,5
13,105,3
1,220,5
38,49,2
43,25,2
71,222,1
73,87,2
50,228,5
36,180,2
58,199,4
59,61,4
8,2,4
42,114,4
58,248,5
43,23,2
54,89,2
21,242,5
17,17,3
79,6,5
53,238,2
79,244,3
14,179,1
30,70,4
41,177,1
52,219,5
69,200,5
25,139,5
54,174,5
74,179,3
66,67,3
14,101,2
73,238,4
38,171,1
70,105,1
3,10,2
28,195,3
6,167,5
2,170,3
57,31,5
7,178,1
75,137,5
64,225,5
56,75,5
61,20,2
68,44,5
54,223,3
28,116,2
15,94,1
57,63,4
17,117,2
8,230,4
7,191,2
10,66,5
38,248,2
18,46,2
15,127,2
38,244,3
41,31,1
22,151,1
54,62,3
74,94,3
16,85,3
15,170,2
13,118,3
69,71,2
67,157,4
56,177,3
49,241,1
46,21,3
61,3,1
13,61,4
71,173,3
6,169,2
52,177,4
12,82,2
32,208,5
7,190,5
15,8,5
79,182,1
69,128,1
7,102,5
61,40,1
16,140,3
15,238,4
52,87,5
38,40,1
50,221,3
55,13,5
62,130,4
46,139,5
41,183,5
45,85,4
23,220,4
35,223,2
8,138,4
30,95,2
22,246,3
18,4,5
68,155,3
32,223,3
63,70,3
34,56,5
16,102,3
45,14,2
21,168,3
16,103,1
64,56,4
15,181,4
54,111,1
27,33,2
40,41,4
10,197,5
33,28,2
76,38,4
71,231,5
57,249,1
61,198,5
29,186,1
48,58,2
32,230,4
7,66,1
19,103,1
17,141,1
53,122,2
43,97,2
51,8,5
43,152,3
1,29,4
33,128,4
19,117,1
17,63,5
16,25,3
34,72,4
1,215,5
69,140,1
55,123,3
8,63,5
74,78,3
32,146,1
1,22,4
22,217,5
65,52,1
19,249,3
52,2,5
19,185,3
10,151,1
15,241,5
26,129,3
12,174,3
31,138,1
47,43,4
33,41,1
63,166,1
56,7,3
66,168,2
46,31,4
13,80,4
46,90,5
78,217,4
12,231,5
11,87,3
34,168,4
36,147,2
65,242,1
58,40,3
7,42,3
69,109,1
54,239,5
48,83,3
26,227,4
5,47,1
34,218,4
73,113,5
58,92,4
37,221,1
34,94,3
72,96,2
30,181,4
41,132,1
26,64,4
57,37,5
24,46,1
75,50,1
13,152,4
69,10,3
12,110,5
1,74,3
54,76,4
23,135,1
41,1,1
71,133,3
77,173,4
58,241,1
54,201,4
41,175,2
49,43,5
24,43,2
40,232,5
22,241,5
57,60,2
25,75,3
56,163,5
10,99,4
4,177,3
47,147,4
64,151,2
57,236,5
58,133,1
40,35,3
62,92,3
23,1,3
6,249,4
42,144,4
69,185,5
46,132,3
77,200,2
13,99,3
79,217,3
4,160,2
73,108,5
57,102,1
6,215,4
20,86,5
21,169,3
11,7,1
59,135,4
38,181,3
76,68,1
49,98,1
27,195,2
68,77,4
69,185,1
48,223,3
1,17,3
41,3,1
19,24,1
79,75,1
54,191,3
55,219,4
35,108,2
29,25,4
57,222,1
24,176,5
66,73,3
9,122,4
44,190,2
40,157,4
34,165,4
42,69,3
21,114,3
64,10,5
47,156,1
74,149,5
36,100,4
68,35,3
63,30,3
74,70,2
63,49,2
12,7,2
6,98,1
43,246,3
69,20,4
70,4,3
61,236,3
7,160,3
28,126,4
60,90,1
17,5,2
23,218,1
51,234,4
24,158,2
51,60,3
14,91,4
68,145,3
33,131,1
15,105,4
42,27,5
50,239,1
46,95,3
70,192,1
74,174,1
62,158,4
12,86,5
44,117,4
66,246,3
65,153,4
65,19,3
38,31,3
75,133,5
70,108,3
24,102,2
38,231,5
71,34,3
69,138,5
43,172,1
25,160,3
52,80,4
3,185,5
9,206,2
33,171,5
78,26,5
69,13,5
65,90,3
55,20,2
66,204,2
22,50,3
32,127,2
40,129,3
60,180,3
27,82,4
57,64,3
38,126,2
39,170,5
5,119,3
71,152,3
48,208,5
70,44,2
54,82,3
13,171,3
32,215,1
27,83,2
23,141,5
16,137,1
57,135,3
25,248,3
29,85,5
20,5,1
79,219,3
15,73,5
75,209,2
42,218,2
75,185,1
63,2,3
4,13,1
43,75,3
67,203,3
40,48,3
1,185,1
18,224,4
18,31,3
8,74,2
20,180,1
31,186,4
5,60,4
54,173,5
77,63,3
50,32,5
29,167,1
67,147,5
8,180,4
46,26,2
21,64,4
45,49,5
40,238,2
70,3,2
74,89,3
70,91,2
12,82,3
27,83,2
44,19,5
62,125,3
17,73,3
71,172,3
6,219,5
18,244,1
1,65,1
49,8,3
7,116,4
36,22,3
10,89,1
63,215,2
10,46,3
28,166,2
50,38,1
61,75,5
1,51,3
22,200,1
67,150,2
30,108,4
12,14,2
13,227,1
51,87,3
55,11,4
9,170,3
78,81,3
63,208,3
63,35,4
17,211,2
70,154,2
9,137,1
10,57,2
74,191,3
22,95,4
52,210,4
75,182,1
29,78,5
25,34,1
55,140,4
28,171,1
75,137,4
23,153,1
28,129,5
14,144,1
54,208,4
61,83,1
51,105,3
64,195,2
20,235,5
69,152,1
63,130,2
11,78,2
35,132,5
10,141,2
19,238,2
52,7,4
5,37,5
52,126,4
26,171,1
8,2,5
7,232,2
39,180,2
13,176,3
52,102,4
46,103,5
10,210,1
25,240,1
28,140,3
38,108,4
44,167,2
72,78,3
14,126,4
66,138,2
36,54,4
51,134,5
46,237,4
73,239,3
6,166,4
7,190,2
44,29,3
30,92,1
25,19,2
27,1,3
16,44,5
77,148,4
51,97,3
14,72,5
16,220,2
48,116,1
6,188,5
65,92,1
76,75,2
26,43,2
28,159,3
24,51,1
58,237,3
66,91,4
70,226,1
40,11,3
23,133,5
31,243,1
64,220,1
58,245,4
56,249,2
13,26,2
34,34,2
29,137,2
45,8,2
3,212,5
48,185,1
60,64,2
63,137,2
14,143,1
67,145,5
30,2,5
28,77,4
36,60,2
43,129,4
63,147,3
17,96,5
37,168,5
33,212,1
56,84,2
59,123,1
39,50,3
18,22,4
2,63,4
35,92,3
16,20,5
33,183,1
44,161,4
35,41,2
35,224,5
57,212,4
54,74,1
42,199,4
63,98,5
56,152,4
25,68,1
73,11,5
60,55,5
14,127,2
51,142,4
67,110,5
56,67,4
62,146,2
7,220,4
51,75,5
76,28,1
37,100,5
14,90,3
21,232,3
2,82,3
44,198,3
35,78,4
77,145,4
36,15,2
41,139,3
62,120,1
11,10,3
2,120,4
5,3,1
12,10,1
29,89,3
17,170,5
58,163,5
71,86,5
55,107,1
58,239,1
40,245,4
12,34,3
62,19,2
5,49,5
67,98,2
62,63,2
18,93,3
26,230,4
51,127,4
63,135,5
2,14,5
36,195,3
55,229,4
60,78,3
64,233,4
75,195,2
34,96,5
59,169,1
39,174,5
11,92,1
14,221,5
19,85,2
29,198,4
30,245,4
4,33,1
64,183,3
28,35,1
27,194,3
72,98,2
40,159,1
51,208,4
11,98,2
71,179,1
8,172,1
67,118,5
14,193,5
74,143,3
13,65,4
7,163,1
34,153,4
55,120,3
18,237,3
42,20,5
64,179,2
51,70,4
62,223,4
50,39,3
60,51,3
6,48,2
9,132,2
61,179,1
10,75,3
15,217,3
20,199,1
76,157,4
30,22,5
26,153,1
4,208,2
60,120,5
33,61,5
68,115,1
53,121,5
19,176,1
41,224,1
46,243,5
79,208,5
32,169,3
4,123,4
24,127,4
33,52,4
31,131,3
5,6,2
51,35,4
64,39,5
78,249,4
55,211,3
13,181,3
57,239,3
64,165,4
79,205,3
10,115,1
51,222,3
25,150,5
20,16,1
9,133,3
8,53,4
30,227,4
27,231,2
66,160,2
64,58,4
56,244,5
33,13,2
1,52,2
11,245,3
9,10,5
14,64,1
43,88,3
70,209,5
69,18,4
78,225,1
10,7,2
34,55,3
73,50,4
51,12,3
66,152,1
5,249,5
27,64,3
37,111,3
7,164,2
20,127,3
75,24,5
72,77,2
3,100,3
11,162,5
15,167,1
69,29,1
2,79,1
14,201,4
67,195,2
61,249,4
68,126,2
19,131,2
2,182,2
30,106,2
60,18,1
55,153,1
20,194,2
71,211,3
25,122,3
58,221,2
50,44,5
24,32,1
7,149,1
63,7,4
72,242,5
26,207,5
59,128,5
41,16,1
70,21,4
39,234,2
75,10,1
38,87,2
67,230,5
38,18,5
28,75,4
40,179,5
74,245,4
68,68,4
5,182,4
71,36,1
54,114,3
31,68,3
60,238,5
75,237,3
38,141,5
69,239,4
11,227,5
74,119,3
76,80,5
44,117,5
60,123,4
58,24,3
31,96,2
60,231,1
35,212,4
71,115,2
10,197,5
25,134,2
63,140,2
32,30,2
74,177,1
5,216,5
58,213,5
70,245,1
66,27,1
19,10,1
25,114,5
53,26,2
58,143,1
56,126,4
25,8,3
1,182,4
25,218,1
33,168,4
74,148,5
22,81,1
20,215,2
51,235,1
31,105,3
5,192,5
77,52,4
17,193,2
51,237,3
8,208,2
73,71,5
34,162,1
32,166,3
40,66,5
32,158,3
45,237,1
56,50,3
18,202,4
16,21,2
74,90,4
53,52,4
12,77,4
2,159,4
48,214,1
39,39,5
59,75,4
75,52,2
65,56,2
42,206,3
16,6,5
17,166,3
32,59,5
13,240,1
74,77,3
77,138,1
28,95,2
63,29,4
17,202,5
1,133,4
50,69,5
46,216,5
14,222,4
60,63,3
62,147,3
15,98,1
5,132,1
51,27,5
3,206,4
56,221,3
12,223,3
19,135,4
53,212,5
20,237,2
14,88,5
76,158,3
50,205,2
40,40,2
10,186,4
47,216,5
38,26,1
47,24,5
47,237,2
37,209,2
65,95,2
30,170,1
8,112,2
30,191,4
57,214,1
2,236,2
79,227,3
52,196,3
33,127,4
24,22,2
25,116,1
16,96,3
57,96,2
15,13,3
25,154,3
6,162,2
33,149,2
67,199,1
24,142,5
55,121,4
42,124,1
47,225,5
45,168,1
78,33,1
28,74,3
39,139,3
62,237,5
36,13,5
72,101,5
57,137,4
9,62,5
78,111,4
63,211,2
20,75,1
14,180,5
16,97,5
22,134,1
5,88,5
15,73,3
4,59,3
40,113,1
48,150,3
44,116,3
42,40,1
76,116,5
25,78,5
34,114,2
74,19,1
38,218,2
69,152,2
53,174,3
37,58,1
43,26,1
61,183,4
68,202,3
53,237,5
6,57,2
56,40,5
63,239,4
10,185,4
27,191,4
17,96,5
25,2,4
22,101,1
61,227,5
78,247,2
31,200,3
16,154,1
1,202,2
5,242,2
33,125,5
73,151,4
41,98,2
54,200,4
3,41,1
56,3,2
2,98,2
38,28,2
45,236,2
35,102,5
30,160,3
68,62,5
44,147,1
40,114,1
77,94,4
8,167,2
74,131,5
4,33,1
30,220,1
21,109,4
34,148,3
71,78,5
68,149,1
52,27,5
51,234,2
31,29,4
43,234,3
47,170,5
79,203,1
59,189,2
35,186,2
56,6,4
5,201,4
46,163,5
34,46,4
19,67,3
76,76,5
78,9,1
44,236,4
29,107,2
33,205,3
62,137,3
64,198,4
57,35,2
46,71,1
13,198,4
53,197,1
73,174,1
69,249,5
63,154,3
77,157,2
74,86,3
68,192,5
14,68,5
21,46,4
7,229,5
58,174,3
31,67,1
14,134,3
6,61,5
14,117,2
2,230,1
35,70,4
70,215,4
79,125,5
48,202,4
4,222,4
9,138,3
49,32,4
5,120,4
52,80,1
40,133,1
24,224,3
13,39,5
71,60,2
28,114,4
52,147,3
32,146,2
41,64,1
6,155,5
46,72,3
15,130,3
53,236,4
45,201,4
77,44,5
50,153,4
22,176,2
30,17,5
41,168,4
5,2,3
75,113,3
72,101,4
22,178,2
33,163,3
10,42,2
56,201,5
72,162,2
62,55,2
50,106,2
20,235,3
41,9,1
50,2,1
47,200,4
24,170,4
42,113,4
7,223,4
49,129,5
71,185,2
46,244,1
41,240,5
9,87,5
50,77,5
46,116,4
10,84,1
3,142,3
14,93,2
17,46,5
70,89,5
28,165,5
23,155,4
29,131,1
71,82,5
51,9,1
66,243,1
32,212,3
66,70,1
76,54,4
61,108,1
1,101,3
20,243,3
64,125,1
61,163,5
9,214,1
16,183,4
41,248,3
79,147,4
34,231,3
30,201,5
14,143,2
57,160,5
51,64,5
43,38,1
5,27,2
57,47,5
56,191,1
70,12,3
47,147,1
32,201,2
4,42,5
2,49,4
2,38,4
67,241,1
23,145,3
36,205,4
12,161,2
71,32,2
76,23,1
26,125,3
20,218,4
2,246,4
63,157,1
29,102,4
14,5,4
46,81,1
52,102,5
24,55,5
36,130,5
7,25,4
51,155,2
69,168,5
69,54,1
4,26,3
54,183,3
16,203,3
30,230,5
41,105,1
62,239,3
61,91,3
44,234,1
62,104,3
59,22,1
31,90,2
22,5,4
17,89,4
33,51,1
14,33,4
6,146,3
60,29,2
70,203,5
64,185,5
4,74,1
41,88,2
64,84,5
40,103,5
36,224,2
45,126,5
27,128,5
79,81,4
44,248,3
79,88,3
60,123,1
27,238,3
18,164,3
20,231,3
79,194,4
26,225,5
68,49,1
16,27,2
74,191,1
13,206,4
46,249,5
41,165,1
26,208,5
19,21,1
44,109,4
37,137,1
65,227,3
53,136,2
8,232,1
74,126,5
21,103,4
74,53,5
58,167,2
22,202,5
31,56,2
70,181,5
33,200,4
39,120,2
6,99,4
40,176,2
35,39,5
72,20,2
16,93,2
13,8,2
1,222,4
59,216,1
9,240,3
43,148,1
9,169,3
3,173,5
14,98,3
19,152,4
23,158,3
8,1,2
2,25,1
25,140,3
31,165,2
52,99,3
44,49,4
1,143,4
11,123,1
25,78,2
14,42,5
45,38,3
53,105,2
67,216,2
58,172,2
63,187,5
12,184,5
69,140,5
51,12,1
43,185,5
35,195,5
17,141,2
72,60,1
72,157,5
27,55,5
45,8,1
35,127,4
31,220,2
38,75,3
77,222,2
79,154,2
34,34,3
30,64,1
25,10,2
3,156,5
39,235,3
31,5,5
41,224,1
44,66,1
4,36,5
65,33,1
52,244,1
7,210,5
33,124,1
18,24,2
32,158,5
37,131,2
16,124,1
54,132,5
24,235,3
5,32,1
53,10,3
72,164,4
34,180,4
56,164,5
31,96,4
5,171,5
10,228,3
40,161,2
13,32,1
79,41,2
28,174,4
56,2,4
35,192,4
70,218,2
49,207,3
76,69,2
59,140,4
2,138,2
57,97,3
28,125,3
47,204,4
53,24,3
39,229,2
53,122,5
67,39,4
10,231,4
22,153,3
60,158,3
70,4,1
69,114,5
29,153,2
43,32,5
30,108,5
53,88,5
58,34,4
19,207,1
38,75,2
31,215,4
46,37,5
27,112,4
25,76,4
51,163,2
36,137,2
39,82,4
56,208,2
23,91,2
68,159,1
70,241,1
74,42,1
33,78,3
74,87,3
36,221,4
14,247,4
77,219,5
13,69,2
43,211,4
8,161,5
12,87,4
14,60,5
49,228,3
72,174,4
46,154,5
30,7,1
40,57,4
65,46,4
26,34,5
7,107,2
1,75,5
27,147,4
62,36,4
10,226,3
60,62,3
9,179,3
61,80,4
73,146,4
65,246,4
34,160,2
33,63,3
9,57,3
6,137,2
73,215,3
74,145,1
27,92,1
70,3,5
79,31,2
8,249,1
11,147,3
65,112,4
12,79,5
23,247,2
54,122,5
41,71,1
47,56,4
65,60,3
66,36,3
22,87,1
25,98,2
50,224,2
67,116,5
73,46,4
75,136,5
3,16,4
37,150,1
11,106,3
68,119,1
4,94,1
66,230,3
74,227,2
70,134,4
30,73,1
23,103,4
36,139,4
33,82,3
14,43,2
27,185,4
16,80,5
41,14,2
1,220,4
7,54,3
16,60,3
64,83,5
45,235,1
36,62,1
12,249,1
32,24,5
21,129,4
69,41,3
9,214,4
26,47,2
67,20,1
41,191,3
57,238,1
23,172,5
18,244,5
38,71,2
57,142,3
77,138,4
72,48,4
58,122,5
28,67,1
29,224,2
6,147,5
49,198,1
9,177,1
69,100,2
48,185,2
20,207,5
79,109,4
1,5,5
40,97,1
6,22,4
78,228,4
26,232,4
70,169,1
24,138,2
9,46,3
6,219,4
61,149,2
8,131,3
61,115,3
8,141,1
24,208,4
14,95,2
17,6,5
63,221,2
61,209,3
5,177,4
24,215,5
26,143,1
79,134,1
28,166,5
56,184,4
51,107,4
18,186,3
20,75,5
56,38,5
27,58,1
4,138,3
36,181,3
17,29,2
56,9,4
3,111,4
5,171,5
1,57,4
15,6,1
25,143,4
60,180,5
24,47,2
37,51,2
49,9,5
40,49,5
6,246,5
28,71,1
76,204,2
8,113,2
24,44,2
34,120,5
20,10,4
23,22,2
16,218,2
51,86,3
33,156,4
16,4,5
29,32,5
3,96,3
73,217,1
6,183,4
54,82,3
43,85,4
44,111,2
22,201,5
68,94,2
74,214,4
61,20,2
20,227,5
66,159,1
78,146,4
40,63,2
20,170,4
15,159,1
72,124,5
19,179,5
78,49,1
23,5,3
67,53,5
15,45,1
54,19,3
11,201,3
17,170,2
29,208,3
59,140,2
57,83,4
15,174,5
59,104,5
35,179,3
42,241,1
38,171,2
18,122,2
72,110,2
67,104,5
68,176,5
59,194,5
79,93,3
65,44,5
3,2,4
58,134,3
47,132,5
48,72,3
70,98,2
46,238,3
45,196,1
11,215,3
30,182,1
65,92,3
74,222,2
44,248,4
44,12,1
42,163,2
24,204,5
2,138,4
30,6,4
58,73,3
25,109,4
8,100,4
8,3,4
75,165,4
66,154,2
34,55,3
37,163,2
50,49,2
25,77,1
40,118,4
64,233,3
1,99,4
48,238,2
64,147,5
69,196,3
13,68,2
39,180,4
58,36,2
70,158,1
21,48,4
23,116,3
57,62,3
64,104,5
44,184,3
11,210,5
15,205,1
62,167,2
33,61,5
73,78,4
79,188,5
70,172,2
29,128,2
21,46,3
71,57,1
36,69,4
23,164,5
29,240,3
69,70,4
73,218,5
73,14,2
76,159,1
70,66,2
62,84,5
48,20,4
12,59,3
55,95,5
18,9,2
23,103,4
6,58,3
64,204,1
25,226,3
32,184,4
24,102,5
73,1,5
46,240,5
40,220,1
68,137,4
56,146,2
17,70,1
13,91,5
55,143,1
20,112,1
60,64,4
11,187,2
