music_id,user_id,rating
144,173,2
19,86,5
99,15,3
197,85,2
197,60,2
71,180,4
83,73,4
66,181,2
92,165,2
164,219,3
106,218,1
159,76,1
152,148,5
183,92,3
44,143,2
182,30,3
59,58,2
203,223,3
5,140,3
15,132,4
97,52,1
67,29,4
56,103,5
154,84,5
139,186,1
128,79,2
40,197,5
32,247,5
200,29,4
110,155,2
50,97,2
39,176,1
34,235,3
86,2,3
93,137,4
41,37,5
157,45,3
108,180,4
46,110,5
15,107,3
35,128,4
168,52,4
46,100,1
163,137,2
32,159,1
81,84,5
12,238,2
135,18,1
21,126,3
51,211,1
74,32,3
193,32,3
161,226,3
20,83,2
114,133,3
146,210,4
175,248,5
18,159,3
129,27,2
66,87,3
134,211,4
128,218,2
134,224,1
30,182,3
15,241,4
206,40,2
84,37,3
161,117,2
129,112,2
207,45,4
14,225,2
27,206,1
87,15,3
57,140,3
182,55,2
44,228,3
75,65,4
142,139,1
123,142,4
6,152,1
109,202,3
37,82,3
168,56,4
142,239,2
125,75,5
156,70,5
24,94,5
190,230,3
143,84,4
62,140,4
32,188,2
50,172,2
77,208,2
18,38,2
17,209,1
27,35,2
41,63,4
129,155,3
92,213,2
90,34,3
55,91,1
45,126,4
200,157,5
142,166,3
31,105,2
48,248,3
73,56,1
175,101,5
161,8,5
168,130,5
180,244,4
119,42,3
102,128,1
98,104,2
38,65,1
177,182,1
189,85,2
206,10,4
124,166,3
108,165,5
91,110,5
98,90,2
149,110,1
85,16,5
91,47,2
72,248,3
128,133,1
56,14,5
140,148,1
76,25,4
96,119,3
69,82,3
88,2,2
191,206,3
59,158,5
7,89,4
145,37,1
7,155,2
188,136,3
159,196,1
52,45,5
154,102,2
90,48,5
117,122,1
155,63,2
126,83,3
192,124,5
161,70,3
101,121,4
192,34,3
85,24,1
16,10,3
149,32,5
133,72,4
104,98,5
68,153,4
99,137,5
153,9,4
86,231,5
63,114,1
1,200,5
145,216,1
38,81,4
99,8,2
43,36,2
79,198,2
48,46,1
42,27,3
180,72,1
37,173,2
160,237,4
172,6,4
53,102,1
74,43,3
104,119,1
59,139,2
49,205,2
1,211,4
126,40,3
49,176,3
149,80,4
161,247,3
112,203,2
97,40,4
196,89,3
96,77,1
133,137,5
132,142,1
77,43,4
203,137,2
1,186,4
118,216,1
87,124,2
164,59,5
191,190,4
167,94,4
98,4,3
5,78,5
114,34,2
9,91,4
21,102,4
158,47,3
189,86,5
13,55,1
90,12,4
87,78,3
79,207,1
200,181,4
64,238,3
62,141,3
171,246,2
123,247,5
207,205,1
184,244,4
7,43,3
68,24,5
178,119,1
160,8,4
31,35,1
88,82,2
72,171,1
148,117,4
97,247,3
14,145,1
32,225,2
20,193,2
73,70,1
84,129,1
49,107,2
47,173,3
190,147,2
27,29,5
26,198,1
68,47,1
207,179,4
139,205,4
170,94,5
192,229,3
171,36,1
80,9,4
129,32,4
3,58,4
90,10,4
123,37,2
141,122,5
129,226,4
133,151,4
190,246,1
57,233,5
104,48,4
68,51,5
130,138,4
11,177,2
70,238,5
60,105,2
157,121,3
178,238,3
13,32,2
6,68,5
203,156,1
177,247,2
178,66,5
18,71,4
161,2,4
154,93,1
52,61,3
193,183,4
191,42,1
19,84,2
149,14,4
118,47,2
12,73,5
119,249,4
54,18,4
78,190,1
106,77,5
68,227,2
66,33,4
143,151,4
4,181,2
86,45,1
180,213,3
127,101,4
118,104,1
55,125,1
156,174,4
91,129,3
136,211,2
173,126,3
205,236,2
96,11,1
142,217,2
175,113,1
157,84,1
65,121,2
9,165,4
94,243,3
203,111,2
22,207,1
24,123,5
114,107,5
192,51,2
202,42,4
148,33,5
112,213,2
154,178,5
143,62,5
189,82,1
4,52,2
135,3,3
138,223,2
75,225,3
13,34,4
52,43,2
185,179,5
46,115,3
192,143,3
34,73,4
32,1,5
183,128,5
50,158,2
62,189,2
149,118,2
4,30,3
52,245,2
72,222,3
81,166,3
45,91,3
76,178,2
173,114,3
195,33,3
98,80,4
200,205,5
29,52,3
102,20,2
170,44,1
162,43,3
13,87,4
54,156,4
12,217,3
44,156,1
11,153,4
126,57,4
50,218,5
24,244,2
85,107,3
61,40,2
104,145,3
201,168,3
185,215,4
46,185,4
175,61,5
160,172,2
2,186,3
158,133,4
126,143,4
156,49,3
178,189,3
15,79,1
138,55,1
121,84,3
29,53,2
28,35,5
54,103,4
112,165,4
132,165,3
59,192,3
63,94,4
187,62,3
158,156,1
55,80,1
86,100,3
97,123,1
193,189,5
47,71,5
101,154,5
198,8,4
108,42,2
128,249,3
164,38,3
207,153,5
173,178,2
106,127,4
146,96,1
181,196,1
7,88,2
13,120,5
7,201,1
178,157,1
77,12,3
81,144,1
125,111,1
33,23,4
2,123,2
24,83,1
94,130,5
166,10,3
92,98,5
200,27,3
129,93,5
200,39,2
131,208,3
17,104,3
111,166,2
97,101,5
86,158,4
8,48,1
172,98,4
205,117,3
121,162,4
130,165,5
36,244,4
52,54,4
81,131,2
86,8,1
166,249,1
170,129,2
96,203,1
76,42,5
117,58,3
104,76,4
48,66,1
61,156,1
121,108,4
192,142,2
118,85,4
98,165,2
196,21,3
113,181,3
62,150,5
33,119,2
132,155,4
28,161,5
46,95,1
180,4,2
154,25,1
104,241,5
1,98,2
3,239,4
151,153,2
126,224,5
60,6,5
138,139,2
78,235,5
146,55,1
102,153,4
109,124,4
176,61,5
3,171,3
81,30,1
182,78,2
92,87,5
14,130,4
109,79,4
119,134,3
196,155,5
12,21,2
78,125,1
189,241,4
88,83,3
93,128,1
150,44,1
176,113,1
27,94,2
179,154,3
190,83,2
65,237,3
63,68,4
24,168,3
1,43,4
15,90,3
160,18,4
185,182,4
106,42,4
88,242,5
15,8,4
176,117,2
147,85,5
2,2,1
64,237,1
66,96,3
100,96,1
24,247,1
165,231,4
134,24,3
96,200,1
101,152,1
120,106,1
73,203,1
204,197,3
146,156,5
58,197,1
128,202,2
193,173,1
13,60,4
42,82,5
108,205,3
93,25,2
75,32,2
166,244,3
74,226,5
7,177,5
1,76,3
199,85,4
204,186,1
146,35,1
84,144,4
160,212,4
162,118,5
187,46,2
83,143,5
140,51,4
26,84,5
146,226,4
205,110,4
78,229,3
106,175,1
72,178,1
193,214,3
33,61,1
33,103,3
114,232,4
182,199,4
135,96,1
29,116,4
12,224,4
172,66,4
197,207,5
122,117,1
20,26,2
133,142,1
116,69,4
206,74,4
176,62,3
185,9,4
184,236,3
168,8,2
53,77,5
68,95,2
52,236,4
132,231,2
36,130,5
203,180,4
79,198,4
145,154,4
39,68,5
188,47,4
167,182,1
78,143,3
145,20,2
149,134,3
122,8,4
138,198,3
70,121,5
21,163,1
35,241,2
149,98,3
15,53,5
88,57,5
46,133,1
18,34,5
73,203,2
14,101,2
183,178,4
197,8,4
21,238,2
122,78,2
35,115,3
57,44,2
119,225,5
68,123,3
31,132,2
21,126,2
1,180,4
152,186,5
97,88,3
126,153,4
161,143,1
156,112,1
191,200,5
95,65,4
152,172,1
36,168,3
197,172,5
65,87,2
72,216,5
74,117,1
4,151,3
69,235,5
127,169,2
49,247,2
44,188,3
150,138,1
155,124,2
29,92,3
169,33,1
25,175,1
195,248,1
28,118,5
7,167,2
180,10,4
151,117,3
198,53,1
51,218,1
124,15,5
82,192,5
166,88,2
101,16,4
40,245,1
119,47,2
101,46,2
50,237,2
11,184,3
87,142,1
170,219,2
168,12,3
34,244,4
66,128,4
124,193,1
120,64,5
182,44,4
98,247,2
62,75,2
73,27,5
188,168,3
140,187,5
149,10,5
142,245,5
130,54,1
152,181,1
58,20,2
86,80,1
181,32,3
185,196,3
48,122,2
206,96,5
177,85,2
61,151,2
28,56,2
114,4,5
61,40,1
197,43,2
26,36,1
6,78,1
43,72,5
134,157,2
199,40,4
63,10,4
115,45,5
63,150,2
186,156,1
10,166,2
14,205,2
135,217,2
122,96,2
16,28,3
153,119,1
63,148,3
164,112,2
104,160,4
72,218,3
150,129,1
114,204,2
89,155,5
134,213,4
2,181,1
48,31,1
106,2,1
96,212,4
160,175,3
3,144,1
173,155,2
44,126,4
144,147,2
200,135,3
139,219,5
152,42,2
3,71,4
151,240,3
127,74,4
193,241,4
41,220,2
59,249,1
85,204,1
117,60,1
128,165,3
77,129,5
125,202,2
24,195,2
150,95,1
193,74,2
150,63,3
151,225,3
49,111,5
186,132,4
102,19,2
168,122,3
186,141,2
95,152,2
159,96,1
69,182,3
143,79,4
18,235,3
178,182,4
207,152,4
178,185,1
17,214,5
71,60,3
18,118,1
32,29,4
100,31,1
137,177,4
110,172,3
146,52,4
133,51,5
38,213,1
144,148,4
182,132,3
121,11,1
99,54,2
157,169,3
72,80,1
66,56,3
166,244,4
65,8,4
100,231,2
5,82,5
59,176,4
7,46,3
59,242,1
80,99,2
137,70,3
66,242,2
17,8,4
168,43,3
75,198,3
89,91,1
161,154,2
109,48,1
15,86,3
132,133,5
5,141,1
61,27,3
49,110,5
173,212,3
95,227,3
41,131,1
48,127,3
19,54,3
154,169,5
72,52,5
78,174,5
198,75,2
83,139,5
139,75,1
62,142,2
2,178,3
85,193,2
50,161,2
7,233,1
39,84,3
162,121,5
36,94,2
142,218,2
103,247,3
137,166,4
115,88,2
183,198,1
21,154,3
101,131,2
25,147,2
107,142,5
189,25,4
202,92,3
163,200,1
163,59,5
89,239,3
145,80,4
114,195,1
129,160,5
105,180,4
39,18,1
79,87,3
56,217,4
98,194,1
66,249,1
166,7,3
184,60,4
185,12,2
140,192,1
112,192,2
105,144,5
83,220,2
22,124,1
20,212,4
139,162,4
141,160,1
133,175,2
111,198,1
203,99,3
82,217,5
167,69,5
157,162,3
16,145,4
108,227,3
63,136,2
21,77,1
58,82,2
165,45,4
39,195,5
23,187,2
44,129,3
41,237,5
113,118,2
189,153,5
52,164,1
6,57,3
182,1,1
19,233,1
40,24,5
122,58,2
153,103,5
37,125,2
126,101,2
48,232,2
56,248,5
92,148,5
190,33,3
6,46,4
90,173,2
85,85,5
138,9,5
200,220,1
18,27,4
6,77,2
154,220,2
122,64,2
8,81,3
184,98,4
67,112,3
154,227,5
203,199,1
35,26,3
92,87,2
107,77,1
44,39,3
15,212,3
189,19,3
186,46,2
94,25,1
129,239,2
107,118,4
23,10,4
161,111,1
107,57,1
36,229,2
44,53,2
165,63,1
30,242,3
167,149,5
89,121,5
85,54,2
11,237,5
14,139,4
145,160,2
198,203,2
116,216,2
158,199,4
189,26,5
98,149,4
201,178,1
194,7,1
66,30,5
62,4,1
91,194,2
60,22,3
81,109,5
86,152,5
199,112,3
12,121,4
127,133,5
137,200,3
125,20,4
150,34,5
49,62,5
19,71,5
193,76,2
93,78,1
205,40,5
162,44,2
137,44,3
177,212,5
104,100,4
200,99,3
196,30,1
170,112,2
140,65,1
23,125,4
189,48,4
31,176,1
173,193,1
42,40,1
172,222,1
43,91,5
2,122,4
138,56,1
24,48,2
37,183,1
29,81,2
135,157,2
201,44,4
172,11,3
163,47,1
198,22,2
189,43,4
160,13,4
63,45,1
29,38,5
122,39,3
1,144,4
126,72,4
192,76,3
127,17,1
75,49,4
145,59,5
137,35,3
144,147,1
107,200,3
185,121,5
181,165,5
199,177,5
136,34,2
31,73,4
54,245,4
25,241,1
16,2,1
68,221,1
99,116,3
163,207,4
64,140,2
51,92,2
111,168,1
138,198,1
54,39,4
182,87,4
188,65,1
36,148,4
62,75,4
25,248,2
32,20,4
30,132,4
111,78,5
102,81,4
201,99,2
81,220,1
192,137,2
14,210,1
92,140,2
21,104,4
101,3,1
1,42,4
74,216,1
42,168,5
22,7,3
81,209,3
103,2,2
131,247,1
25,50,2
21,48,2
141,88,1
120,109,4
36,146,3
30,229,2
190,192,3
114,186,4
77,96,5
29,27,2
151,7,2
117,138,2
119,73,5
4,165,3
44,162,4
207,69,3
80,45,4
180,77,5
120,21,5
152,5,1
110,164,4
52,171,4
8,213,1
183,234,5
5,78,5
84,178,4
162,219,4
44,24,2
182,45,4
174,178,4
159,116,4
159,148,1
60,247,1
204,222,4
140,212,1
126,175,3
40,118,3
115,44,3
62,74,5
88,139,2
184,200,2
22,129,3
57,16,3
65,32,4
19,228,4
29,74,3
111,224,1
86,222,4
195,136,1
50,55,5
14,213,5
146,237,4
101,24,3
4,149,3
98,61,2
113,64,3
65,172,1
161,108,4
85,163,5
139,74,5
124,83,3
115,18,3
5,243,4
81,156,1
68,21,1
164,91,5
30,77,5
69,22,1
127,30,4
38,13,4
56,96,2
100,70,2
50,164,5
193,165,3
204,50,5
22,226,5
189,171,1
65,76,2
1,227,1
108,246,4
173,144,2
41,11,3
194,246,1
197,130,5
102,116,3
95,72,2
126,94,3
119,224,2
4,220,3
136,73,4
192,67,4
64,47,4
90,249,3
79,23,1
126,59,4
36,68,3
193,54,2
25,34,4
122,243,4
196,93,1
113,234,2
92,217,3
125,60,4
189,117,4
157,199,1
148,169,1
185,71,3
101,182,4
62,148,2
73,124,2
89,160,1
180,4,3
140,93,2
204,223,1
192,116,5
136,241,2
39,126,5
151,108,3
110,133,2
148,51,3
109,60,4
106,174,1
24,211,3
54,116,4
148,155,5
10,20,2
180,171,3
148,170,1
41,237,2
56,125,3
151,217,4
1,185,1
126,215,4
90,38,2
7,95,3
181,61,1
190,45,1
172,2,3
102,27,4
43,146,1
186,86,2
186,207,3
58,74,1
148,89,4
191,77,5
154,33,5
62,178,3
27,6,4
70,124,4
32,214,5
168,165,4
149,199,1
194,93,4
188,131,4
165,6,3
65,96,4
50,176,4
102,247,4
154,57,1
10,5,3
17,111,4
173,144,5
189,197,2
50,169,1
199,50,4
167,235,4
130,39,5
12,174,4
59,53,4
197,191,2
69,62,3
207,162,2
160,167,2
124,211,2
89,70,1
149,141,3
129,192,3
192,26,1
68,11,2
149,165,3
174,16,2
97,95,1
90,236,5
70,210,5
124,76,5
149,242,5
110,131,4
80,79,2
24,105,5
27,178,2
59,241,1
105,85,3
82,197,5
59,96,4
150,213,5
6,190,4
206,136,4
190,167,2
204,57,3
151,189,4
17,51,2
141,12,5
159,39,5
197,17,5
162,171,2
142,42,4
152,79,4
137,220,5
161,209,2
37,68,1
130,234,3
20,215,4
35,6,3
34,163,2
179,202,2
94,105,1
9,109,4
43,8,2
32,169,4
92,49,2
207,105,4
36,215,4
199,155,1
59,213,5
206,241,4
21,8,4
48,182,3
49,245,3
174,49,4
39,225,5
39,180,4
53,89,2
138,53,5
35,183,5
9,105,3
21,121,1
175,170,2
126,23,1
125,230,1
22,20,2
27,3,3
95,135,3
206,208,3
108,123,2
198,111,5
119,3,3
154,233,3
70,75,1
71,140,5
188,247,2
102,239,2
113,231,3
21,193,2
20,188,4
151,241,2
160,169,5
44,6,3
157,151,2
126,8,4
152,179,1
68,63,1
141,7,1
87,217,2
173,25,3
156,157,4
144,62,3
71,27,5
133,67,5
129,199,3
89,100,2
144,134,4
35,72,3
59,49,3
163,137,2
44,186,3
86,157,4
7,205,1
72,55,5
149,198,2
201,42,2
50,37,4
63,72,2
83,112,5
146,190,3
97,22,5
97,148,4
188,41,5
83,14,5
39,125,5
135,98,1
187,183,4
195,223,3
44,100,1
125,26,5
57,94,1
206,143,2
7,109,5
143,52,3
97,38,4
205,86,2
178,155,5
16,201,3
67,26,3
132,35,1
121,109,2
197,68,2
154,25,5
78,177,4
190,226,2
202,145,2
140,154,5
4,98,1
10,49,4
18,56,5
185,119,3
150,17,1
45,99,4
180,98,3
51,86,1
168,158,3
135,24,1
85,179,1
204,109,4
201,153,2
194,78,5
117,62,1
79,157,4
189,187,1
12,6,3
110,8,2
189,239,5
136,58,3
22,2,1
51,6,3
78,19,3
73,206,1
128,119,5
119,220,5
135,19,5
12,131,3
26,90,4
190,87,3
89,20,1
180,65,4
102,148,5
101,87,4
121,182,1
54,225,5
122,113,2
88,151,5
36,91,1
85,126,4
27,25,3
4,60,1
23,35,4
148,61,3
195,7,3
81,1,1
53,71,4
20,49,1
104,230,1
189,178,2
163,166,1
78,145,4
30,36,3
147,106,4
156,110,1
88,224,3
15,162,3
171,210,1
120,146,5
28,53,5
97,42,1
109,201,2
21,140,3
96,69,2
58,152,5
55,63,3
63,188,4
132,110,4
62,29,1
123,216,1
104,177,1
43,168,1
191,211,2
97,171,2
72,187,5
178,234,3
156,108,3
81,228,5
39,153,3
60,134,2
202,141,5
131,132,4
92,96,4
3,76,5
202,48,3
103,110,1
93,96,2
13,236,4
90,49,1
36,136,5
46,126,4
146,233,3
130,1,4
166,193,2
157,134,2
90,122,2
42,131,5
7,5,1
21,143,1
91,206,4
142,206,2
26,176,5
201,92,5
193,222,5
126,95,4
145,47,2
173,43,4
80,66,3
110,238,2
159,11,2
199,211,5
194,75,2
107,133,3
85,63,3
48,122,4
182,142,4
134,235,2
51,74,3
21,20,5
160,153,5
190,65,5
73,171,1
161,141,1
184,54,1
68,67,2
127,98,5
72,236,5
104,199,1
162,156,1
44,17,3
121,242,3
40,159,4
43,164,2
136,159,5
104,10,3
21,152,3
80,115,1
152,121,1
98,69,5
147,111,5
146,90,5
201,177,5
176,2,2
28,216,1
131,102,4
121,46,2
62,100,1
114,161,2
187,99,3
59,151,5
12,49,1
144,224,2
73,149,4
74,86,4
177,149,1
205,204,3
126,24,2
97,127,3
22,223,1
118,9,5
201,10,2
160,188,5
56,114,2
138,161,2
42,193,1
203,96,1
50,235,1
193,218,4
138,249,4
63,194,5
67,147,4
116,175,5
151,238,1
171,63,5
70,21,2
41,134,5
115,191,3
33,5,4
102,215,1
148,88,4
86,67,3
164,179,2
14,235,4
132,10,1
24,19,4
52,249,5
178,180,3
17,131,3
128,234,1
85,6,2
175,136,4
189,86,2
10,245,1
93,87,2
33,143,1
106,105,2
78,34,5
181,217,2
8,24,2
201,25,1
132,95,2
101,192,1
83,212,2
48,139,3
55,176,3
10,80,2
17,199,5
78,61,1
168,108,5
59,238,2
117,218,4
21,229,4
30,185,1
81,133,2
111,31,3
126,157,3
67,243,5
59,93,2
43,43,1
198,167,2
174,215,3
58,58,3
97,87,2
184,115,1
196,159,2
197,24,1
66,201,2
44,112,2
203,141,4
71,40,5
32,142,1
119,137,1
8,39,3
98,157,2
197,225,3
1,117,3
53,179,1
172,161,2
10,213,5
154,124,3
2,176,3
107,205,2
201,164,5
114,29,3
200,95,3
154,36,5
68,31,5
29,41,5
48,214,2
100,240,5
134,124,2
63,198,3
103,45,4
8,98,5
191,229,1
134,198,2
141,196,3
38,162,4
74,42,4
74,95,1
78,13,4
99,93,1
47,29,2
55,215,3
142,2,5
53,174,5
135,127,5
2,111,1
169,190,3
173,60,5
46,191,3
137,77,5
164,169,2
122,206,2
149,125,5
205,92,3
177,162,3
182,5,2
33,233,4
185,11,3
156,50,1
90,16,2
79,233,1
58,245,3
22,12,2
147,224,2
183,73,3
50,208,2
89,221,1
9,86,4
114,82,4
173,148,1
174,150,3
108,53,2
206,157,3
165,94,2
185,212,4
99,90,5
87,245,4
11,1,5
93,101,2
131,189,3
91,234,1
79,172,1
20,71,2
14,249,4
21,179,3
111,169,3
174,96,4
54,37,3
192,236,1
168,20,4
128,92,4
37,93,2
63,98,4
37,123,1
163,60,1
166,17,5
152,117,3
5,3,4
181,244,3
171,71,1
26,226,1
198,64,3
148,236,1
148,157,1
130,63,5
184,69,3
163,194,1
19,67,2
133,154,4
147,223,1
102,211,3
153,168,4
170,171,1
85,163,3
65,91,1
13,221,5
186,231,4
91,205,3
205,186,4
16,116,1
164,101,4
43,207,2
49,145,2
151,54,1
146,173,3
190,88,3
180,79,1
108,107,3
104,88,4
183,65,4
91,38,2
14,151,5
70,5,1
65,142,5
92,217,5
86,19,4
38,57,2
199,176,1
37,64,5
149,140,3
91,246,3
129,15,2
156,248,3
81,176,4
33,130,1
177,65,3
88,97,3
133,200,2
145,179,2
84,247,3
177,139,2
114,139,3
83,89,1
196,129,1
6,47,5
113,211,5
127,91,4
58,157,1
24,224,5
207,95,3
101,150,4
101,94,5
61,134,4
207,217,2
135,123,5
92,17,5
204,128,4
148,40,4
126,165,2
69,3,1
103,67,5
157,86,5
198,137,4
46,74,3
207,115,1
104,6,2
141,249,1
91,125,2
16,211,3
159,172,3
83,106,1
19,163,3
96,54,3
111,220,1
204,139,2
198,5,4
79,23,5
64,117,4
88,167,4
57,152,3
119,174,2
136,205,2
150,39,4
115,169,2
4,39,3
50,21,5
132,79,2
131,236,4
17,195,4
104,157,2
172,2,4
185,21,1
7,74,4
41,191,5
122,110,1
40,10,1
99,79,4
77,111,2
201,184,5
102,162,1
66,117,4
86,18,4
50,244,5
48,248,2
92,109,1
163,120,2
112,32,5
140,95,2
157,29,3
118,78,5
139,55,3
119,143,4
44,14,1
99,71,5
190,229,3
51,82,4
118,6,1
44,219,1
117,216,2
181,55,3
58,200,2
74,207,5
177,64,4
197,224,3
115,43,1
123,231,1
151,237,3
111,222,1
123,72,2
133,106,3
69,184,4
115,88,1
203,28,5
57,196,1
50,140,4
132,99,5
91,166,2
20,136,2
72,204,1
65,176,3
154,244,1
68,51,5
48,68,3
43,71,5
90,107,3
15,244,1
128,108,1
11,75,4
102,19,4
201,53,2
124,69,4
204,165,5
64,1,2
49,128,5
17,100,2
156,206,3
69,168,1
193,152,5
204,231,3
166,14,1
128,12,2
87,191,4
63,4,5
71,165,5
120,238,2
165,2,2
11,12,4
45,54,2
137,59,2
84,38,5
76,28,4
71,142,5
51,140,3
131,77,1
118,18,1
129,102,5
20,150,4
44,122,5
75,17,1
31,109,3
65,17,3
176,48,1
107,93,3
120,38,5
28,176,4
140,174,2
94,108,4
136,83,4
59,59,2
114,150,4
45,47,3
79,135,1
6,185,1
203,12,4
174,140,1
63,117,4
18,79,2
3,99,5
45,139,1
70,177,4
61,212,4
124,225,2
155,169,4
120,245,5
34,153,1
145,153,1
146,181,5
76,240,3
108,29,1
187,31,4
59,236,4
71,54,3
70,1,1
46,56,4
186,209,2
5,160,2
100,82,1
86,62,1
66,213,1
170,222,5
183,245,3
182,215,4
178,17,2
82,241,3
194,27,3
26,156,3
183,36,5
36,124,3
203,160,2
26,4,5
127,226,3
83,90,3
61,217,2
199,75,1
197,110,5
54,106,1
159,234,3
125,30,4
97,117,4
86,109,3
110,41,4
182,154,5
175,126,2
183,150,2
152,194,4
192,230,1
167,238,1
136,174,1
32,164,4
170,150,5
129,88,2
49,52,4
10,151,5
126,18,1
62,90,3
45,79,3
2,81,5
87,132,2
41,131,2
9,93,1
148,3,2
171,209,4
16,227,5
1,168,5
194,176,5
74,242,1
62,162,5
123,196,1
161,57,5
146,187,5
198,206,2
56,170,1
114,163,3
31,220,2
44,43,4
150,125,4
88,162,3
69,191,2
185,176,5
136,115,1
140,49,4
24,88,5
98,209,2
176,244,1
172,139,2
80,76,4
183,94,2
7,241,4
129,39,4
125,47,2
85,242,2
64,121,2
38,19,4
11,244,5
5,170,3
28,170,1
126,226,4
48,204,1
44,19,2
119,206,5
161,53,4
68,33,1
24,40,5
123,149,5
159,199,1
38,6,4
142,101,5
200,49,4
45,102,5
99,193,2
57,73,5
145,65,3
157,227,1
62,178,1
201,236,1
146,218,1
130,32,3
44,204,5
164,59,5
73,179,3
196,15,2
170,102,3
206,16,1
194,62,1
162,158,4
18,168,1
80,239,3
150,133,5
93,29,3
170,149,3
105,101,4
78,96,1
201,164,2
119,147,1
99,215,3
186,44,3
199,101,1
192,231,2
62,57,4
71,19,5
96,163,1
157,167,4
92,203,3
89,236,2
176,198,2
54,21,1
162,51,5
69,206,4
176,75,2
106,249,4
82,133,1
169,198,4
5,159,5
71,96,1
164,170,5
206,32,2
134,187,5
93,18,3
206,68,2
178,206,2
64,217,2
127,56,5
59,90,1
104,191,4
161,52,5
31,81,4
19,85,4
90,149,3
35,204,1
204,221,4
56,60,2
123,97,5
149,61,3
67,238,5
192,101,2
54,156,4
14,72,5
13,80,3
95,63,1
8,116,2
148,110,3
178,174,2
110,85,5
162,248,1
63,222,4
84,241,5
34,20,5
30,106,5
171,111,4
175,168,1
184,205,2
131,30,2
122,208,1
116,54,3
177,83,3
187,5,1
150,41,1
83,111,4
13,66,3
90,216,2
98,169,5
14,64,3
65,170,2
26,80,4
148,27,1
77,18,3
61,144,3
80,134,2
28,208,3
150,173,4
29,141,5
65,70,2
119,63,1
36,199,4
197,122,1
105,69,2
205,3,3
193,170,4
182,106,3
189,79,5
138,209,1
144,23,3
136,158,1
44,232,4
178,195,2
49,176,3
120,5,3
54,121,3
43,185,4
58,220,1
140,34,5
119,46,2
70,7,5
150,126,3
97,106,5
140,222,3
70,137,4
43,187,4
201,135,2
38,95,2
91,187,3
140,175,3
79,179,5
159,85,5
157,95,3
117,220,3
25,192,2
147,8,4
163,90,2
181,236,3
16,55,5
68,193,2
140,140,1
154,145,2
179,152,2
189,70,5
133,128,3
70,15,2
141,239,3
153,146,1
28,33,2
147,8,2
188,229,5
206,216,3
36,130,1
73,59,4
35,148,2
153,217,3
129,213,2
177,123,1
55,54,2
148,98,3
178,46,4
38,214,1
53,89,5
69,106,1
70,144,1
149,150,3
95,229,2
128,142,2
125,66,2
39,127,1
114,117,5
47,60,5
187,68,4
177,79,1
59,45,3
31,125,4
154,46,1
92,243,4
192,128,5
41,216,1
141,124,2
70,99,3
173,132,2
161,121,3
203,41,4
30,106,4
203,3,4
190,18,5
184,23,2
172,239,5
143,95,5
181,80,4
161,170,4
152,71,4
187,169,4
98,23,2
56,101,1
12,237,3
138,94,3
168,113,3
139,113,4
14,35,1
72,167,2
31,231,2
175,101,3
116,6,2
30,36,1
169,89,3
201,52,1
73,60,5
70,48,3
66,137,5
33,125,1
166,181,1
30,51,4
198,84,3
170,83,3
161,242,3
194,225,2
108,61,5
137,234,2
122,17,2
186,202,3
202,123,5
146,63,2
54,17,3
69,217,4
189,181,5
5,156,3
14,65,5
86,137,4
93,240,4
111,173,5
164,8,1
164,182,1
180,127,5
90,206,1
37,108,5
95,4,5
167,208,3
159,199,4
30,160,4
62,170,5
180,115,3
14,120,5
20,13,4
144,56,1
53,34,5
135,242,3
85,87,4
129,168,1
169,245,1
118,67,1
79,109,2
37,46,1
167,232,2
188,189,2
48,98,4
79,61,3
129,76,4
25,229,2
190,202,5
74,3,4
48,230,1
118,214,2
83,243,1
87,42,1
128,209,3
130,231,4
182,50,4
2,5,5
139,208,2
205,191,2
87,93,5
80,111,3
113,114,5
68,223,5
148,14,2
74,212,5
18,130,5
199,187,2
204,219,4
88,61,4
175,90,5
69,182,4
200,1,3
104,99,3
144,194,5
111,249,1
70,65,4
123,136,3
69,114,2
182,44,4
124,138,1
1,72,4
7,97,3
66,127,2
103,204,5
66,2,4
146,157,3
207,116,3
190,88,5
131,235,1
114,60,1
183,24,1
41,204,4
173,232,5
64,18,1
84,85,2
161,192,3
26,32,1
125,136,1
198,104,2
172,233,3
91,35,3
78,12,4
145,69,3
199,57,3
122,216,1
164,141,2
79,102,5
27,21,1
129,205,2
188,220,2
140,11,1
206,132,3
36,10,1
32,170,4
8,237,4
150,14,2
193,183,1
119,190,1
43,109,2
71,143,5
43,109,1
31,229,2
96,173,1
167,215,3
185,13,1
119,175,4
102,118,3
122,78,5
171,219,3
8,239,4
9,221,1
146,184,5
158,220,2
171,149,3
74,241,5
112,209,5
203,80,5
138,171,1
16,54,4
153,235,3
205,161,3
44,50,3
122,159,1
130,125,5
14,111,2
143,150,1
28,114,5
108,210,2
204,228,4
56,176,4
110,211,1
111,169,2
129,125,1
129,131,1
37,131,2
164,160,5
3,96,3
97,61,3
100,233,3
24,174,2
22,224,4
80,135,2
199,7,5
25,56,1
123,171,4
66,193,3
204,149,3
182,87,5
76,132,5
43,40,3
52,156,3
192,12,1
14,157,5
172,61,5
186,221,4
3,92,2
175,67,5
181,230,2
108,155,2
13,19,3
71,187,3
172,248,4
183,209,4
37,44,1
3,49,5
31,57,3
168,198,5
100,152,4
48,36,2
10,160,4
185,43,3
125,194,4
152,138,1
193,49,1
6,88,5
204,78,5
125,65,5
10,187,2
175,3,3
89,106,4
15,178,5
46,169,2
117,158,1
9,173,2
160,75,5
72,77,5
4,165,1
52,160,3
154,15,1
95,201,3
188,82,1
128,53,1
5,177,4
175,77,2
7,88,3
14,207,5
78,25,5
145,81,3
24,146,1
129,112,4
201,104,4
42,100,3
136,169,4
4,72,5
106,56,1
129,221,4
64,25,3
138,136,2
65,157,5
187,73,2
91,150,1
188,23,2
177,148,5
197,174,3
39,34,4
112,248,1
169,175,3
27,114,3
34,168,3
72,125,1
49,229,1
166,47,4
112,107,4
196,30,3
195,113,1
30,96,4
195,44,3
130,246,2
105,59,4
45,28,3
31,242,4
15,66,5
173,29,4
150,70,2
138,122,1
94,167,2
185,103,2
136,80,3
91,59,2
35,80,1
173,178,4
45,158,4
196,9,1
121,125,3
159,246,1
91,109,5
106,224,1
9,237,4
73,189,3
188,127,2
9,215,1
150,160,5
111,141,1
189,1,5
203,35,1
89,140,3
40,145,1
22,145,1
8,199,2
133,212,3
171,163,5
179,64,2
139,69,4
69,122,2
4,52,5
174,77,4
165,37,1
175,136,3
87,205,4
174,86,2
97,198,3
22,6,1
101,41,2
154,235,2
107,79,2
49,53,1
84,109,4
118,198,5
43,102,5
201,168,3
136,72,3
131,107,4
58,185,3
49,34,3
48,234,3
50,211,5
157,197,1
174,150,2
188,135,2
39,26,5
79,183,4
156,111,5
133,226,1
123,217,4
73,185,1
183,151,2
130,103,5
205,118,5
73,36,4
178,42,4
189,128,3
12,232,5
39,24,4
49,245,4
142,18,2
111,192,4
7,109,5
32,95,4
45,126,3
103,129,2
165,1,3
120,24,2
160,33,3
71,160,5
38,73,3
51,1,3
98,65,2
64,247,4
82,249,4
27,22,5
49,14,5
2,104,5
81,106,5
55,65,5
27,99,2
159,139,2
117,145,1
10,44,3
23,195,3
28,132,1
168,244,5
124,111,1
161,49,1
96,225,5
143,95,2
13,159,2
152,223,1
199,5,3
27,81,4
29,109,4
151,175,1
74,80,3
135,243,5
187,125,5
119,53,3
26,71,3
36,215,1
63,234,4
51,202,3
110,51,5
77,81,3
98,130,5
196,46,2
127,191,5
153,106,4
59,152,1
48,31,2
153,91,1
169,129,1
69,187,4
116,107,1
79,53,3
84,20,3
59,95,5
45,125,4
77,103,1
164,153,1
152,18,3
49,29,4
84,5,3
82,87,3
35,91,3
46,87,4
20,132,1
184,93,4
132,117,2
170,65,1
163,72,4
139,105,1
32,148,4
6,104,1
18,31,3
17,176,5
101,144,3
146,167,1
199,147,1
148,38,4
57,98,4
124,41,1
63,188,5
50,233,5
74,54,4
131,129,4
145,248,2
10,237,5
49,155,3
27,128,4
154,48,4
182,214,1
148,225,2
3,155,1
130,136,1
80,244,1
5,40,3
181,235,3
17,200,5
10,142,5
165,134,2
89,200,1
153,18,5
205,220,4
92,18,5
86,128,1
201,82,4
120,91,3
177,224,1
35,126,2
40,35,5
10,156,4
145,232,1
17,119,4
5,45,2
48,24,4
26,20,4
205,200,4
92,208,3
125,122,5
128,147,1
20,82,2
88,121,1
158,224,3
114,240,1
163,202,4
177,146,2
101,201,4
41,195,1
192,237,4
47,112,2
70,49,4
49,154,4
201,58,4
102,32,5
74,103,1
175,26,4
207,119,2
182,41,4
66,115,5
98,65,2
177,154,3
59,97,1
12,10,2
73,199,4
72,216,5
108,227,4
23,212,2
97,76,3
165,9,3
186,172,5
28,82,2
143,24,1
114,101,3
16,146,3
70,202,1
147,119,3
186,184,4
131,112,4
1,235,1
173,40,5
76,109,5
129,186,1
18,69,4
200,41,1
30,142,5
58,39,4
137,212,5
13,24,1
184,14,5
51,135,1
41,126,5
159,210,5
73,43,5
167,216,2
163,210,3
126,6,1
4,130,3
174,166,2
88,209,4
100,13,2
79,247,4
68,228,4
168,184,2
186,245,2
136,3,1
182,81,3
26,201,2
152,211,1
148,202,4
11,175,2
13,192,5
56,61,5
118,210,3
93,152,5
192,219,5
142,59,3
19,116,2
37,131,3
194,72,2
199,29,5
176,147,2
163,21,3
8,177,4
27,51,5
59,185,4
38,133,2
59,30,4
186,71,5
25,176,5
109,143,4
94,228,3
131,178,2
92,244,1
81,110,2
205,240,3
43,114,3
152,216,2
74,79,3
124,82,5
131,27,5
117,83,3
11,24,2
101,74,3
12,96,3
138,56,1
201,204,3
74,11,1
22,97,5
66,77,5
64,195,5
91,73,2
164,138,4
174,159,2
145,43,4
42,1,1
77,74,5
56,112,3
16,219,2
185,96,5
150,92,2
124,110,5
160,109,4
79,218,4
162,2,4
171,115,1
183,21,3
187,86,2
205,111,1
163,152,5
67,225,1
100,227,4
39,196,3
176,212,5
139,105,3
135,79,5
51,219,4
67,75,4
177,190,3
5,165,3
78,157,4
62,203,3
3,103,5
56,73,1
87,246,2
153,18,4
96,104,5
85,185,1
161,88,3
133,148,4
180,86,2
181,176,5
13,22,1
17,124,3
61,109,2
93,100,1
197,193,2
80,118,5
19,95,1
146,192,1
85,17,1
30,179,5
140,236,4
132,20,5
177,63,3
101,101,1
26,155,4
131,217,3
110,159,2
188,81,3
133,65,3
10,97,2
19,245,5
11,17,2
159,71,3
90,191,5
100,210,1
25,156,1
1,176,1
56,158,2
194,115,4
204,176,2
105,244,1
140,54,5
167,100,3
106,174,3
185,70,3
171,11,3
157,30,5
184,191,1
200,224,2
42,108,5
14,188,1
89,246,5
33,212,3
197,118,5
166,37,5
90,49,5
100,226,3
136,184,1
18,216,3
3,170,2
161,146,3
178,82,2
144,33,5
91,245,3
124,93,4
153,59,2
44,2,1
68,132,4
120,34,4
5,2,3
116,103,5
204,239,1
195,61,1
120,71,2
151,15,5
56,153,1
187,62,1
37,118,2
83,155,4
151,101,4
1,82,1
37,106,2
150,147,5
62,89,5
114,126,3
111,43,3
78,110,2
114,30,3
154,249,2
74,192,2
14,26,3
205,29,1
91,202,1
57,92,5
99,60,3
194,67,3
109,139,5
173,188,2
27,202,4
108,94,1
164,97,5
176,36,5
79,66,5
111,232,2
200,220,5
152,142,2
113,194,1
106,193,3
170,9,4
92,224,1
62,205,1
6,78,1
158,83,3
36,18,2
81,23,4
92,97,5
75,185,1
46,91,4
13,94,3
54,60,3
204,31,1
29,157,2
10,51,3
57,185,2
138,18,1
94,246,3
10,205,5
55,35,5
201,129,3
57,27,4
123,184,2
62,200,4
151,98,1
198,122,2
126,169,5
114,25,2
142,32,4
102,68,5
55,3,3
60,154,2
176,11,5
10,202,1
123,249,3
142,15,3
49,202,1
177,127,3
68,144,1
4,214,3
101,34,4
87,47,3
109,145,4
3,209,5
20,5,1
2,231,1
206,13,3
191,76,3
67,64,3
171,126,4
78,248,1
79,178,3
128,5,1
168,69,1
167,154,3
95,232,5
147,211,4
51,66,4
89,218,4
200,52,1
29,209,4
46,146,1
89,129,5
157,99,3
171,201,4
45,41,4
171,43,2
196,31,3
188,246,4
3,65,1
207,102,2
143,198,2
30,222,2
23,143,5
80,160,1
121,200,3
184,145,3
177,122,4
1,166,1
80,35,4
38,69,4
176,39,4
179,226,4
77,156,4
88,193,5
128,118,5
206,58,5
57,183,1
174,126,3
194,244,2
91,228,2
96,112,3
78,249,2
6,66,1
171,158,4
108,122,5
47,9,5
64,148,3
111,243,2
146,87,1
197,7,5
196,5,1
56,68,3
181,138,4
178,223,5
79,83,2
88,139,5
187,50,5
145,85,4
51,25,2
35,172,4
37,17,1
40,224,4
78,5,3
56,133,2
110,46,3
151,140,2
121,153,1
205,229,5
137,108,2
10,103,2
202,53,2
199,243,5
6,158,5
82,61,3
33,124,1
132,202,2
81,75,1
87,32,1
172,236,1
34,20,3
18,124,4
117,244,1
159,132,1
105,200,1
35,105,5
190,219,3
83,205,5
195,78,1
97,77,4
134,199,2
185,173,1
141,117,1
31,88,3
151,91,4
108,74,5
90,76,3
179,14,3
37,71,4
150,36,2
42,36,5
75,64,5
153,91,3
179,53,2
123,178,2
15,1,2
168,172,1
65,170,5
110,157,5
160,137,5
187,138,3
181,87,1
129,108,2
9,195,5
29,231,4
19,182,4
47,73,4
13,26,2
49,231,4
111,170,2
130,58,3
159,197,3
58,83,1
90,173,2
166,246,4
38,213,1
66,166,2
72,214,3
134,230,3
52,201,1
156,163,5
59,86,5
197,86,3
88,232,4
36,152,3
153,6,4
161,65,3
6,233,4
39,152,4
60,112,1
120,86,1
155,80,5
99,41,3
125,16,4
136,140,4
143,248,1
207,49,3
184,41,4
85,176,5
65,244,2
207,87,1
160,104,1
173,159,5
39,17,4
155,173,1
176,189,4
90,58,4
186,61,2
43,216,1
202,141,3
109,184,3
45,218,4
201,186,1
186,37,4
10,68,5
132,131,5
60,49,4
12,236,4
155,32,5
80,136,1
136,3,3
174,47,4
155,152,1
43,103,3
206,189,3
67,213,1
202,107,5
119,4,5
155,160,5
126,185,5
13,141,3
22,61,2
21,4,5
132,173,5
202,91,5
61,79,1
26,108,3
198,46,5
100,192,4
106,78,2
45,80,3
165,205,5
5,124,2
61,218,5
181,232,2
43,121,5
42,168,2
116,104,3
18,159,1
23,90,3
174,201,2
129,77,2
17,206,2
29,213,4
103,89,4
4,220,3
161,144,5
38,115,5
147,94,1
6,39,5
6,207,2
173,77,2
166,147,5
207,174,1
76,164,4
7,42,1
119,202,5
149,188,3
196,80,5
200,169,1
151,117,1
82,145,5
130,208,3
11,247,5
93,96,2
55,196,3
89,41,4
40,136,5
188,101,2
95,78,1
87,50,2
139,146,5
160,195,3
5,7,5
185,130,4
206,239,5
139,132,2
48,3,3
205,133,1
159,91,3
138,110,1
123,62,5
32,184,3
52,248,1
123,51,5
32,153,3
172,20,5
92,240,2
29,57,5
131,184,1
69,82,1
59,34,4
14,217,4
107,142,1
109,171,1
93,216,5
42,18,1
204,137,5
69,210,3
25,2,5
65,88,2
36,177,1
176,69,1
96,10,1
15,236,2
38,116,2
201,200,4
193,106,3
202,221,4
125,41,3
188,238,1
6,127,3
74,27,1
206,121,5
206,31,4
74,35,2
17,224,2
64,67,4
105,69,1
10,218,2
79,186,4
7,175,2
178,217,4
163,138,4
107,89,4
84,82,2
105,185,1
36,115,2
43,183,5
84,23,4
24,211,5
151,12,4
146,208,2
58,116,4
180,72,1
34,246,3
160,170,2
11,218,1
198,135,2
9,97,4
17,80,1
187,153,5
169,110,5
25,249,3
20,239,4
61,210,3
197,80,4
179,98,3
49,212,3
205,74,1
15,156,4
183,145,4
134,61,2
153,212,5
117,142,3
184,156,1
204,92,3
25,204,4
157,70,5
132,124,1
206,76,3
70,114,1
173,239,5
1,226,1
180,66,2
106,181,4
145,9,2
112,26,1
149,51,4
150,52,3
75,118,3
148,3,4
132,157,5
193,141,5
174,25,4
187,156,4
112,19,5
111,203,5
155,6,2
51,238,4
80,20,4
187,230,5
183,218,3
148,36,5
160,208,1
146,75,1
119,144,1
77,233,5
202,77,4
120,118,4
78,245,3
102,203,5
149,182,2
84,17,2
159,106,2
108,166,3
158,85,4
188,101,2
35,212,1
190,36,2
165,110,1
120,25,3
67,141,4
33,46,5
100,18,1
202,200,1
39,69,4
164,238,5
181,129,3
148,114,3
85,169,4
159,51,4
93,5,5
28,234,4
58,151,3
4,121,1
128,88,5
130,151,2
190,84,3
40,153,3
121,126,3
146,46,4
63,84,4
194,125,2
179,218,4
30,34,2
26,174,2
15,37,1
180,26,4
138,23,4
98,90,5
3,187,1
66,142,2
72,198,1
181,249,2
42,108,1
31,184,4
150,2,2
43,97,1
31,60,5
31,22,1
13,54,1
85,107,5
183,39,1
93,102,3
92,41,5
11,113,3
155,139,2
191,134,5
101,153,2
55,112,4
32,44,5
100,53,3
164,180,2
188,246,3
177,131,5
123,150,5
71,18,1
59,153,3
78,192,2
146,17,3
166,16,5
1,225,1
22,64,5
114,56,5
41,50,1
16,233,1
98,106,1
140,40,2
155,42,5
145,15,1
154,246,5
158,45,1
147,70,3
153,52,2
4,35,3
141,91,4
158,34,4
155,90,2
119,48,2
186,229,4
61,110,5
84,161,4
201,33,5
182,130,5
77,143,2
87,154,3
15,244,4
75,22,1
205,83,1
188,9,1
129,161,2
133,127,5
106,75,1
28,169,3
161,184,5
133,121,5
17,99,5
57,143,2
187,192,4
81,237,5
48,122,3
43,236,1
203,2,5
134,149,2
64,207,4
1,182,5
79,238,1
112,74,2
106,175,3
204,41,1
30,48,2
88,144,1
98,222,1
7,172,2
155,239,3
46,245,2
183,218,2
130,248,1
155,156,4
79,237,3
192,135,4
47,38,5
26,58,5
191,248,2
40,41,1
79,190,5
177,204,1
115,147,1
171,86,3
34,209,1
62,54,1
5,247,2
127,222,5
136,47,2
3,86,1
112,132,3
94,43,5
201,207,4
10,230,1
25,157,1
78,232,1
198,98,3
94,92,4
184,68,2
6,51,1
102,116,2
106,21,1
54,43,1
3,19,1
72,20,3
40,77,3
158,145,5
161,7,4
16,66,2
90,151,3
32,112,5
37,205,3
27,155,4
125,216,1
73,6,2
191,54,3
115,225,4
63,19,1
83,247,5
12,227,1
97,92,3
183,97,4
148,112,3
98,202,3
96,107,1
169,199,5
87,85,2
9,126,3
175,33,4
48,34,5
103,99,2
132,12,1
116,1,2
175,45,5
177,195,4
148,111,5
136,69,1
81,194,4
59,49,2
62,153,2
24,45,3
102,151,5
89,162,4
201,181,3
60,89,1
103,114,3
17,58,1
168,133,3
199,229,2
60,15,2
14,214,1
107,240,4
100,31,2
181,76,3
146,241,4
193,179,3
184,65,5
20,18,4
162,240,1
111,72,1
189,18,3
196,27,4
58,98,4
154,24,3
160,28,1
86,249,1
155,137,3
156,242,2
136,142,2
149,179,2
158,160,3
91,158,3
175,148,1
170,163,4
12,169,2
32,109,5
107,150,4
139,77,5
173,206,2
122,123,2
119,199,4
9,74,4
76,162,3
191,193,3
147,148,2
91,153,2
141,246,2
27,94,3
184,121,1
41,76,3
91,219,1
203,49,3
93,90,5
131,42,5
75,102,2
112,146,4
77,137,1
46,96,5
36,49,4
172,66,3
185,159,4
3,5,3
136,47,5
47,179,3
66,174,3
71,20,5
116,202,1
193,51,5
21,8,3
201,161,4
139,137,4
111,64,4
110,130,3
174,6,2
170,44,3
97,102,1
131,175,2
199,108,3
96,131,4
73,51,3
4,215,2
202,45,2
141,96,1
199,137,2
206,14,2
195,224,2
48,121,5
81,29,1
161,48,4
184,127,5
192,115,4
206,232,2
16,179,3
25,37,1
183,28,1
96,87,3
184,225,5
170,197,1
84,97,5
179,17,1
102,116,2
86,16,2
68,158,1
56,57,1
68,80,1
1,69,2
76,173,1
193,115,3
123,234,4
162,142,5
200,223,1
14,1,5
110,19,1
187,189,5
143,210,4
182,156,3
158,91,1
144,174,4
100,31,5
83,186,4
83,244,5
171,194,2
190,158,3
144,13,4
183,23,4
90,143,4
194,223,3
172,93,1
57,202,2
190,31,2
2,175,4
191,55,5
19,65,4
67,117,5
163,41,5
146,135,1
37,112,5
64,115,1
151,77,5
85,18,1
48,206,4
188,139,4
187,77,4
101,50,4
108,65,5
11,82,1
191,28,1
41,60,1
10,198,4
104,78,4
132,22,4
129,230,3
100,220,2
140,56,5
95,44,4
63,21,3
143,153,4
171,107,4
74,197,4
101,162,4
32,221,2
95,57,5
22,114,3
188,31,3
56,157,3
52,241,3
98,49,5
79,16,2
198,159,5
84,121,3
38,216,4
185,16,1
8,8,3
66,97,4
192,80,4
148,31,1
194,58,5
203,209,1
3,87,2
51,123,1
140,93,1
96,92,5
124,144,4
54,238,3
96,1,2
130,58,1
95,5,5
91,19,5
85,84,3
93,222,1
96,209,2
65,156,5
155,196,4
97,110,4
159,236,3
90,231,5
31,246,1
23,248,5
99,237,5
200,90,5
104,120,2
169,196,5
37,164,5
31,95,5
72,187,5
58,163,1
64,92,2
69,54,4
132,2,4
68,202,4
126,180,4
139,150,2
170,35,5
188,232,4
56,46,1
98,128,4
69,231,3
172,90,2
16,95,3
92,89,1
182,15,4
176,54,4
155,17,4
147,82,3
170,184,3
20,188,4
41,232,1
37,102,1
197,145,2
151,217,4
74,3,3
90,133,4
182,157,5
49,170,2
181,72,2
34,84,5
71,96,4
89,180,5
157,81,1
68,241,3
142,28,3
198,11,1
28,216,1
184,228,3
82,215,5
37,35,4
31,48,1
116,140,5
111,42,4
89,234,3
16,150,1
105,86,3
58,154,3
136,174,2
156,121,4
80,176,2
161,249,5
106,73,2
20,109,3
82,52,5
179,160,4
56,24,1
21,35,5
39,166,2
110,28,3
99,214,4
33,135,1
79,145,1
135,157,2
113,28,4
173,189,3
9,187,5
99,195,5
197,126,2
184,228,5
141,186,3
103,131,4
207,30,4
90,61,4
1,234,2
97,240,3
3,211,5
14,10,1
75,203,1
128,7,4
36,231,4
64,184,3
202,99,1
143,27,2
72,166,3
35,48,1
55,17,1
131,61,2
107,170,1
138,160,5
144,18,1
133,20,3
206,71,2
82,94,1
125,208,3
131,54,1
20,139,2
82,226,4
204,154,5
125,244,5
29,147,4
86,207,2
9,131,3
21,163,3
126,248,2
8,95,2
193,218,5
39,35,1
146,93,5
140,238,5
181,111,5
75,91,2
90,94,3
195,77,2
69,72,1
37,181,2
197,20,2
184,226,1
96,47,1
196,206,5
174,115,1
108,248,2
47,217,4
137,35,3
30,203,3
42,82,5
199,117,4
128,92,2
49,204,2
165,205,1
73,172,2
64,230,1
108,138,5
132,182,1
92,53,5
39,86,1
103,219,1
154,29,5
99,71,2
59,86,5
183,234,4
107,114,3
67,109,1
61,67,1
188,43,1
81,187,4
19,120,3
29,52,5
164,153,1
180,187,4
78,231,5
139,129,1
203,81,3
109,228,3
191,85,1
6,5,1
171,226,3
156,85,3
109,202,3
111,113,5
40,27,1
135,246,4
99,62,2
177,234,3
71,196,1
74,118,5
141,95,2
4,113,3
88,118,3
133,216,5
187,226,4
16,31,4
152,122,2
83,232,2
188,122,2
205,215,5
131,190,2
29,158,4
42,79,3
8,7,5
54,61,5
191,46,2
108,47,3
206,104,4
68,135,4
173,162,3
51,113,4
4,246,5
131,126,2
83,212,5
28,219,5
65,200,2
157,93,1
104,248,3
115,194,5
183,191,3
82,102,4
161,189,1
88,178,1
167,72,3
99,39,3
159,243,3
194,173,5
156,168,3
88,32,1
197,51,4
169,118,2
51,236,1
39,203,4
169,121,2
182,235,5
66,38,5
69,11,1
16,50,1
149,107,2
63,29,2
166,54,5
173,235,3
50,47,3
109,78,5
64,105,1
202,5,3
117,159,3
192,51,4
8,43,3
149,108,3
113,50,4
79,121,2
138,177,2
198,19,4
104,20,2
189,158,4
120,50,3
58,12,4
64,32,4
60,222,3
58,52,1
157,242,1
108,73,1
31,126,3
162,97,1
85,17,2
19,45,5
2,209,3
103,84,2
167,192,2
184,172,2
204,5,2
109,36,5
4,224,1
51,121,5
46,222,5
181,206,4
63,199,2
153,77,2
170,240,1
186,214,3
137,170,1
151,59,1
135,64,1
156,175,1
200,32,1
50,223,2
172,11,2
205,178,1
19,30,2
175,80,2
5,214,1
97,137,1
125,89,2
164,105,3
45,34,3
181,43,2
188,1,4
114,196,1
145,113,1
15,19,1
130,74,4
62,112,2
169,55,2
59,41,2
62,87,1
204,108,4
96,157,1
154,193,4
186,152,1
93,112,3
176,113,1
154,88,3
63,21,1
146,94,2
191,234,1
95,230,5
38,126,3
175,12,1
59,114,2
132,92,2
165,131,1
8,177,5
72,12,2
10,239,1
53,27,5
13,6,1
62,123,4
186,227,5
88,163,3
63,32,2
17,224,4
91,132,3
167,158,3
91,235,4
27,244,4
155,180,2
207,160,4
90,244,5
99,53,1
146,4,3
7,189,4
86,212,5
76,201,5
37,200,3
36,241,1
35,107,1
62,41,4
109,229,4
45,67,5
2,142,2
143,221,5
15,49,4
15,124,4
172,211,3
48,108,1
126,182,3
53,120,3
205,180,4
18,170,5
197,193,2
49,102,2
67,22,3
97,140,3
57,33,3
104,125,4
85,40,1
127,228,4
89,213,4
99,21,2
95,65,1
151,11,2
163,160,1
119,130,4
8,190,1
45,73,1
174,39,5
207,199,5
16,54,4
31,8,5
74,65,1
3,41,5
172,93,5
92,184,1
50,73,5
105,99,2
22,134,2
157,119,5
46,107,1
27,158,2
200,47,4
73,108,4
119,140,2
99,147,2
173,127,3
195,101,1
108,36,3
72,42,5
147,188,4
88,21,4
123,113,1
183,167,5
188,137,5
2,172,1
166,55,4
183,40,1
123,12,2
184,116,3
92,148,4
48,206,2
66,33,2
162,167,4
121,28,2
142,10,4
60,109,3
104,233,2
64,237,3
56,35,5
93,116,2
193,184,5
58,177,5
199,108,3
147,100,2
200,119,5
165,110,1
142,179,5
57,122,3
83,46,4
60,58,3
42,186,4
44,86,4
182,157,3
106,130,4
167,114,5
126,132,3
15,7,3
180,205,2
48,137,4
157,141,4
60,50,1
135,9,1
164,112,4
174,90,1
89,205,2
74,101,2
31,171,5
154,160,1
146,212,1
177,1,1
19,172,2
98,91,2
189,84,4
87,92,5
53,243,5
115,167,4
57,63,1
185,109,1
78,168,5
182,214,5
189,227,4
101,1,2
63,91,5
45,75,3
114,183,2
82,67,5
26,82,2
175,99,5
26,64,1
185,180,2
78,217,3
37,91,5
181,246,5
108,158,4
184,142,2
27,137,5
170,117,5
161,127,2
105,107,5
16,98,1
127,39,3
125,129,2
194,246,5
206,156,4
195,41,3
12,11,4
186,234,3
192,83,5
73,38,4
122,73,2
145,85,1
102,193,3
20,227,5
101,207,3
181,146,1
48,161,4
69,189,2
62,109,1
158,154,1
204,203,4
17,231,4
26,177,3
84,243,4
63,104,1
206,19,5
161,144,5
59,208,4
183,12,2
2,120,5
46,120,4
201,96,5
80,65,2
177,144,4
201,148,3
40,85,4
140,37,2
21,59,1
174,79,4
33,158,3
168,141,5
71,238,2
184,28,4
2,158,1
139,66,4
121,149,4
79,11,1
164,155,2
26,164,2
10,205,5
131,216,4
21,210,3
66,124,3
176,53,4
5,85,2
164,51,4
122,39,3
87,139,1
95,143,1
157,58,3
176,87,1
9,114,1
114,105,1
118,72,2
80,5,1
199,157,1
53,105,2
82,199,2
43,193,4
140,41,1
65,196,3
58,197,3
99,98,3
84,200,3
71,28,1
43,195,4
185,240,4
125,39,3
203,247,5
38,10,3
20,232,5
69,150,2
86,14,2
21,136,2
127,103,3
29,72,2
137,179,5
149,27,1
183,27,4
43,189,1
78,143,5
136,121,3
86,59,5
186,11,2
89,86,4
17,127,2
179,115,5
128,196,1
190,154,1
25,88,1
171,166,1
53,133,4
146,67,3
192,13,2
7,193,1
32,237,1
140,65,1
102,107,2
193,173,3
17,205,4
98,53,3
69,209,2
193,148,2
134,125,5
34,23,1
30,139,4
128,191,2
50,67,5
192,81,2
155,74,5
141,181,2
17,86,5
159,45,1
60,98,1
132,236,4
60,204,4
54,35,1
186,49,3
171,120,4
65,152,3
84,198,1
155,157,3
188,156,5
156,72,1
60,6,4
105,6,3
67,158,2
171,105,1
113,75,3
146,80,1
74,246,5
87,2,1
130,210,4
59,211,3
109,78,4
74,9,3
124,181,3
56,193,4
170,191,3
182,25,3
29,249,5
201,1,5
186,213,3
71,110,1
196,185,2
123,188,3
125,8,2
77,162,4
119,166,3
141,203,1
79,46,4
44,111,3
195,84,3
143,100,5
48,99,2
99,231,4
167,232,2
79,99,4
134,233,1
147,173,5
164,68,5
7,131,1
138,198,5
172,240,3
147,91,2
37,210,2
132,4,3
22,205,2
50,87,1
166,118,4
39,97,4
191,225,4
192,114,1
43,97,4
77,171,2
199,193,2
176,32,5
90,98,1
128,7,1
30,203,1
139,67,3
49,7,3
139,176,2
114,37,3
188,94,5
57,167,5
162,119,5
127,6,2
122,116,4
179,117,5
202,26,5
200,93,2
192,148,3
63,96,3
38,169,2
18,42,2
198,183,1
145,15,4
81,186,3
113,166,5
188,195,1
51,17,4
79,230,3
186,38,5
64,133,5
180,211,3
166,247,1
187,194,2
142,77,3
86,168,1
191,104,1
187,241,3
203,242,2
57,32,1
35,6,3
176,92,4
76,224,2
23,131,3
58,141,5
26,176,2
153,58,2
122,123,1
96,126,5
158,60,1
52,197,4
169,1,4
76,27,3
20,161,5
28,105,4
138,185,5
15,33,3
124,126,3
81,114,2
80,154,3
45,19,2
12,46,5
146,17,4
201,194,5
25,99,1
169,192,1
15,220,5
203,204,1
157,33,2
189,92,3
108,143,4
90,9,1
93,158,4
166,67,1
26,201,4
34,61,5
79,99,2
125,105,5
79,87,2
43,228,4
99,97,1
134,131,1
45,147,5
59,81,3
37,166,3
120,89,3
17,225,2
113,122,1
7,198,5
102,165,2
122,188,3
5,51,4
56,249,1
167,229,4
39,248,1
51,128,4
183,27,3
96,115,2
157,178,1
10,43,3
27,76,2
131,119,4
51,235,2
204,234,2
101,202,4
135,83,3
192,135,3
14,191,3
165,197,4
155,48,5
44,119,2
4,169,1
125,64,5
112,72,3
178,195,5
82,165,4
44,85,1
198,160,3
81,119,5
28,195,3
120,2,3
40,207,1
138,95,2
70,194,4
201,39,4
101,167,3
41,28,2
66,194,2
58,159,5
154,160,4
84,211,3
128,176,3
120,140,1
184,247,4
82,3,2
102,35,3
134,182,3
112,41,3
38,229,3
83,8,1
134,65,4
131,157,2
170,224,4
114,141,5
60,215,2
198,148,1
11,75,1
191,160,1
80,157,5
122,212,3
113,51,5
137,219,5
56,137,3
43,207,5
40,43,3
152,84,3
163,71,4
121,143,3
53,110,4
155,45,5
119,96,4
158,44,4
172,162,3
38,238,2
153,184,3
26,183,3
114,248,2
98,54,5
97,198,2
115,38,1
111,133,5
82,115,5
139,142,1
128,79,3
91,223,5
82,66,4
8,145,5
19,3,4
60,33,5
201,217,3
166,98,3
186,160,3
73,195,5
9,209,3
13,35,4
89,118,5
40,107,2
36,72,3
189,17,1
90,75,3
198,95,5
162,97,2
128,218,5
61,108,2
5,29,3
119,201,3
18,117,2
4,56,2
80,10,3
199,42,5
113,241,2
190,138,1
178,246,5
147,86,1
53,155,3
127,104,4
131,173,4
20,66,2
108,92,3
6,45,3
139,200,3
172,200,4
67,182,4
165,166,4
3,242,3
88,244,4
117,183,1
14,19,4
1,28,3
184,194,3
199,172,2
124,3,5
117,4,4
164,225,4
102,182,3
85,161,3
116,168,3
78,135,4
176,114,5
115,121,4
18,168,4
207,78,3
181,1,1
99,195,5
107,155,3
170,53,3
83,74,4
125,7,4
24,165,4
100,101,5
180,43,5
35,138,4
178,220,3
171,248,1
72,82,2
157,10,2
151,129,2
180,199,3
171,154,5
200,177,4
164,183,1
60,197,4
119,166,4
154,157,2
19,35,2
150,53,1
15,71,1
178,150,4
74,85,1
123,32,3
121,153,4
117,244,5
19,183,1
69,102,5
59,126,3
99,76,4
72,41,2
95,34,1
125,3,3
105,35,3
170,84,3
50,111,2
8,239,5
30,115,2
106,233,4
130,65,3
138,133,2
193,109,4
155,13,3
91,180,4
19,92,4
156,11,2
31,116,4
18,98,2
96,179,3
78,92,4
153,197,5
51,168,2
2,60,5
13,100,2
33,133,5
14,160,2
165,87,3
79,46,5
84,4,2
98,56,4
89,7,5
127,101,2
161,242,4
9,91,1
107,117,2
182,40,2
189,215,4
65,199,3
88,204,5
41,61,5
45,166,4
94,141,4
191,122,4
40,162,5
17,235,5
205,88,5
202,194,3
18,248,1
163,19,5
170,211,2
91,65,5
173,221,3
155,46,5
37,97,2
32,170,1
22,62,2
9,70,3
154,234,4
61,123,4
194,145,3
168,48,3
58,69,1
52,221,2
99,114,3
41,137,3
184,221,1
194,205,1
10,222,3
1,128,3
187,240,4
156,27,4
135,62,5
12,124,5
201,35,4
138,187,3
181,163,2
24,247,5
5,165,4
7,249,5
167,135,4
102,127,4
196,2,5
37,76,2
178,17,2
174,4,3
35,246,2
168,98,3
105,79,4
79,79,3
22,190,3
84,34,4
23,136,4
23,160,3
129,90,3
205,234,1
43,2,4
195,60,1
48,85,4
42,83,4
37,32,3
9,196,1
91,78,1
95,220,3
29,105,1
156,188,1
158,205,4
17,78,5
144,161,1
25,234,2
168,182,5
59,174,2
86,51,5
132,123,1
125,230,2
147,96,5
201,83,2
188,203,3
105,5,1
200,207,3
13,112,2
56,157,3
141,134,4
152,244,4
205,114,3
70,127,4
44,59,2
206,123,4
95,23,5
84,187,5
13,31,4
201,110,3
62,173,1
109,225,2
166,187,5
69,215,1
36,82,5
152,160,1
163,192,4
120,218,3
48,40,5
29,233,2
9,153,2
27,238,3
114,16,5
36,122,1
123,106,1
57,5,4
32,133,3
133,55,5
90,1,5
137,154,3
24,65,5
55,50,2
24,96,1
6,163,1
190,215,5
142,182,2
78,51,5
196,223,5
150,226,1
136,89,3
101,160,4
113,201,4
33,174,1
140,164,2
182,226,3
202,35,5
182,38,5
93,183,5
41,245,1
45,29,1
20,144,1
59,44,2
117,167,3
189,193,1
191,211,4
100,232,3
5,107,3
2,22,3
140,64,4
13,205,4
123,57,3
74,59,5
153,233,4
161,166,5
15,233,2
188,6,2
186,207,2
22,192,5
201,41,4
139,29,5
138,58,4
184,238,5
139,207,4
104,117,1
176,59,3
196,88,4
207,81,5
95,85,5
113,128,1
53,174,2
108,48,2
144,86,3
98,178,3
52,79,5
82,212,3
34,141,3
158,43,3
67,135,5
126,1,2
205,137,1
76,88,1
101,46,2
157,153,2
6,92,4
165,239,4
157,28,1
64,248,3
32,160,4
194,121,4
146,8,4
76,117,4
77,108,4
75,10,5
10,228,2
147,108,1
106,162,2
16,47,4
198,78,2
101,28,4
145,245,4
20,151,5
108,87,3
93,227,5
15,181,1
178,137,4
165,199,4
59,14,5
183,83,5
84,156,5
55,37,4
70,49,4
97,214,2
182,220,4
19,88,5
206,110,4
62,244,3
5,7,1
17,33,1
203,190,4
71,23,4
83,116,5
136,118,3
166,15,3
192,92,1
92,197,1
1,160,5
5,96,2
182,236,3
148,238,4
146,176,1
9,149,5
47,48,3
133,21,5
154,120,2
108,100,1
197,27,2
185,23,1
119,102,4
203,3,2
64,75,2
22,157,2
108,241,4
114,144,1
107,47,4
45,149,4
165,222,2
23,84,2
173,36,1
104,231,2
135,200,2
111,193,1
197,212,1
77,201,2
120,120,2
162,11,1
33,235,4
201,245,1
50,130,5
129,70,5
44,149,5
71,19,2
30,32,2
181,100,3
137,18,4
125,140,5
206,145,2
87,145,4
78,224,4
38,75,5
143,174,4
168,28,1
65,191,2
6,235,2
10,220,4
119,126,4
193,207,2
43,63,3
49,188,2
122,68,5
118,237,2
94,16,2
144,199,1
27,76,2
135,224,1
163,167,5
129,65,4
28,201,1
103,244,2
207,84,3
179,138,2
65,230,1
32,99,3
123,34,4
30,183,4
110,122,5
28,52,3
8,108,1
96,12,4
46,188,3
125,106,3
144,188,5
18,150,4
128,40,3
66,87,2
183,167,4
45,229,5
115,190,4
100,201,5
96,52,1
6,38,5
169,197,3
148,247,4
38,91,3
20,192,2
172,46,2
148,11,5
189,168,3
9,113,4
59,143,3
112,40,1
115,68,4
103,138,4
123,106,2
155,100,2
139,64,2
164,196,2
166,44,5
182,192,2
92,75,4
163,29,5
129,178,4
167,236,1
63,169,2
102,112,5
31,101,2
9,47,1
159,154,3
22,58,4
37,121,2
17,40,5
182,59,1
91,59,3
164,97,3
25,121,1
170,6,3
205,186,4
34,63,2
129,167,4
107,201,4
131,91,5
125,21,1
205,138,1
91,112,1
122,206,4
71,87,5
179,136,4
154,44,1
3,246,4
98,155,1
54,4,3
2,220,3
171,2,5
188,239,2
86,124,3
31,223,3
86,220,2
94,19,4
192,106,2
137,30,3
138,60,2
64,181,4
70,172,3
84,229,4
113,28,1
202,123,4
27,188,3
67,227,1
7,117,2
136,94,4
30,25,1
181,121,1
197,215,5
68,175,2
181,59,1
90,3,5
137,7,1
94,159,1
28,85,1
16,95,4
160,180,4
204,33,3
58,8,1
11,159,1
123,21,3
18,152,4
8,35,4
38,111,1
1,158,3
134,37,3
156,68,3
81,149,1
3,139,1
51,16,5
98,167,4
137,144,1
81,163,1
98,22,2
57,202,4
168,34,2
88,52,1
203,47,3
146,65,4
59,34,1
157,212,2
196,14,5
195,222,3
69,45,4
134,37,5
3,172,5
118,108,2
136,161,1
93,112,5
200,61,1
186,180,3
64,37,4
105,194,5
51,90,1
155,167,1
89,216,1
122,191,1
60,103,4
39,72,1
75,14,4
22,93,5
108,105,1
90,242,3
79,185,2
186,52,3
155,4,3
207,55,1
116,172,2
81,102,3
172,69,2
101,218,3
140,118,2
37,137,1
184,173,3
205,217,1
24,102,1
151,13,2
184,138,5
114,140,3
191,167,3
55,186,5
115,172,3
98,77,3
10,37,1
168,178,5
34,204,4
137,64,5
180,192,4
152,47,4
61,180,5
31,139,2
144,33,3
198,84,5
24,206,5
197,119,4
17,145,3
124,47,5
128,88,5
185,203,1
41,52,3
91,13,2
90,69,3
125,11,2
79,68,1
9,60,4
60,139,3
71,231,1
68,213,3
166,190,2
106,107,3
205,147,5
143,22,2
100,20,1
98,49,3
204,114,5
119,73,5
41,44,5
100,84,4
4,235,1
59,216,4
167,71,5
106,56,5
34,77,5
179,47,4
5,222,5
99,79,1
46,124,4
62,233,2
85,211,2
130,129,2
92,139,3
166,67,2
8,110,1
91,202,1
202,149,5
136,229,3
206,96,1
13,6,1
169,199,3
94,158,4
192,126,5
80,99,4
190,164,1
182,245,2
94,160,2
193,79,2
178,220,1
80,55,1
160,227,2
97,47,4
122,60,4
30,184,1
7,158,2
104,195,2
200,211,3
60,129,1
84,169,2
18,238,1
95,5,1
122,37,4
171,239,2
191,233,3
152,219,2
82,228,2
79,5,4
50,132,2
195,208,1
127,154,2
89,81,5
67,66,5
183,88,3
33,131,4
162,156,5
85,104,4
99,73,2
179,227,4
28,230,4
188,203,5
54,114,2
163,244,1
2,176,1
133,183,5
26,165,2
89,196,5
71,228,5
138,10,4
151,37,3
28,33,1
165,176,5
143,189,1
174,203,2
169,99,3
197,232,2
7,185,1
174,70,1
156,58,2
8,247,3
194,81,4
146,85,5
12,83,2
179,29,4
32,214,2
77,143,3
86,18,5
155,220,5
88,66,3
63,249,1
83,130,4
103,175,3
127,1,1
38,179,5
95,211,2
123,30,3
67,98,4
190,40,4
194,54,4
82,124,3
57,15,4
16,198,5
147,203,4
11,207,4
86,119,1
73,136,1
31,249,4
199,221,3
53,158,4
108,208,2
203,103,5
73,241,5
54,87,2
173,5,3
151,182,4
120,182,2
124,237,4
96,234,4
67,241,1
59,155,5
203,167,4
93,204,3
3,29,4
201,148,1
169,104,3
42,19,4
153,223,4
108,216,5
181,142,1
180,234,5
139,145,1
38,78,1
179,54,1
150,7,3
133,67,1
83,125,2
15,164,1
94,43,2
80,131,5
160,248,3
81,101,2
49,160,5
58,133,4
185,130,2
63,54,3
68,87,1
70,68,4
129,66,2
41,5,3
153,179,4
25,146,5
98,177,4
102,109,4
206,83,1
71,31,1
96,33,5
68,213,5
125,22,3
167,36,2
198,247,5
63,227,5
145,156,2
20,149,5
125,179,2
76,177,2
182,240,4
161,198,5
98,113,3
141,156,5
57,119,1
18,222,1
10,237,2
17,197,3
121,198,1
71,226,2
136,35,5
87,247,1
171,194,3
41,174,4
70,81,3
197,30,1
22,71,1
29,185,4
179,126,2
77,69,1
53,73,3
184,23,3
2,93,5
190,138,5
108,234,4
83,63,1
126,163,3
200,159,5
107,74,5
193,56,2
52,58,5
167,111,2
85,204,1
164,175,5
160,29,1
136,39,5
171,170,5
5,158,3
30,184,1
192,79,4
68,14,3
95,8,3
121,64,4
14,42,3
119,173,2
1,22,4
74,237,2
157,225,1
189,36,2
198,171,3
109,68,2
188,142,3
74,192,2
12,139,1
126,17,3
157,184,4
84,167,1
147,245,2
71,179,3
18,179,4
119,115,1
12,162,4
109,171,1
173,5,2
101,88,3
135,242,3
101,97,3
155,143,1
170,231,4
183,94,1
127,233,5
154,105,5
103,71,4
166,161,4
57,181,5
138,190,2
93,4,3
13,1,4
8,70,4
82,175,5
164,233,5
72,240,5
98,167,1
139,84,1
60,196,5
200,244,4
56,244,4
14,248,3
178,199,5
92,196,1
85,2,5
173,34,2
116,194,5
87,241,3
176,96,2
109,235,3
104,157,2
144,192,5
90,105,1
172,96,2
147,16,1
97,70,2
109,93,5
153,21,4
60,189,1
103,83,4
2,190,1
126,17,2
57,160,1
117,205,3
38,184,3
9,164,1
114,51,2
42,236,3
153,240,3
114,184,1
26,197,4
113,58,5
59,227,1
86,93,5
191,111,3
113,202,1
7,54,1
51,193,5
105,156,5
47,41,3
33,117,3
52,249,4
68,199,4
29,69,4
91,242,3
178,55,3
92,228,1
25,178,1
120,46,5
21,19,2
78,95,3
106,11,2
8,71,3
194,116,4
152,165,1
139,197,4
140,198,1
174,188,2
135,127,4
18,180,4
77,71,3
100,113,2
136,131,5
155,219,3
78,194,4
122,78,3
21,220,1
120,168,2
92,1,4
60,203,1
121,84,2
119,80,1
80,137,1
164,142,3
24,205,1
5,20,5
130,180,4
197,29,1
106,191,1
175,46,2
123,118,2
58,227,2
75,2,3
38,240,5
9,40,3
131,174,1
173,35,2
197,55,3
93,110,4
105,66,1
168,139,2
39,29,5
31,114,4
171,138,2
18,173,1
17,228,1
29,12,1
5,58,5
36,115,1
16,125,4
38,149,4
129,130,3
40,205,3
192,12,3
159,157,5
154,146,4
126,22,2
36,158,2
51,179,1
134,85,1
13,6,1
156,74,4
15,121,4
204,102,1
19,142,4
4,72,1
68,117,4
139,203,2
185,6,1
29,30,2
32,156,1
29,175,1
14,4,1
157,3,2
68,139,2
184,175,4
171,201,5
36,190,2
159,62,3
22,18,4
106,235,3
174,126,5
104,202,3
184,249,4
18,65,2
172,30,2
46,20,2
102,133,2
191,6,3
27,96,4
87,78,2
103,68,5
124,149,3
11,65,1
194,81,2
204,179,1
109,21,3
44,201,2
60,118,3
8,78,5
39,197,1
97,50,1
89,241,5
99,221,2
88,86,2
113,15,4
43,41,5
188,44,3
170,219,2
199,221,5
169,117,5
125,221,4
53,61,5
134,194,2
196,140,4
120,129,2
110,1,3
166,193,2
90,35,1
46,152,1
78,139,3
174,152,2
197,222,5
22,127,4
137,99,4
140,202,2
180,131,3
202,195,1
120,193,4
129,43,3
54,181,5
60,38,2
189,108,5
69,200,2
117,171,2
175,160,4
82,230,2
136,41,1
102,13,2
106,193,2
9,209,3
94,188,2
106,142,3
9,126,5
178,89,2
82,50,2
179,7,5
193,236,4
15,231,1
121,69,1
77,197,3
163,53,5
144,154,2
49,93,5
154,199,3
46,109,2
171,18,4
39,144,2
152,27,4
118,90,5
50,68,1
150,156,4
139,45,2
165,60,1
58,50,2
11,108,4
103,31,1
10,194,3
111,159,2
139,88,5
101,56,2
65,150,5
125,79,4
76,55,2
35,41,4
105,178,4
151,197,5
150,56,4
47,36,3
99,24,4
120,126,1
52,166,4
27,46,5
55,91,1
115,136,1
58,7,5
79,248,2
184,62,5
30,44,4
177,44,3
165,49,3
83,153,5
53,31,3
113,21,2
91,125,4
74,50,4
47,145,1
181,232,3
130,12,1
166,240,2
23,246,4
25,216,3
114,125,5
142,23,1
92,207,2
89,168,1
144,203,1
73,50,1
107,91,2
76,6,4
110,74,5
150,86,1
147,189,5
104,113,2
95,240,4
90,72,2
47,245,3
133,39,4
6,24,3
39,222,1
156,117,2
124,80,3
78,32,1
86,196,4
202,14,1
178,10,2
9,196,5
30,91,3
119,190,4
62,7,1
51,157,2
115,57,4
112,127,5
20,230,2
97,163,5
127,228,1
117,228,1
200,143,1
47,134,1
140,136,4
172,60,5
17,86,3
144,213,5
62,80,5
139,221,4
163,121,5
180,128,5
155,229,1
33,138,4
192,163,3
176,181,3
71,191,2
120,136,4
43,37,4
166,107,5
64,134,1
188,139,2
142,244,4
70,68,2
192,188,1
88,238,5
82,88,2
126,187,5
104,90,1
198,108,5
10,187,3
63,16,5
3,38,1
35,173,3
149,223,3
101,161,5
58,161,3
85,248,1
15,137,4
163,66,1
102,25,1
66,164,3
78,20,1
177,232,5
124,175,3
123,133,2
66,200,2
188,181,1
27,228,3
47,89,4
117,194,3
189,103,4
55,40,2
95,117,1
201,97,5
155,197,5
155,25,3
137,121,3
5,188,3
142,134,3
130,22,3
103,119,2
141,18,3
113,12,2
136,170,3
98,100,5
41,175,5
39,11,3
173,190,2
56,221,4
161,16,5
41,179,3
126,182,3
24,104,1
52,128,5
128,192,2
191,90,5
12,126,2
136,224,2
94,242,5
45,96,3
135,25,1
142,226,2
166,222,1
56,116,3
196,167,3
119,181,2
116,126,4
100,34,4
144,233,2
136,77,5
182,122,5
62,174,1
56,190,2
54,134,1
122,195,2
114,83,1
169,110,2
20,113,3
143,76,5
75,236,5
24,232,3
98,64,1
30,41,4
21,129,5
184,119,2
68,214,2
168,23,1
124,164,4
181,228,4
202,5,1
27,52,3
25,152,3
84,110,3
187,155,4
145,32,4
78,91,2
114,215,2
94,31,3
67,15,4
146,191,4
196,238,3
108,94,2
76,100,2
23,71,2
100,206,1
44,31,3
181,106,2
3,71,2
93,174,5
57,29,4
44,43,4
142,103,1
207,183,2
53,83,2
183,24,1
29,63,5
4,90,4
15,90,2
185,211,3
180,63,5
90,139,1
28,72,2
174,132,5
153,171,5
168,166,5
117,13,2
146,128,2
77,148,2
196,53,1
101,40,3
124,51,3
107,62,2
46,37,3
165,218,2
98,84,5
187,36,5
142,145,4
162,150,1
180,211,2
87,186,4
40,7,2
127,49,4
147,193,1
177,148,3
125,201,2
162,228,1
179,249,4
76,136,2
1,160,1
99,162,2
136,59,1
100,49,5
74,32,3
181,59,2
201,60,5
18,179,2
13,73,5
69,119,4
59,57,3
32,220,2
68,123,2
109,94,5
137,105,5
130,174,1
97,115,4
175,108,2
75,42,3
170,206,3
6,70,1
69,154,4
178,61,2
129,171,4
18,133,1
65,245,3
194,108,5
9,22,4
35,111,1
45,112,5
67,217,1
176,37,5
199,232,1
156,128,2
59,152,1
145,242,3
144,177,5
59,182,2
89,159,5
65,207,5
167,238,2
192,66,5
132,146,3
172,167,4
49,60,3
157,161,5
144,4,3
81,1,5
132,85,5
102,91,2
15,214,1
106,163,2
29,148,1
169,109,1
16,36,5
74,162,4
196,110,5
140,91,4
37,159,1
7,176,5
199,234,2
72,140,3
135,151,1
184,138,4
145,232,3
191,218,2
168,11,4
110,20,5
105,217,2
169,186,2
140,94,2
50,245,4
44,188,2
163,162,5
81,215,1
179,120,2
171,12,4
102,18,2
81,111,4
146,221,1
166,224,2
154,181,4
53,162,5
197,81,5
76,198,1
150,170,1
131,88,3
64,176,5
105,79,1
143,147,1
139,233,4
98,160,5
188,45,3
148,57,5
150,164,2
1,146,2
174,144,1
128,64,1
149,160,1
81,235,3
54,243,1
97,197,3
110,81,3
70,11,5
107,191,3
34,9,1
136,218,3
26,112,2
59,211,3
195,169,5
153,238,2
55,213,1
180,249,5
34,88,4
141,17,2
205,153,5
69,140,3
48,206,3
126,65,3
13,139,5
156,241,4
100,223,5
95,229,4
46,223,5
147,8,5
174,81,1
183,119,1
86,139,5
61,53,2
8,117,2
85,194,4
203,4,4
161,32,4
69,140,3
81,206,5
16,151,3
93,63,5
54,87,4
144,240,2
104,194,2
4,81,5
66,224,5
43,109,3
169,238,3
186,44,1
22,192,2
201,20,4
146,119,2
15,231,2
87,188,5
110,222,1
22,139,2
147,28,2
10,126,3
94,99,2
155,153,1
52,4,1
149,186,1
8,101,5
97,197,3
167,20,3
66,103,4
76,122,4
80,71,2
64,112,3
172,116,5
144,104,3
9,176,3
105,193,4
186,148,1
144,171,2
71,13,5
76,89,4
41,130,2
202,173,3
185,172,1
24,123,1
109,204,4
178,51,5
182,101,2
121,205,1
125,126,4
108,192,1
111,36,3
195,199,5
22,203,3
100,219,2
148,232,4
54,126,2
166,171,5
98,69,5
13,18,2
162,142,1
106,207,4
95,198,5
88,234,5
22,32,3
129,247,4
136,30,4
62,195,2
101,209,4
95,78,2
204,165,4
86,87,1
42,107,1
187,83,4
26,240,4
138,136,2
118,221,4
50,80,4
152,104,5
32,178,4
203,119,3
16,58,5
132,123,5
149,181,5
170,69,1
4,35,2
152,77,5
178,106,5
12,59,2
49,24,1
49,195,3
71,228,1
204,24,1
202,237,2
39,58,2
51,102,2
97,20,3
35,10,2
142,120,1
102,29,3
105,175,2
14,7,5
163,234,4
73,45,3
40,100,2
145,77,5
81,218,1
148,103,1
50,89,5
75,69,4
81,243,5
124,63,5
149,229,5
145,211,2
125,221,3
68,62,5
92,101,3
95,243,2
26,17,3
101,226,4
36,137,2
151,102,3
19,63,2
197,30,5
12,53,2
167,64,1
205,48,1
191,36,1
3,205,2
140,143,2
166,151,3
28,224,5
51,249,4
98,178,3
34,1,5
155,80,5
39,65,5
21,59,5
4,81,4
85,124,2
174,230,2
53,10,2
174,10,4
38,215,1
121,66,4
125,73,3
37,72,2
199,71,5
129,142,2
97,185,3
83,148,2
83,28,5
155,101,2
186,232,4
199,243,2
200,84,1
27,134,3
99,171,1
189,15,1
30,214,1
159,39,4
178,28,1
94,128,5
86,145,4
142,194,1
46,191,2
27,65,5
128,153,4
177,177,2
112,179,1
174,66,5
139,201,1
123,174,1
74,236,1
191,19,1
59,138,2
46,187,5
139,130,1
62,175,5
123,153,4
26,201,3
35,69,5
182,62,5
34,229,1
170,82,3
191,83,5
99,186,2
112,65,3
145,115,5
90,111,1
203,47,5
60,155,2
139,248,1
18,236,1
101,13,1
181,182,5
190,194,4
85,117,5
152,193,3
186,218,2
56,184,2
189,235,2
139,242,2
174,40,4
51,12,2
85,231,2
122,157,2
176,205,5
84,167,3
195,213,5
43,57,3
38,81,5
144,205,4
113,31,5
102,202,2
51,232,3
36,213,4
197,5,2
87,37,3
100,84,4
130,106,4
195,82,2
157,153,1
138,51,5
55,58,3
6,178,5
7,23,4
130,144,3
191,5,3
57,53,5
177,33,3
186,193,1
191,240,3
61,16,5
153,216,5
62,201,5
45,103,4
168,71,2
197,75,2
77,135,2
38,86,5
31,134,2
10,146,3
177,35,5
72,48,3
191,115,2
2,123,4
81,181,4
150,89,5
127,228,5
170,244,4
117,104,3
14,225,5
169,242,5
144,133,3
186,249,3
117,8,4
185,171,5
39,82,4
175,161,1
48,64,3
186,121,3
79,14,2
19,136,5
117,178,3
86,192,4
143,180,3
52,134,5
91,228,4
191,2,5
99,79,5
44,101,1
73,228,5
179,59,2
116,175,1
94,20,1
9,30,5
105,118,2
79,145,5
151,190,3
72,223,2
94,243,3
111,81,3
166,80,5
15,79,2
19,25,5
125,211,3
71,106,1
40,88,3
95,60,4
57,213,1
45,11,5
133,195,5
136,109,1
4,115,5
59,222,2
120,44,3
96,66,4
161,168,5
42,169,3
172,109,5
41,147,3
73,120,5
120,243,3
132,175,1
52,192,4
186,58,4
102,93,1
102,109,3
186,168,5
76,213,5
68,149,1
96,246,1
206,208,4
49,48,5
167,160,5
23,1,5
134,69,2
138,115,2
187,171,3
28,198,3
126,195,5
4,102,2
98,43,4
76,116,4
51,114,5
171,163,5
42,225,5
68,139,3
167,179,5
94,34,1
146,84,5
101,239,1
99,94,2
142,216,2
26,203,2
84,98,1
187,65,4
2,140,4
30,179,5
13,203,1
191,211,2
204,16,2
171,51,5
15,13,1
122,16,4
146,208,1
196,234,2
119,199,5
185,99,3
71,117,2
37,59,5
8,21,4
153,87,5
30,239,2
16,192,5
54,224,2
186,230,1
75,23,5
47,72,5
101,173,1
151,152,5
205,114,5
85,218,1
161,197,3
17,142,3
26,111,2
75,181,4
85,30,4
176,175,3
6,12,1
106,9,3
86,74,1
46,182,4
133,91,3
115,78,4
19,133,2
18,55,5
36,120,1
113,55,5
117,91,5
50,191,5
129,120,2
148,134,3
156,7,3
69,26,1
7,99,1
59,47,3
137,235,4
153,21,1
70,202,3
5,69,4
179,57,2
192,109,5
34,62,4
183,167,5
189,106,1
64,48,3
40,81,2
172,206,4
108,98,5
193,9,2
199,120,1
178,18,4
184,244,2
99,196,4
140,167,3
27,226,1
192,7,5
61,91,4
51,117,1
88,139,3
162,110,4
42,234,3
32,142,5
97,165,3
40,78,4
124,146,4
125,138,5
175,177,5
129,3,2
86,223,2
164,190,5
119,121,2
58,69,3
67,140,3
17,223,2
177,19,2
142,144,4
148,55,5
117,80,2
146,14,1
92,66,1
58,211,1
193,113,3
126,96,5
73,156,3
124,61,4
98,81,3
7,126,4
145,15,1
139,44,2
195,46,1
59,20,5
162,65,4
18,179,3
117,163,5
48,242,5
87,17,5
62,238,5
36,89,4
92,138,2
46,88,5
135,79,4
145,11,4
174,160,3
195,131,5
90,163,4
32,211,3
182,205,5
190,47,4
147,92,1
9,222,1
153,12,3
133,37,4
125,210,5
106,190,5
149,170,5
139,22,3
106,125,3
140,124,1
108,232,3
138,125,5
14,119,4
33,90,1
154,231,4
173,46,4
95,29,2
101,76,4
112,192,5
114,88,5
90,22,1
187,106,3
175,61,5
93,132,2
116,12,3
89,201,5
39,51,3
146,175,2
37,20,1
154,155,2
166,152,1
98,36,2
170,144,1
9,167,5
10,206,1
39,113,5
4,203,4
98,193,1
123,128,1
36,226,3
9,136,3
129,59,1
126,205,4
141,160,5
198,126,5
54,73,3
22,116,2
87,163,3
174,157,5
55,69,5
171,40,5
103,144,3
97,220,3
93,182,3
24,212,1
29,31,1
123,31,5
181,14,5
167,41,1
140,106,4
206,64,3
49,17,1
63,118,3
160,62,1
122,126,1
100,223,4
7,147,2
197,144,2
177,85,1
84,1,1
206,204,5
38,169,4
56,236,3
22,193,1
97,208,2
22,60,5
171,163,3
23,148,5
149,98,5
127,248,3
204,183,5
19,9,3
29,173,2
187,140,3
8,219,2
44,143,3
111,185,2
177,154,4
15,237,5
36,193,5
199,195,1
99,168,4
64,82,5
128,100,1
132,77,2
182,237,5
198,189,5
161,137,3
184,134,4
136,39,3
140,136,1
171,75,1
120,50,4
167,147,5
14,233,4
93,70,4
129,215,1
137,163,5
127,209,3
10,3,4
16,227,1
121,73,3
11,24,4
25,156,3
23,146,4
81,86,4
112,134,2
119,44,1
197,125,5
152,66,3
83,182,2
142,228,5
154,129,2
118,153,3
6,139,5
123,31,3
196,80,3
18,120,1
67,42,5
158,9,2
170,208,2
8,183,2
10,141,4
148,16,1
102,199,4
74,108,4
97,34,1
8,3,5
202,176,4
141,25,5
51,84,1
144,111,4
197,191,4
71,98,5
120,108,1
79,205,3
24,89,2
137,78,2
28,223,3
15,121,1
34,55,3
98,242,2
117,140,2
200,31,1
46,22,3
92,52,3
172,140,4
189,148,3
32,103,4
144,100,2
172,118,5
202,148,1
148,83,2
148,118,2
149,176,4
196,193,2
48,238,1
93,106,2
127,234,3
82,41,5
156,141,5
112,106,3
164,189,3
149,149,4
90,86,5
125,71,3
159,180,1
75,61,3
19,81,4
55,97,5
175,34,4
146,249,3
181,125,3
145,97,5
81,18,4
143,77,5
120,241,2
8,141,2
36,129,2
28,213,1
20,213,2
26,194,2
92,7,1
129,239,3
179,186,3
3,138,4
101,25,2
133,186,4
181,43,3
28,188,4
130,127,1
9,147,1
175,168,3
168,128,4
14,225,4
20,94,3
181,107,4
185,145,1
91,14,1
88,202,1
1,183,5
105,230,3
73,190,2
127,58,1
64,155,3
61,66,4
197,5,3
140,81,3
129,121,4
182,184,1
194,40,1
183,206,2
116,8,3
90,75,2
143,158,2
181,56,5
115,216,5
109,44,5
86,7,2
90,223,1
101,166,5
59,230,1
80,62,5
19,26,4
195,23,2
78,99,4
89,38,4
49,166,1
109,208,3
10,67,3
23,91,1
17,75,4
109,143,2
45,24,1
117,197,3
74,71,4
18,114,3
58,20,5
67,44,5
125,142,3
22,12,2
202,5,3
41,230,2
111,71,5
40,26,3
169,168,2
172,4,1
82,59,3
35,225,1
123,249,4
39,177,1
93,31,1
86,208,3
198,55,1
160,248,2
64,167,2
93,136,3
40,25,3
150,76,3
121,245,4
174,202,3
64,27,1
2,48,5
44,166,3
135,170,1
162,241,3
25,3,1
119,110,1
74,227,4
114,120,4
76,82,4
24,23,4
120,1,4
193,55,3
176,199,1
60,12,3
164,217,4
42,244,2
201,63,2
164,1,2
159,11,2
125,133,4
28,117,4
155,152,2
181,175,4
93,119,1
96,203,1
9,85,2
52,148,4
161,198,1
192,60,1
28,167,2
127,47,5
87,87,3
117,167,3
179,140,3
41,84,1
98,230,4
165,141,1
173,93,2
61,209,1
181,227,2
183,134,1
26,119,2
137,165,3
115,227,5
197,79,4
24,154,4
72,74,4
139,163,1
188,56,5
18,172,1
24,187,1
93,149,4
190,196,4
45,207,2
156,103,4
30,80,4
11,137,4
39,23,2
70,214,3
28,173,1
52,42,1
121,224,1
126,187,4
78,62,1
62,159,3
183,23,3
133,81,1
125,9,4
60,138,1
62,232,3
110,119,2
44,122,4
55,198,5
147,4,2
99,196,5
182,78,4
83,83,3
198,20,5
153,238,1
92,153,2
54,49,4
76,99,2
92,3,4
42,207,3
91,227,3
71,212,5
104,158,2
170,77,1
126,170,5
27,135,1
175,130,4
125,106,2
87,205,4
23,108,5
65,62,2
40,74,4
179,140,2
182,187,1
173,95,4
198,159,5
52,147,5
172,178,2
15,1,5
164,157,2
168,198,4
156,162,5
185,55,4
123,10,5
34,47,4
70,45,5
60,192,1
51,21,3
58,44,4
148,164,2
147,237,3
57,19,4
113,104,3
200,159,3
28,158,1
103,120,1
80,173,1
40,11,3
8,42,2
47,186,4
29,188,4
43,118,5
185,227,1
126,188,3
53,156,4
122,73,4
98,116,4
4,248,1
117,181,3
77,239,5
138,235,1
140,120,4
126,92,5
145,137,2
12,30,2
161,133,1
80,109,4
167,16,4
77,123,3
55,81,4
102,132,4
90,229,4
190,106,5
16,46,4
163,138,4
174,207,1
146,182,5
169,4,1
36,232,2
113,194,4
146,236,2
31,237,1
193,143,1
113,125,3
14,111,1
112,160,1
11,243,5
195,189,3
185,32,3
58,24,2
139,9,4
113,85,2
157,206,1
132,7,4
201,228,1
175,173,4
189,206,1
90,247,2
14,221,5
145,8,2
56,58,5
177,228,2
84,213,4
61,119,1
89,31,3
39,230,5
38,170,2
59,118,2
120,79,1
201,55,4
2,13,1
185,183,3
116,144,2
50,105,5
69,134,4
20,223,4
128,15,4
100,189,1
31,140,5
18,5,5
59,70,5
4,81,2
194,248,2
148,108,1
111,94,3
94,99,4
92,101,2
9,62,3
144,17,4
118,51,5
124,121,5
43,248,5
60,85,3
184,141,2
77,28,1
2,169,5
148,60,1
6,35,3
67,133,3
198,33,2
109,232,1
90,160,4
61,119,4
195,15,1
76,238,5
44,92,2
200,69,3
71,51,2
62,83,2
52,111,4
170,137,2
188,53,1
64,186,4
24,237,5
3,169,1
7,81,2
54,189,5
152,170,2
57,153,5
207,161,2
70,76,3
121,200,1
101,40,3
147,185,1
152,247,2
186,121,5
75,130,1
27,133,4
29,123,1
170,226,1
160,35,3
95,56,5
87,108,1
38,41,4
118,43,2
111,206,1
47,113,4
26,138,4
126,84,3
161,62,2
131,241,3
154,100,1
69,193,2
14,92,3
86,209,3
34,154,1
10,132,2
129,248,2
52,111,5
139,249,4
147,42,3
57,78,3
50,207,1
108,247,1
146,196,4
28,197,2
14,204,4
123,230,3
99,192,1
60,246,5
125,148,3
51,14,5
93,221,3
61,140,2
45,219,5
123,51,3
28,171,1
205,196,2
150,146,3
202,239,3
63,190,1
100,242,5
34,116,3
127,177,4
172,127,4
188,96,2
36,178,2
199,97,3
192,155,2
148,17,3
87,249,4
89,234,2
99,193,1
59,10,5
128,237,2
13,163,4
119,159,5
116,246,5
42,15,2
82,153,4
132,204,1
11,113,5
109,241,2
63,235,1
145,60,2
159,180,2
164,110,3
58,237,4
156,117,2
104,91,5
117,187,5
159,112,4
8,88,4
111,104,4
76,14,4
151,220,3
134,206,4
138,232,1
176,66,2
189,84,5
16,243,4
115,247,1
188,80,4
177,202,4
116,241,4
183,203,2
30,226,5
188,146,3
116,5,5
140,2,5
45,146,1
16,192,5
131,194,4
162,64,5
133,66,1
59,211,1
124,37,2
56,198,5
184,39,3
123,237,5
14,26,2
86,103,2
17,210,2
67,74,3
10,222,3
4,7,5
40,207,2
116,31,3
114,135,4
58,16,1
91,158,5
122,243,5
199,161,3
57,60,2
54,82,5
47,68,3
182,139,2
205,30,1
31,123,5
206,183,1
165,199,4
86,11,5
15,197,1
175,4,1
138,103,3
58,26,3
63,129,2
80,53,5
82,206,5
34,66,1
70,56,1
2,59,5
147,205,5
65,201,3
82,172,1
175,190,2
199,144,1
95,35,1
2,227,5
133,57,4
186,151,4
112,114,1
62,176,3
94,179,3
48,188,4
95,203,2
48,216,1
77,189,3
140,26,5
101,226,4
183,23,3
96,194,2
78,102,5
192,101,2
91,38,5
4,161,4
145,197,3
152,161,1
116,233,1
133,218,2
149,112,1
80,162,4
33,44,2
197,246,5
137,108,5
59,199,5
176,126,1
151,101,5
62,78,3
44,118,5
137,71,2
116,100,1
2,95,1
178,186,3
135,212,4
23,59,1
19,208,5
146,142,2
62,109,3
170,53,1
187,175,1
152,88,1
150,78,2
105,70,2
200,106,2
8,198,3
182,195,4
55,221,4
37,123,1
181,208,1
59,125,5
31,82,1
77,189,2
27,100,3
10,203,2
58,244,2
23,172,2
15,7,1
110,77,4
128,118,4
185,105,3
164,170,5
114,103,2
77,157,2
197,65,3
32,133,1
90,33,5
116,242,4
191,33,2
83,7,1
187,74,2
126,123,2
164,51,3
67,143,1
85,100,2
183,131,5
56,11,4
82,134,5
59,190,5
61,171,1
16,112,3
163,19,3
125,46,2
139,112,2
190,196,4
91,178,4
184,108,4
150,199,2
17,170,2
126,28,5
53,186,4
102,48,4
8,183,1
111,213,1
175,106,3
40,32,1
18,40,1
81,103,1
32,72,5
188,223,2
124,190,5
155,73,5
32,175,5
55,83,4
31,133,2
28,136,1
95,44,2
187,2,3
125,200,2
133,55,2
39,21,4
129,126,3
198,224,2
43,22,3
117,21,1
145,24,1
202,27,4
54,137,1
73,188,1
62,56,3
189,2,2
197,35,4
186,103,4
13,136,2
147,107,1
5,160,4
34,47,1
80,65,2
13,202,2
90,144,1
99,245,1
114,210,5
84,100,5
38,137,3
35,131,4
200,123,5
32,68,2
12,85,5
137,232,2
206,95,5
110,14,2
108,139,4
132,119,4
133,188,4
88,80,2
115,20,4
127,58,5
169,7,5
8,173,1
38,146,5
141,78,1
50,52,5
169,39,2
55,37,3
157,12,3
154,139,1
175,199,3
9,164,5
119,112,5
174,170,2
11,162,2
177,134,2
47,155,5
155,92,1
175,132,2
168,171,1
115,28,1
115,137,5
57,142,5
106,216,1
23,13,5
119,36,5
23,229,3
139,186,5
35,169,2
199,202,3
163,236,1
142,195,1
178,46,2
176,202,1
163,98,5
200,182,4
15,153,5
161,244,1
177,132,3
117,33,4
102,218,5
45,184,4
168,47,1
51,167,4
97,164,3
43,66,4
119,190,1
139,157,5
48,125,5
157,114,5
130,113,2
120,67,3
30,186,1
42,225,4
28,186,3
160,167,1
129,75,4
189,189,2
6,121,1
188,123,5
184,126,1
41,216,2
138,3,1
91,101,4
46,236,5
140,217,2
149,128,5
83,16,4
8,222,3
69,93,2
86,155,5
82,151,3
140,163,5
45,235,2
150,236,3
84,202,2
175,140,5
33,95,3
89,105,5
64,4,3
195,247,1
186,184,5
172,6,3
194,155,1
38,82,3
19,67,4
157,168,5
204,9,1
40,45,4
4,58,1
193,33,4
188,183,2
113,83,2
99,183,5
2,167,2
97,131,3
177,53,3
67,59,3
82,44,4
51,155,4
175,35,4
9,234,5
14,157,4
62,155,1
65,60,2
143,23,2
127,131,2
64,17,4
35,68,4
105,178,3
5,222,3
102,43,5
15,10,4
163,235,2
5,231,5
1,184,4
56,41,2
85,72,3
57,155,1
16,12,1
123,226,3
106,144,2
36,144,3
117,164,5
85,55,4
159,132,4
155,201,1
114,199,5
183,89,4
16,239,3
44,36,4
159,110,1
165,220,4
177,13,2
135,84,5
111,123,2
139,164,5
81,57,5
94,150,5
155,96,4
105,107,3
190,66,3
32,49,1
155,54,5
191,81,4
84,152,3
135,201,3
105,43,3
20,206,5
100,53,1
103,63,5
110,60,2
45,132,5
193,202,1
139,7,1
31,190,5
27,151,2
55,193,1
144,162,1
99,87,1
92,232,4
180,196,1
24,173,1
45,22,2
174,71,5
129,22,4
66,27,1
47,184,2
9,127,3
64,217,4
17,154,5
14,137,5
142,61,4
42,76,1
186,143,2
68,87,2
97,209,1
139,109,5
138,201,1
136,94,4
59,94,5
78,168,5
191,21,4
161,75,5
16,168,3
122,28,5
150,105,1
192,151,2
47,155,1
33,134,3
167,118,3
18,85,4
49,21,2
72,12,2
103,165,4
196,191,5
17,157,3
163,138,1
152,177,2
48,39,1
123,173,5
28,21,1
203,135,5
59,120,2
143,164,2
78,220,2
174,235,4
149,202,4
61,56,3
185,151,5
183,144,5
155,192,2
96,170,3
152,82,5
201,86,3
140,27,5
47,66,1
87,188,2
1,167,3
9,118,1
89,59,4
197,19,2
156,70,5
81,3,1
155,15,5
85,217,4
79,103,5
88,235,5
90,46,3
29,7,3
79,121,2
15,40,2
61,46,5
129,5,1
91,95,2
136,61,5
84,147,2
127,101,1
11,63,4
93,111,5
41,103,1
38,153,3
158,61,1
153,110,4
161,38,5
177,184,3
169,206,1
164,87,5
61,81,5
83,187,3
62,27,3
174,15,5
22,110,4
128,46,5
113,119,2
207,223,4
44,92,4
121,106,1
190,24,3
95,49,4
72,128,4
90,155,4
186,133,3
114,182,2
64,84,3
97,93,3
49,201,3
27,204,4
67,28,3
94,226,2
93,33,1
10,13,4
137,235,1
186,72,1
146,114,2
52,44,3
168,56,4
169,115,2
155,137,3
82,102,4
51,181,2
127,202,2
145,32,1
196,106,2
174,99,1
170,158,4
151,160,4
79,218,3
133,219,1
96,212,5
106,192,4
173,249,2
11,98,2
54,60,3
44,234,4
94,187,3
162,144,1
108,109,2
37,21,1
149,205,3
189,50,4
74,122,4
95,215,1
112,27,1
20,132,1
102,7,4
123,218,1
178,222,2
45,204,5
24,245,4
93,160,1
169,213,4
75,195,5
104,247,4
192,189,5
199,180,3
108,65,4
155,124,2
144,163,2
92,40,2
64,22,4
20,111,3
5,97,1
57,40,4
102,218,3
28,75,4
10,64,2
74,162,3
35,114,5
190,118,4
8,114,3
35,65,1
148,200,3
151,74,4
90,147,1
103,125,1
107,182,2
13,229,2
16,220,4
56,102,5
197,53,5
87,113,4
33,120,4
153,105,2
193,102,1
141,8,1
4,170,2
18,99,4
157,89,3
168,126,2
134,219,4
7,233,2
34,242,1
20,211,4
59,69,2
80,35,4
28,68,2
153,76,1
172,207,2
81,165,2
165,98,2
3,221,2
59,245,5
192,76,2
122,11,2
15,33,5
143,179,5
172,243,2
105,6,2
66,147,5
92,79,2
5,242,5
201,63,1
46,53,4
104,145,4
28,111,5
63,232,3
137,17,4
175,181,4
75,230,2
53,66,4
75,78,5
120,16,5
30,89,5
174,75,3
130,25,4
129,198,3
56,124,4
197,202,1
20,169,1
146,22,3
42,179,4
26,12,2
98,31,4
37,142,4
143,89,4
101,133,4
127,175,1
144,211,2
155,83,2
148,147,1
34,72,5
2,128,2
58,34,4
34,15,5
170,99,2
22,208,5
87,214,5
95,189,1
190,110,2
56,21,1
40,141,5
137,64,4
161,149,5
148,159,3
45,187,2
109,126,3
122,204,3
167,119,5
166,147,4
87,115,2
112,174,3
41,132,2
149,21,5
18,180,2
9,88,4
30,98,3
98,221,2
41,38,3
98,201,2
198,168,3
79,6,2
20,230,5
105,173,2
52,199,3
53,146,4
6,173,3
144,149,1
189,69,5
21,2,4
157,216,5
186,48,4
14,154,3
96,186,3
54,26,5
81,164,4
25,190,2
46,85,3
47,234,2
189,24,1
53,173,2
129,165,5
4,42,2
142,78,4
173,5,2
65,1,3
65,96,5
187,148,2
170,62,3
207,176,4
105,20,4
81,230,2
38,240,1
37,59,1
198,161,4
85,152,1
65,79,5
16,235,5
17,3,1
147,213,3
176,24,4
64,93,2
35,106,4
169,129,1
85,174,1
166,216,1
103,27,4
85,139,5
96,51,5
51,9,2
97,214,2
158,208,5
25,95,4
189,56,4
198,39,2
133,77,2
153,36,1
84,162,2
187,234,4
83,9,1
143,237,3
189,1,1
85,56,1
162,13,2
165,39,1
162,40,5
154,35,5
26,144,4
191,161,2
62,47,3
169,193,5
143,191,3
196,42,4
23,57,5
194,158,4
32,8,3
97,227,5
37,38,5
141,15,3
143,84,4
83,125,5
56,190,4
168,208,1
69,148,4
199,241,4
27,138,1
63,47,5
15,40,4
41,192,1
56,10,4
104,21,4
91,239,5
115,60,4
23,178,5
140,60,3
70,164,2
86,47,4
21,170,5
17,55,4
153,99,1
27,49,1
140,37,5
139,164,2
54,9,2
137,221,5
39,206,2
117,44,3
112,223,5
136,215,1
116,119,3
124,218,3
173,175,1
32,114,3
125,240,1
2,234,3
135,30,5
18,220,2
141,17,5
154,38,5
19,11,5
15,202,4
42,69,4
195,101,5
145,16,3
44,129,1
136,207,1
66,65,1
149,11,5
176,48,1
87,105,3
175,195,3
144,167,4
21,74,2
196,88,1
4,131,1
79,170,2
62,7,4
134,166,1
114,92,4
172,210,3
43,170,4
26,188,5
140,140,5
9,216,4
206,168,4
68,104,1
91,249,3
5,60,5
2,232,3
192,180,2
85,25,2
168,27,2
88,223,4
150,198,5
30,191,2
49,53,4
136,126,3
161,182,4
82,134,3
37,11,5
54,198,1
36,216,2
193,150,4
118,202,2
160,153,5
152,16,1
139,230,2
6,110,1
3,14,2
88,208,3
62,98,4
110,31,4
156,83,4
186,160,2
107,235,3
33,18,4
100,34,2
37,14,4
45,24,3
63,198,3
15,34,5
78,147,1
145,206,2
20,52,4
7,194,4
140,167,5
149,75,3
43,108,1
122,245,3
126,65,4
189,16,4
59,194,2
75,116,3
152,146,3
136,70,3
106,193,2
54,48,1
158,15,2
122,106,2
14,105,3
66,26,5
40,41,3
119,66,2
55,217,1
37,219,2
184,43,4
35,58,5
51,162,1
123,101,4
106,74,5
29,61,1
133,151,4
81,137,5
55,216,5
106,238,4
144,115,2
203,80,3
113,150,2
69,206,1
22,231,3
126,165,3
60,69,2
42,90,3
45,50,3
43,134,4
167,31,1
101,14,3
103,114,5
111,163,5
71,209,5
140,135,1
118,197,5
102,211,5
49,123,2
108,4,2
85,98,2
160,55,3
164,94,1
93,70,1
78,145,1
123,235,2
121,96,5
114,221,4
130,31,2
11,81,4
204,17,5
195,89,5
134,4,5
84,116,5
23,196,5
83,3,2
101,218,2
106,237,4
89,216,4
50,169,5
7,176,3
33,35,5
120,247,2
43,121,4
141,71,4
66,151,2
133,84,2
87,72,1
197,199,1
48,32,3
180,204,1
206,5,5
9,131,5
13,163,2
76,13,2
97,25,3
15,116,2
158,107,2
111,1,5
90,26,3
96,142,3
127,78,4
44,145,2
198,41,1
171,4,5
125,164,2
125,23,1
29,212,2
74,215,4
48,87,2
148,85,2
92,215,5
97,7,4
82,1,1
22,195,5
7,116,5
57,224,1
36,53,5
42,194,2
98,117,4
123,177,5
50,8,3
80,22,2
112,12,1
207,74,4
193,164,2
173,35,5
91,27,1
98,232,2
80,26,3
89,75,4
189,162,4
157,147,2
78,170,2
70,77,3
158,203,1
132,67,3
14,14,5
69,29,5
137,6,4
159,150,2
23,238,3
72,61,3
181,80,4
29,3,5
133,218,3
36,25,4
134,1,1
131,230,1
111,175,4
24,47,1
116,32,4
196,175,1
28,132,1
102,43,2
118,223,4
41,71,5
35,224,3
204,113,1
170,221,1
21,215,5
75,11,3
70,131,3
72,90,5
118,150,2
152,83,5
163,223,4
103,23,2
87,132,1
18,60,4
123,25,5
11,6,3
112,51,2
207,219,2
100,48,1
180,205,1
200,102,1
30,78,4
37,180,1
180,233,4
56,48,2
39,247,4
31,183,3
84,224,4
32,201,2
95,116,4
21,72,1
29,203,5
145,29,2
195,101,3
116,152,4
196,159,3
78,97,2
82,89,5
4,52,5
193,82,5
203,68,3
84,192,5
193,87,3
133,39,1
119,65,3
142,155,3
17,47,2
143,215,3
51,119,4
21,231,5
155,139,2
177,156,1
71,22,2
88,71,1
11,29,4
69,78,4
1,223,4
151,237,1
171,12,3
33,100,1
194,96,5
40,187,4
144,42,2
75,227,2
73,69,3
118,202,4
11,193,1
47,236,1
148,23,1
185,155,3
194,61,5
65,134,1
199,221,3
177,234,2
206,65,2
190,185,2
53,240,5
130,17,2
7,43,4
21,108,3
35,115,5
80,205,1
178,88,4
53,114,4
88,27,4
65,109,1
159,163,4
5,4,3
78,147,1
30,139,4
192,181,4
147,174,4
17,8,5
93,106,1
15,147,3
12,129,3
89,183,4
70,92,1
87,159,5
141,229,2
27,108,1
118,233,2
87,91,1
48,4,2
76,139,3
190,41,4
68,52,4
36,229,2
167,151,3
201,172,4
71,25,3
43,59,4
171,164,2
1,190,3
130,173,5
31,144,1
49,106,3
27,19,4
89,179,5
155,57,2
22,203,1
109,58,3
97,159,1
1,180,2
43,245,4
110,199,1
176,122,4
128,145,4
109,182,5
99,240,5
127,13,1
95,158,1
75,142,5
11,247,4
44,4,5
90,158,4
31,197,5
25,104,3
98,152,3
65,146,5
155,90,1
39,88,5
32,74,1
66,244,3
153,60,3
110,20,3
147,182,2
144,100,1
124,46,1
96,203,4
126,233,4
198,95,1
164,201,1
54,205,4
77,159,4
34,199,1
38,169,5
17,193,1
5,154,5
190,63,3
152,3,3
84,218,3
39,88,3
63,158,4
24,31,3
189,163,3
102,18,3
110,166,5
150,218,5
126,23,4
76,54,1
12,126,1
106,173,2
78,141,5
25,7,5
53,84,3
57,181,5
105,53,1
98,157,1
20,246,1
156,80,4
202,112,2
24,50,1
82,97,5
130,177,5
5,14,4
112,59,5
108,124,2
63,208,4
20,139,3
153,48,1
11,117,1
164,223,4
117,39,4
88,10,2
134,108,5
161,3,4
207,113,2
199,52,1
12,47,3
7,232,5
173,30,2
199,190,3
39,182,4
203,25,2
132,46,2
140,74,2
191,97,3
87,6,5
159,224,4
107,180,3
120,70,4
59,241,5
66,60,4
27,182,2
172,225,2
164,164,5
59,152,4
39,151,5
190,150,5
28,143,3
126,149,2
76,50,5
143,94,4
37,218,2
94,73,4
13,37,1
53,72,1
155,174,5
82,46,5
17,211,1
34,147,4
117,220,5
197,18,2
81,11,2
150,193,4
33,214,4
64,222,4
8,219,4
59,224,2
45,200,5
57,3,2
147,95,1
42,103,3
108,90,2
200,227,4
167,196,5
105,128,2
88,223,2
145,192,2
147,224,3
138,62,3
32,140,2
176,158,5
86,134,4
165,16,1
63,55,1
30,84,1
175,127,2
133,240,2
126,193,5
158,19,4
180,32,2
81,219,2
85,67,2
130,153,5
75,222,2
188,110,2
81,98,5
143,41,4
107,211,1
45,85,1
136,28,2
29,197,5
164,95,3
159,47,1
17,51,3
12,62,1
80,88,3
147,237,5
64,117,2
136,95,5
196,164,2
47,118,4
156,239,1
120,47,1
116,37,3
42,77,1
184,109,2
85,131,3
150,213,4
10,51,2
68,201,2
60,155,1
169,133,2
200,166,1
169,195,3
207,19,4
177,142,4
153,63,3
73,129,3
69,59,2
72,71,3
186,55,4
2,149,4
1,110,5
153,57,4
81,198,2
33,186,1
175,104,1
82,239,4
87,31,4
10,115,2
66,148,5
105,106,3
156,111,1
44,30,3
130,193,3
31,146,1
195,78,3
153,67,3
58,216,3
49,135,2
146,53,5
41,106,3
7,57,3
32,171,5
79,188,3
73,249,2
180,183,4
163,95,5
31,152,2
170,122,4
120,70,3
2,25,2
138,62,3
81,100,3
66,112,3
7,86,1
177,53,2
27,130,4
146,164,3
26,86,1
180,149,3
68,73,5
195,60,2
18,75,2
84,186,2
47,137,5
179,16,5
82,59,5
135,26,5
68,237,3
135,167,5
23,32,2
170,33,3
168,156,3
122,210,1
190,46,1
112,180,3
67,249,1
62,193,4
146,57,4
182,202,3
125,148,5
154,115,5
201,236,5
206,199,5
5,176,2
58,147,3
172,125,3
53,21,3
175,145,5
38,184,4
199,72,5
167,146,5
34,239,1
195,79,2
181,123,3
148,111,5
46,113,2
134,58,1
59,197,4
127,243,3
177,232,2
63,52,2
44,36,1
96,61,4
197,21,3
93,106,2
88,13,5
92,161,5
99,242,1
162,80,5
47,241,4
116,170,2
87,227,1
86,170,3
207,74,3
66,170,5
53,206,5
78,116,3
125,39,3
132,54,5
142,42,2
106,86,4
25,221,5
54,171,5
113,138,5
128,132,1
97,104,2
37,86,4
109,11,3
145,83,3
36,99,3
137,144,3
186,65,5
1,122,1
164,119,5
192,108,4
123,55,3
162,91,4
68,43,2
15,123,1
64,119,4
82,201,1
36,97,3
104,235,5
74,121,1
133,73,3
160,241,1
167,8,1
37,89,4
43,195,4
56,7,5
72,180,5
161,194,4
189,143,1
168,50,3
150,152,2
77,30,5
44,76,4
96,99,4
25,135,5
62,36,1
12,143,3
148,128,3
96,148,4
205,153,2
99,173,5
6,237,4
99,150,5
66,206,4
155,86,5
180,49,4
164,192,4
105,134,4
95,40,1
113,167,5
137,167,1
83,188,5
116,177,2
205,136,2
119,48,5
182,191,1
30,77,4
18,112,4
107,214,3
45,2,1
104,111,1
25,54,2
40,133,2
27,76,4
101,149,2
108,82,3
123,8,1
82,75,1
140,212,3
119,209,1
88,176,4
110,108,2
168,42,4
200,71,3
127,222,1
7,144,1
168,233,2
107,150,1
82,124,2
109,1,4
6,22,3
139,232,3
46,206,1
74,10,5
186,240,2
28,146,4
56,205,2
107,7,5
187,10,4
184,194,1
159,169,4
181,110,5
54,204,2
176,48,4
30,70,4
83,77,5
138,215,3
86,246,1
60,20,1
173,118,5
6,85,1
152,98,3
199,105,4
101,216,4
111,145,4
143,245,2
42,19,3
118,150,1
101,71,3
190,161,4
97,164,1
24,207,4
10,89,5
12,209,3
200,31,4
23,60,4
164,73,2
83,96,5
170,184,5
32,58,4
205,44,4
11,50,1
117,72,3
169,39,1
119,31,5
146,128,4
113,242,3
7,111,5
143,142,5
163,10,1
84,21,1
62,246,2
161,56,3
67,58,1
193,212,3
68,166,5
1,16,3
124,86,2
142,86,3
131,238,4
66,65,1
153,225,5
124,79,3
131,163,3
21,130,3
201,45,4
194,81,3
107,83,5
75,100,5
197,179,3
73,46,2
32,17,3
51,102,2
166,77,5
90,34,3
23,163,3
12,75,1
15,183,3
51,185,1
49,243,1
140,217,5
75,123,2
15,144,2
88,63,2
65,199,4
161,2,4
48,211,1
54,98,5
166,124,4
200,73,2
164,17,3
38,223,1
37,160,3
154,102,2
12,46,2
177,80,1
81,147,3
149,229,4
67,143,4
63,20,5
173,38,4
192,123,1
32,180,1
112,195,4
43,81,3
33,81,3
72,220,2
14,87,3
28,120,4
3,178,3
173,43,5
112,92,2
159,91,3
177,31,1
31,38,4
149,102,3
111,2,2
167,195,5
6,51,1
10,237,4
104,139,4
20,86,3
148,120,2
15,187,4
112,190,3
10,144,2
60,112,2
143,34,5
55,172,2
175,222,3
71,228,4
188,72,1
165,44,4
66,13,2
173,183,5
85,113,2
202,126,1
111,92,3
3,119,2
164,246,5
145,110,5
147,17,1
183,219,4
14,246,3
113,92,4
194,48,5
51,123,3
167,70,1
158,183,5
109,173,2
32,92,5
172,187,2
143,92,4
74,96,4
7,201,1
176,56,4
42,107,4
109,217,1
108,139,4
67,4,1
1,206,2
2,168,4
81,88,1
77,123,1
203,141,1
35,103,5
87,206,2
75,147,3
194,28,3
71,7,2
99,234,2
125,22,4
184,2,5
118,125,3
164,166,2
87,232,5
119,47,5
202,242,4
70,26,4
111,203,1
138,8,1
47,170,2
199,29,3
2,71,1
47,191,4
85,215,4
198,127,4
61,51,4
92,53,3
89,174,4
194,137,4
100,231,1
114,111,3
82,30,5
50,29,5
43,86,2
73,199,4
20,52,5
200,248,5
173,71,5
167,165,2
160,132,2
95,30,2
113,246,3
53,47,1
110,95,2
81,197,2
33,151,5
112,3,3
33,99,5
123,224,3
172,239,4
91,91,3
175,14,5
106,67,5
57,202,4
73,157,4
4,80,5
79,219,2
85,207,2
109,9,4
203,62,2
36,179,2
73,119,5
29,42,5
188,50,2
27,181,4
71,43,5
188,95,5
109,73,2
29,79,1
83,224,4
173,198,3
181,241,3
33,35,4
13,58,3
146,93,2
14,30,5
127,90,5
105,230,2
72,79,5
203,26,3
183,30,4
43,209,3
138,69,4
106,33,3
97,23,3
133,81,1
22,39,5
160,50,4
171,137,4
89,193,4
97,95,5
155,179,4
195,15,4
126,198,3
57,182,3
46,141,5
146,218,5
32,87,5
172,129,4
166,227,2
98,29,2
135,177,3
32,140,5
155,54,5
65,173,4
51,187,5
117,166,4
16,141,4
26,151,4
179,173,5
36,67,3
24,91,5
31,23,2
202,203,5
52,171,2
130,8,3
6,113,1
142,244,3
82,52,2
170,239,4
188,49,3
64,230,4
189,247,3
13,231,4
54,202,5
139,119,5
111,234,2
78,187,1
97,231,5
13,156,5
187,116,3
64,239,5
145,10,5
196,38,3
119,10,1
82,165,4
109,244,5
171,7,3
120,248,4
178,104,4
149,85,2
92,246,5
143,24,1
192,158,3
178,205,3
165,122,3
25,48,1
99,110,4
196,148,4
74,167,3
20,12,3
162,170,3
3,159,4
52,146,5
148,30,2
70,105,2
146,221,1
127,36,5
53,107,5
20,227,2
94,12,5
28,126,4
78,165,2
14,127,1
71,190,2
113,230,1
175,178,3
166,8,1
184,18,3
59,62,2
127,159,3
138,45,3
198,206,1
50,153,5
128,155,2
163,42,2
142,80,5
20,159,5
153,7,5
93,102,3
163,60,3
90,246,2
99,185,1
25,65,2
69,118,2
110,77,4
156,236,2
93,77,1
66,2,2
157,76,2
80,235,3
42,49,2
17,187,2
28,30,3
167,71,4
27,70,2
31,81,2
66,100,4
68,78,2
75,196,3
67,31,4
2,208,1
197,113,2
159,164,1
20,142,2
141,187,4
37,163,5
74,153,1
24,139,2
139,81,4
98,216,2
88,26,1
121,237,4
12,142,2
36,231,3
20,204,4
138,191,1
165,156,5
192,128,1
64,52,3
161,179,1
166,141,5
35,248,3
7,130,3
150,154,5
171,178,5
28,131,5
179,57,4
40,4,2
32,105,5
206,236,2
30,186,2
3,243,5
40,177,4
159,168,2
165,223,1
105,18,2
107,46,5
1,28,5
114,38,2
128,6,2
96,41,5
134,151,1
104,126,2
123,209,4
203,119,4
191,149,2
66,59,2
95,20,4
35,176,3
51,44,1
62,53,1
9,43,1
35,208,3
141,124,2
161,167,4
36,7,4
135,215,1
13,33,5
79,3,1
119,219,3
44,60,3
66,165,2
75,81,5
169,102,4
181,2,5
188,87,5
191,144,2
53,155,3
130,115,5
30,88,3
119,73,2
10,66,1
51,86,3
147,245,5
116,147,2
33,31,5
201,189,1
80,19,3
199,160,3
79,64,5
5,68,3
95,228,2
113,88,3
187,197,5
150,121,2
158,158,3
199,174,4
121,101,3
32,149,5
157,184,1
106,101,3
93,84,5
74,146,2
96,27,5
46,205,4
4,51,4
99,138,2
139,80,1
117,83,3
82,9,2
140,47,4
46,24,3
101,98,3
109,108,5
179,152,3
58,84,3
110,186,1
36,102,5
96,109,5
88,55,1
47,214,3
55,26,5
131,97,1
44,72,3
153,10,1
119,207,4
2,19,1
134,241,2
36,94,4
99,74,5
8,88,1
76,214,2
176,129,5
103,67,5
34,10,3
161,241,1
6,218,2
182,93,4
142,59,1
71,209,4
49,5,5
12,120,3
32,132,1
159,29,4
150,150,4
37,106,5
190,20,2
9,8,5
125,203,1
183,145,2
194,16,2
78,24,2
22,185,5
177,236,1
189,70,1
3,211,5
53,232,2
92,87,3
84,220,5
85,179,3
130,203,4
70,163,3
7,103,4
31,181,3
84,237,5
155,167,3
15,108,2
178,88,2
47,95,5
37,36,1
126,68,4
173,63,1
47,125,2
27,171,5
84,213,4
139,188,5
145,79,3
102,220,5
174,221,5
129,106,4
135,158,1
155,243,3
117,40,5
140,152,3
164,169,4
33,132,2
184,3,1
128,68,5
52,57,1
62,120,5
139,56,1
191,222,4
1,79,2
128,99,1
137,43,2
154,32,3
186,23,4
19,36,1
8,179,1
121,156,2
85,47,5
181,62,3
128,241,4
135,187,5
8,157,4
96,21,3
55,136,5
151,84,2
4,35,1
96,157,4
24,213,4
200,152,4
95,66,4
153,172,3
72,124,5
138,170,1
106,166,4
8,225,3
112,110,2
110,170,5
59,22,1
94,215,1
93,68,3
9,11,3
69,123,5
180,230,1
169,234,4
68,183,5
197,103,4
153,108,1
13,213,4
134,47,3
166,236,5
124,140,5
97,67,2
175,78,2
117,23,4
12,194,2
50,2,3
81,129,3
18,199,3
17,201,5
72,180,1
180,202,3
52,114,5
131,124,1
50,142,3
63,164,5
102,64,5
134,38,3
171,88,2
37,12,1
162,70,1
116,75,4
184,227,4
136,80,4
129,163,5
128,80,4
193,22,2
66,115,4
150,49,2
171,60,3
151,144,5
184,81,4
85,36,4
22,196,4
57,209,2
132,137,3
136,123,3
78,100,3
4,240,2
71,174,2
187,240,1
43,163,1
83,94,4
137,67,2
198,46,4
38,10,4
199,123,1
81,37,4
103,102,5
46,40,2
52,87,1
108,132,2
130,237,1
61,27,5
62,181,3
115,34,2
183,97,4
196,109,4
143,96,1
112,112,4
131,160,4
147,123,4
184,155,4
88,160,2
9,189,3
49,141,2
152,84,4
167,214,1
197,124,5
63,242,1
95,156,5
17,58,4
128,133,1
103,179,2
132,215,4
195,222,4
206,231,5
67,46,1
184,114,4
26,54,4
166,159,4
94,88,4
122,24,4
88,247,2
186,230,4
113,197,5
116,184,1
194,175,3
142,38,1
6,17,3
86,227,1
55,141,1
72,235,1
96,155,3
48,192,3
10,227,2
166,206,4
77,207,3
183,205,2
158,242,1
79,114,4
102,248,5
130,124,5
169,161,1
73,67,5
112,244,3
18,240,5
13,222,5
46,165,3
205,194,1
25,200,4
36,220,4
189,213,4
20,87,4
172,234,1
138,148,2
141,94,1
163,55,1
121,213,3
128,211,1
7,101,4
12,201,1
107,213,5
29,20,1
106,120,5
207,10,4
102,70,4
83,182,1
203,147,1
84,193,3
125,192,5
11,138,2
113,151,2
4,70,5
19,167,5
160,168,2
28,100,3
100,2,3
123,99,5
138,131,4
179,128,3
160,119,3
183,227,5
151,188,1
62,20,2
73,163,5
52,4,4
113,83,2
95,92,5
144,211,5
97,38,4
198,174,2
104,42,5
194,148,1
7,68,3
134,192,5
76,12,2
89,6,4
167,153,1
33,34,2
14,21,1
203,245,1
24,54,1
116,193,3
199,39,5
30,102,2
104,222,4
133,47,4
146,111,1
159,135,3
26,217,2
72,39,2
65,102,5
77,74,3
181,35,1
130,4,5
148,188,5
34,127,5
204,148,3
102,132,3
132,19,3
178,220,4
206,137,1
47,88,5
67,118,2
3,178,1
117,194,1
37,21,5
95,21,3
192,41,3
181,117,5
12,108,5
3,100,2
162,117,5
178,135,4
146,116,1
205,148,4
106,132,3
70,51,5
19,36,3
153,131,4
201,186,5
126,164,2
36,3,5
137,163,3
143,138,3
28,21,5
138,144,5
54,162,3
145,115,5
4,74,3
30,124,4
20,214,2
65,223,4
121,89,1
88,38,1
24,227,3
12,184,2
85,188,3
80,158,5
174,92,3
56,223,5
161,108,5
11,110,3
75,222,4
86,161,3
29,126,4
30,97,4
72,44,5
121,12,5
114,147,3
144,161,2
178,186,2
24,71,3
48,243,3
204,104,3
150,64,2
115,130,2
135,180,3
117,212,5
19,238,3
4,176,1
70,230,2
205,136,5
173,3,4
29,34,1
143,106,2
185,204,4
61,35,5
192,18,5
46,66,2
183,81,3
4,84,3
29,108,5
28,139,4
58,10,1
65,207,4
181,210,4
17,8,2
68,105,3
202,160,3
115,52,2
21,103,3
154,7,4
78,154,2
42,88,5
10,213,5
67,248,4
60,82,4
143,128,4
190,97,3
67,51,5
178,126,2
196,76,4
134,195,3
119,66,3
94,57,3
110,167,4
40,57,3
169,110,5
170,87,5
29,24,1
38,239,5
93,188,5
153,4,5
29,130,5
54,98,4
66,50,2
97,141,3
28,108,4
116,38,5
200,145,4
13,63,4
130,55,5
170,42,4
72,119,4
116,138,1
52,199,2
128,184,5
43,126,4
122,10,2
186,181,2
59,167,4
71,145,1
96,76,5
196,103,4
174,243,5
113,90,3
93,124,2
124,105,4
181,231,3
74,236,4
114,224,2
189,1,4
87,67,5
163,59,3
63,39,5
103,237,3
98,148,2
75,113,5
47,19,3
18,124,5
1,241,5
134,215,2
186,144,5
123,106,5
114,125,5
152,160,5
117,101,5
198,38,2
127,133,3
105,179,4
201,57,2
74,1,3
33,58,2
176,129,3
147,23,2
130,182,4
17,163,5
141,139,2
17,152,1
73,116,2
160,57,1
15,145,4
156,44,1
163,132,3
203,82,1
126,145,1
158,37,1
102,62,2
89,90,3
63,127,5
63,64,3
143,9,4
8,201,3
123,249,2
61,161,2
94,236,3
202,32,2
104,58,4
126,121,3
186,49,5
84,158,4
105,4,5
95,222,1
171,110,1
136,238,2
55,109,4
135,114,3
171,205,5
197,171,2
109,106,3
92,188,1
87,173,2
16,194,2
157,39,1
179,121,1
136,187,2
183,27,3
171,60,1
37,93,1
64,36,3
111,188,1
186,206,4
87,9,5
151,227,1
159,163,5
79,77,5
41,248,3
91,28,5
161,218,5
162,191,3
132,219,2
140,24,2
111,157,5
76,223,4
154,101,2
17,237,5
137,29,1
11,249,4
203,218,1
84,220,4
112,121,5
117,240,4
195,69,1
179,66,1
207,4,2
174,67,2
202,16,4
39,24,4
133,40,2
188,165,4
89,229,4
133,205,1
119,19,2
85,125,3
85,9,1
198,127,4
136,97,4
146,42,1
54,20,3
35,236,2
13,153,2
116,17,1
141,74,5
189,180,5
71,45,4
133,14,2
47,139,3
124,28,4
8,111,3
179,125,4
186,90,4
169,111,2
170,144,5
50,145,3
28,24,5
5,47,4
67,236,4
48,199,1
17,156,4
58,214,2
100,109,3
100,48,4
180,17,3
163,128,5
130,58,1
106,103,5
36,215,4
90,157,3
15,42,3
163,175,3
49,147,3
181,202,2
188,55,4
70,80,2
110,31,4
49,209,3
21,168,4
81,91,2
120,119,4
136,74,3
169,25,1
15,242,4
5,22,2
2,118,3
40,49,3
200,16,1
100,10,2
56,98,5
176,166,4
175,145,5
205,48,3
36,217,1
171,198,2
164,189,2
165,13,1
11,45,5
108,128,3
77,221,3
48,249,2
74,143,2
20,22,3
101,118,4
119,210,2
47,62,4
203,206,4
196,243,4
194,200,1
14,147,2
170,136,5
64,102,4
88,107,1
199,18,3
126,179,2
30,242,3
172,228,5
6,165,3
115,38,5
102,235,5
77,77,1
2,95,1
184,126,2
53,122,5
51,242,5
22,137,5
187,74,2
54,94,5
98,202,3
72,187,1
114,4,4
147,69,1
128,215,1
9,69,4
59,27,2
26,141,2
106,9,3
16,15,4
103,25,4
5,23,2
49,116,1
167,173,5
9,101,1
110,30,4
86,125,2
129,210,5
189,56,1
116,68,2
39,222,4
9,245,2
128,193,1
55,106,4
101,205,3
83,183,2
49,97,4
77,7,2
50,223,4
142,161,4
4,57,2
55,224,2
51,232,4
21,228,4
185,100,4
118,185,1
42,71,4
17,79,3
45,158,1
98,78,4
94,225,4
179,73,4
12,41,2
15,151,5
109,224,3
165,169,5
70,104,1
52,125,1
130,96,1
147,166,4
20,213,2
60,19,1
204,109,1
206,77,4
104,175,5
151,168,4
83,82,2
111,211,3
155,110,3
108,19,3
177,60,2
103,144,3
159,80,4
15,185,5
86,27,1
12,108,5
105,147,4
14,16,4
144,115,3
117,99,5
60,246,2
97,115,1
122,135,4
76,83,5
156,105,3
28,226,4
116,146,2
10,77,1
173,123,3
95,153,4
150,217,4
15,159,5
114,32,2
59,126,1
84,87,4
80,14,3
42,24,1
48,216,2
206,163,2
138,211,5
135,238,4
9,103,3
183,51,1
187,122,5
180,47,5
42,19,5
191,169,1
3,62,1
42,102,4
3,62,1
114,150,5
125,46,3
164,73,3
184,196,4
5,16,1
28,41,1
24,229,3
83,224,5
74,202,3
169,220,2
196,249,4
121,88,4
136,218,1
24,92,5
105,222,4
153,182,1
71,205,3
18,46,1
91,214,5
87,236,5
23,216,4
26,54,2
36,149,3
1,42,3
108,113,1
120,151,2
24,237,2
109,67,3
78,59,4
192,235,4
41,156,3
133,201,2
105,235,1
72,240,5
69,79,5
148,95,5
153,22,2
68,54,1
6,73,4
82,87,5
80,122,4
64,67,3
127,93,2
177,32,3
153,223,1
127,21,4
194,223,2
141,183,1
119,35,3
196,209,3
116,147,3
138,41,5
79,133,3
146,95,4
19,178,3
31,130,3
181,60,4
143,60,1
156,135,3
205,119,4
206,218,5
109,74,5
103,241,1
30,246,1
181,185,4
20,41,3
31,143,1
69,32,5
60,78,4
179,224,5
141,106,5
36,65,5
58,159,3
179,195,1
197,148,1
134,115,5
205,8,2
144,25,1
122,85,1
3,165,4
191,32,3
14,23,2
35,68,1
18,16,1
111,245,4
161,128,4
91,54,2
141,135,5
163,122,3
80,160,4
109,16,2
66,133,3
205,208,5
20,81,5
170,136,3
44,141,3
48,6,3
178,150,2
103,217,5
135,19,4
147,160,1
72,24,2
89,33,5
131,167,5
99,1,1
162,156,4
174,168,4
132,88,4
54,158,2
10,91,4
143,86,5
17,141,1
66,227,2
116,230,4
65,211,4
126,212,3
92,239,4
155,242,1
44,113,1
10,213,4
158,185,2
73,49,2
190,166,3
156,117,4
165,150,4
20,116,3
127,181,5
61,234,1
152,18,1
183,179,3
176,11,4
91,91,5
106,52,5
12,26,5
90,18,3
160,143,5
170,213,3
64,186,4
92,230,2
45,137,1
147,201,5
26,96,1
57,176,4
94,32,5
124,60,2
107,92,5
194,195,5
187,175,5
54,93,3
102,228,2
30,153,5
188,190,5
103,83,1
35,18,4
110,188,4
142,154,5
75,131,4
13,245,5
184,68,5
33,212,5
20,96,3
150,30,5
178,212,5
8,238,1
38,95,2
159,159,2
22,211,3
47,186,5
179,191,2
23,45,1
200,84,4
117,20,3
90,85,5
164,80,4
180,66,4
114,26,4
97,122,2
142,126,3
38,104,4
39,168,1
10,147,2
56,31,3
63,88,1
26,217,1
121,194,4
165,55,2
152,42,3
121,23,1
165,155,3
38,232,4
86,21,4
199,110,1
185,93,2
145,17,5
169,29,4
40,91,3
192,212,2
45,199,2
78,238,5
75,104,1
144,52,5
112,8,2
204,110,5
88,31,3
98,201,1
195,156,2
181,45,4
55,171,3
26,224,2
74,63,2
44,127,4
131,186,2
94,192,5
17,101,2
120,4,2
27,2,5
117,145,5
36,100,1
112,229,5
161,150,1
109,182,4
5,75,1
136,178,1
171,123,2
202,217,3
30,180,1
117,4,5
180,42,2
78,25,1
24,236,3
115,43,4
50,165,2
20,76,5
60,191,5
174,203,1
24,93,3
110,153,1
83,205,5
70,200,2
84,199,5
166,91,4
32,194,4
76,36,5
17,194,2
12,46,3
21,231,2
187,101,3
23,211,3
138,32,5
41,192,3
29,128,4
140,58,5
138,44,3
51,228,5
206,88,2
199,18,4
127,182,3
80,190,4
80,233,4
17,226,5
20,220,5
171,14,5
51,180,4
114,105,4
207,35,2
199,248,3
42,120,4
204,188,5
36,122,4
143,58,5
127,243,3
28,169,3
185,188,4
154,122,5
177,244,2
35,7,2
113,132,5
31,63,2
93,1,4
195,179,1
188,173,2
7,119,2
57,141,2
167,95,3
143,207,1
48,76,2
102,16,5
105,137,1
151,164,1
43,69,4
43,33,3
128,84,2
92,142,2
5,106,2
139,102,4
133,177,5
70,117,2
136,196,1
54,35,1
154,196,1
164,13,1
180,142,1
81,19,3
156,85,4
145,76,4
67,227,4
105,209,4
78,49,5
58,97,5
27,249,2
168,110,3
195,68,4
18,184,4
179,88,5
103,161,4
90,133,4
68,97,1
84,150,2
152,83,5
8,237,5
41,245,2
170,216,5
12,200,1
1,47,1
200,11,3
62,220,3
2,133,3
207,118,2
128,110,1
111,64,3
171,179,4
145,23,1
191,102,1
95,30,5
142,235,1
124,176,1
31,40,5
68,6,5
81,249,2
132,242,2
162,160,2
112,217,1
142,79,1
57,92,3
164,178,3
67,172,2
65,210,5
86,217,1
47,70,5
132,28,1
164,110,4
14,141,1
169,106,4
163,173,2
118,151,3
7,191,5
155,114,4
59,234,5
49,230,2
150,125,1
76,101,5
156,23,2
85,182,4
185,139,2
125,168,5
3,161,3
197,64,2
23,38,2
14,247,3
102,156,3
88,234,3
152,249,5
103,69,3
6,76,2
96,131,5
101,156,3
53,99,3
203,152,3
162,114,1
198,172,4
23,142,4
188,144,3
161,230,5
33,218,1
83,132,3
70,219,3
198,190,4
150,217,3
110,107,5
137,66,5
147,24,3
170,206,4
112,86,4
160,46,2
92,96,2
106,69,4
163,242,4
